<?xml version="1.0" encoding="UTF-8"?>
<kml xmlns="http://www.opengis.net/kml/2.2" xmlns:gx="http://www.google.com/kml/ext/2.2" xmlns:xsi="http://www.w3.org/2001/XMLSchema-instance"
 xsi:schemaLocation="http://www.opengis.net/kml/2.2 http://schemas.opengis.net/kml/2.2.0/ogckml22.xsd http://www.google.com/kml/ext/2.2 http://code.google.com/apis/kml/schema/kml22gx.xsd">
<Document id="DISTRITOS_L">
  <name>DISTRITOS_L</name>
  <snippet></snippet>
  <Folder id="FeatureLayer0">
    <name>DISTRITOS_L</name>
    <snippet></snippet>
    <Placemark id="ID_00000">
      <name>1</name>
      <snippet></snippet>
      <description><![CDATA[<html xmlns:fo="http://www.w3.org/1999/XSL/Format" xmlns:msxsl="urn:schemas-microsoft-com:xslt">
<head>
<META http-equiv="Content-Type" content="text/html">
<meta http-equiv="content-type" content="text/html; charset=UTF-8">
</head>
<body style="margin:0px 0px 0px 0px;overflow:auto;background:#FFFFFF;">
<table style="font-family:Arial,Verdana,Times;font-size:12px;text-align:left;width:100%;border-collapse:collapse;padding:3px 3px 3px 3px">
<tr style="text-align:center;font-weight:bold;background:#9CBCE2">
<td>1</td>
</tr>
<tr>
<td>
<table style="font-family:Arial,Verdana,Times;font-size:12px;text-align:left;width:100%;border-spacing:0px; padding:3px 3px 3px 3px">
<tr>
<td>FID</td>
<td>0</td>
</tr>
<tr bgcolor="#D4E4F3">
<td>COD_DIS</td>
<td>1</td>
</tr>
<tr>
<td>COD_DIS_TX</td>
<td>01</td>
</tr>
<tr bgcolor="#D4E4F3">
<td>NOMBRE</td>
<td>Centro</td>
</tr>
<tr>
<td>DISTRI_MAY</td>
<td>CENTRO</td>
</tr>
<tr bgcolor="#D4E4F3">
<td>DISTRI_MT</td>
<td>CENTRO</td>
</tr>
<tr>
<td>Area</td>
<td>5228245,50873</td>
</tr>
</table>
</td>
</tr>
</table>
</body><script type="text/javascript">
				function changeImage(attElement, nameElement) {
				document.getElementById('imageAttachment').src = attElement;
				document.getElementById('imageName').innerHTML = nameElement;}
			</script></html>
]]></description>
      <styleUrl>#LineStyle00</styleUrl>
      <MultiGeometry>
        <LineString>
          <extrude>0</extrude>
          <tessellate>1</tessellate><altitudeMode>clampToGround</altitudeMode>
          <coordinates> -3.693161585718342,40.40734528634751,0 -3.693010447361673,40.40757015666338,0 -3.692969222224924,40.40761842203827,0 -3.692968756382954,40.40761896537385,0 -3.692835064039188,40.407775352128,0 -3.692560911832776,40.4080028499087,0 -3.691855396243394,40.40843599141055,0 -3.692025186405729,40.40869704971877,0 -3.691939911799042,40.40908206668431,0 -3.692217735922011,40.40970716652978,0 -3.692366342583585,40.41020078564581,0 -3.692649581003269,40.41146828757309,0 -3.692897287204168,40.41263726224366,0 -3.69320155499321,40.41403400707341,0 -3.693441389381868,40.41513464854264,0 -3.693639066740126,40.41588247767633,0 -3.693603972404184,40.41634467212877,0 -3.693480561540265,40.4169415400878,0 -3.693166403408985,40.4184774840816,0 -3.692972277236595,40.41888054029382,0 -3.693089157620999,40.41933533865294,0 -3.691312526853602,40.42314445865987,0 -3.69072044610712,40.4244660726006,0 -3.690455035012098,40.42526236741308,0 -3.691392728908828,40.42548578032341,0 -3.693848991422848,40.42670757519822,0 -3.695121546339204,40.42734390432078,0 -3.695761797894781,40.42764204007293,0 -3.697130541672718,40.42794498351841,0 -3.699410644853263,40.42842590832601,0 -3.701946605023679,40.42897479260296,0 -3.702406307480063,40.4290588519858,0 -3.703644873577481,40.42924087901783,0 -3.705805963792374,40.42960556095991,0 -3.707413324930088,40.42975501428635,0 -3.707715768368809,40.42978282001521,0 -3.708826198049893,40.42988486306718,0 -3.710503589363739,40.43005519986852,0 -3.711861519048218,40.43019424467867,0 -3.713523082844129,40.43036077020741,0 -3.71462954275276,40.43047666935947,0 -3.716228339682096,40.4306476673665,0 -3.716195794920192,40.43060264372182,0 -3.715595782756473,40.42977400889548,0 -3.714527522241798,40.42832105416636,0 -3.714132453993209,40.42778376023283,0 -3.713896944113734,40.42746323049891,0 -3.71317387119655,40.42640714287331,0 -3.712457284112844,40.42536038080008,0 -3.711707728055132,40.4243038169864,0 -3.710894267631769,40.42343412795296,0 -3.710917008734844,40.42342209619683,0 -3.711162838568757,40.42329229750171,0 -3.71172201885109,40.42296372327404,0 -3.713042917613724,40.42218748228236,0 -3.713174757453041,40.42205838047786,0 -3.713331795947802,40.42190452929309,0 -3.713381727517199,40.42182178856517,0 -3.713896283217119,40.42147780341982,0 -3.715504057769823,40.42040291573215,0 -3.715504763069923,40.42040273118657,0 -3.715979394239281,40.42035339992259,0 -3.716802279279571,40.4203421802513,0 -3.718060480160923,40.42028704004018,0 -3.72018931218627,40.42025484807895,0 -3.720195215846385,40.42024472118756,0 -3.720298480289176,40.42006840174967,0 -3.720400005989968,40.4198948867507,0 -3.720699465132996,40.41946941659593,0 -3.721066669197471,40.41911865939077,0 -3.721509930015005,40.4187709399127,0 -3.721842769512389,40.41858039511641,0 -3.722053178397053,40.41845980252531,0 -3.722160745423849,40.41803606642932,0 -3.72237914805328,40.41717496888727,0 -3.722850118962111,40.41533165732553,0 -3.72295386006238,40.41398928970051,0 -3.720495414802156,40.41395245666538,0 -3.719637817421019,40.41393959410239,0 -3.719431977535455,40.41393483726418,0 -3.716939429043724,40.41391607059565,0 -3.717851611322202,40.41207752154376,0 -3.718338020646237,40.41111269478575,0 -3.716770459043329,40.40869762338884,0 -3.715231600747353,40.4080823635358,0 -3.713693111136366,40.40744356806242,0 -3.712048179493903,40.40674405496896,0 -3.711677992972171,40.40666425982958,0 -3.711283174806125,40.40656182122019,0 -3.70991378339444,40.40632986664307,0 -3.709537756547487,40.40627703667141,0 -3.708402911664323,40.4060686706727,0 -3.707097247320561,40.40579963434676,0 -3.706507332347726,40.4056780929472,0 -3.703885832387646,40.40519748519669,0 -3.702972284175718,40.40506294672333,0 -3.702552444526884,40.40506819852728,0 -3.701001504462352,40.40549634137753,0 -3.700984480297538,40.40550104101298,0 -3.700081217060129,40.40573353747502,0 -3.699377309518724,40.40592797504605,0 -3.69794260469326,40.40632753845751,0 -3.697874925626594,40.4063472254612,0 -3.695411106651904,40.40699701534433,0 -3.695288905239122,40.40695234369421,0 -3.694104837242095,40.40727260566783,0 -3.693965754713827,40.40729389018946,0 -3.693903085128993,40.40728516716423,0 -3.69384928177934,40.40725602952224,0 -3.693677073806346,40.40712724135106,0 -3.693227430851558,40.40698569944055,0 -3.693201773536817,40.40719594546383,0 -3.693161585718342,40.40734528634751,0</coordinates>
        </LineString>
      </MultiGeometry>
    </Placemark>
    <Placemark id="ID_00001">
      <name>2</name>
      <snippet></snippet>
      <description><![CDATA[<html xmlns:fo="http://www.w3.org/1999/XSL/Format" xmlns:msxsl="urn:schemas-microsoft-com:xslt">
<head>
<META http-equiv="Content-Type" content="text/html">
<meta http-equiv="content-type" content="text/html; charset=UTF-8">
</head>
<body style="margin:0px 0px 0px 0px;overflow:auto;background:#FFFFFF;">
<table style="font-family:Arial,Verdana,Times;font-size:12px;text-align:left;width:100%;border-collapse:collapse;padding:3px 3px 3px 3px">
<tr style="text-align:center;font-weight:bold;background:#9CBCE2">
<td>2</td>
</tr>
<tr>
<td>
<table style="font-family:Arial,Verdana,Times;font-size:12px;text-align:left;width:100%;border-spacing:0px; padding:3px 3px 3px 3px">
<tr>
<td>FID</td>
<td>1</td>
</tr>
<tr bgcolor="#D4E4F3">
<td>COD_DIS</td>
<td>2</td>
</tr>
<tr>
<td>COD_DIS_TX</td>
<td>02</td>
</tr>
<tr bgcolor="#D4E4F3">
<td>NOMBRE</td>
<td>Arganzuela</td>
</tr>
<tr>
<td>DISTRI_MAY</td>
<td>ARGANZUELA</td>
</tr>
<tr bgcolor="#D4E4F3">
<td>DISTRI_MT</td>
<td>ARGANZUELA</td>
</tr>
<tr>
<td>Area</td>
<td>6462175,91405</td>
</tr>
</table>
</td>
</tr>
</table>
</body><script type="text/javascript">
				function changeImage(attElement, nameElement) {
				document.getElementById('imageAttachment').src = attElement;
				document.getElementById('imageName').innerHTML = nameElement;}
			</script></html>
]]></description>
      <styleUrl>#LineStyle00</styleUrl>
      <MultiGeometry>
        <LineString>
          <extrude>0</extrude>
          <tessellate>1</tessellate><altitudeMode>clampToGround</altitudeMode>
          <coordinates> -3.703885832387646,40.40519748519669,0 -3.706507332347726,40.4056780929472,0 -3.707097247320561,40.40579963434676,0 -3.708402911664323,40.4060686706727,0 -3.709537756547487,40.40627703667141,0 -3.70991378339444,40.40632986664307,0 -3.711283174806125,40.40656182122019,0 -3.711677992972171,40.40666425982958,0 -3.712048179493903,40.40674405496896,0 -3.713693111136366,40.40744356806242,0 -3.715231600747353,40.4080823635358,0 -3.716770459043329,40.40869762338884,0 -3.718338020646237,40.41111269478575,0 -3.717851611322202,40.41207752154376,0 -3.716939429043724,40.41391607059565,0 -3.719431977535455,40.41393483726418,0 -3.719637817421019,40.41393959410239,0 -3.720495414802156,40.41395245666538,0 -3.72295386006238,40.41398928970051,0 -3.722924932273358,40.4123759466674,0 -3.72292482333474,40.41236576712976,0 -3.722918456511343,40.4120130118964,0 -3.722900467593473,40.41197294403715,0 -3.722871125541019,40.41190736057158,0 -3.722764982438266,40.411713608076,0 -3.722611132008237,40.41137889092994,0 -3.721822842567634,40.40850541176741,0 -3.722218864617664,40.40717374253305,0 -3.722261267690549,40.40705023293476,0 -3.72236687598634,40.40674263568636,0 -3.722648639543169,40.40582591379954,0 -3.722742897665076,40.40521775405742,0 -3.722720742513619,40.40454536480363,0 -3.722657590468349,40.4041828729654,0 -3.722579204500184,40.4037851733834,0 -3.722397786078799,40.40256628421052,0 -3.722251581166433,40.40207367862459,0 -3.722218819053678,40.40196316192864,0 -3.721948708478702,40.40133276952339,0 -3.721835398642677,40.40115023086022,0 -3.721708181128477,40.40094534722649,0 -3.721131315811658,40.40051137180108,0 -3.720354569939999,40.40008557495379,0 -3.719989696620794,40.39994892508346,0 -3.719734706717535,40.39989501585276,0 -3.71931621150704,40.39983509447089,0 -3.719007300692496,40.39983007701522,0 -3.718963264029027,40.39983341302253,0 -3.717309893328191,40.39995862844172,0 -3.717073861207183,40.39998090160077,0 -3.716774244578062,40.39999672247023,0 -3.716419776436624,40.39998495253347,0 -3.715901289004865,40.39991879140111,0 -3.714899239190444,40.39966795629465,0 -3.714053408842503,40.39934614740756,0 -3.713447525866053,40.39895924980576,0 -3.713184007248812,40.3987438452458,0 -3.712737202489432,40.39835596346644,0 -3.712164564374087,40.39789074638324,0 -3.711386617335397,40.39733129087747,0 -3.710804236648581,40.39701360536011,0 -3.710294369104457,40.39680069741478,0 -3.70969810622735,40.39655165058554,0 -3.708785669849809,40.39627696871136,0 -3.708228801313986,40.39610929587361,0 -3.707343988055154,40.39589479417095,0 -3.704640740335106,40.39523398075495,0 -3.704399400081609,40.39508481856802,0 -3.703377004970467,40.39445301230325,0 -3.702393329986288,40.39364474501593,0 -3.699556930210582,40.39064639919901,0 -3.698090402457381,40.3890960497329,0 -3.695618591081003,40.38698262233547,0 -3.694637941873029,40.3861690044476,0 -3.692151256870431,40.38410574525237,0 -3.689746062121086,40.38233113487353,0 -3.68948059653214,40.3824863816942,0 -3.689114138829843,40.382657185788,0 -3.688755661848136,40.38279453544519,0 -3.688220762973578,40.38297111105967,0 -3.687453035440863,40.38316338492981,0 -3.686977170452991,40.38327608517681,0 -3.684865791728002,40.38367768776768,0 -3.684310991335434,40.38378953729854,0 -3.683968589693771,40.38388347205528,0 -3.683598175775761,40.38400267345123,0 -3.683349161002333,40.38413939254635,0 -3.683149838195344,40.38427733918723,0 -3.682942827076724,40.3844411635794,0 -3.682726339442842,40.38465063499233,0 -3.682347548699404,40.3851224447829,0 -3.679149242174521,40.38999259773145,0 -3.678717920010212,40.39049990506506,0 -3.678287968257391,40.39090945409468,0 -3.677564981113086,40.39148360059129,0 -3.676444504700022,40.3923316763211,0 -3.675256652232359,40.39326295154658,0 -3.674540750551888,40.39374928823223,0 -3.673519853206427,40.39431424309034,0 -3.673521061962153,40.394317299139,0 -3.674430817687253,40.39657292798124,0 -3.674954826512937,40.39738772026845,0 -3.675051657012117,40.39753814900483,0 -3.675698767315204,40.39821789543299,0 -3.675950476522198,40.39840751042473,0 -3.676294559261493,40.39866649506763,0 -3.676795653412191,40.39895402124282,0 -3.679042373656351,40.40079836542539,0 -3.679601913802292,40.40103589782309,0 -3.679634410853533,40.40105660786745,0 -3.680076087162676,40.40133834269802,0 -3.680610530909304,40.40158718722854,0 -3.681213889141745,40.40186832711227,0 -3.682075124158298,40.40226929869851,0 -3.682292504484004,40.40237036192496,0 -3.682368440154379,40.40235135602813,0 -3.682462461486074,40.40234963084279,0 -3.682511794897757,40.40235699736057,0 -3.682521708725451,40.40235847128421,0 -3.682599449839211,40.40238999546776,0 -3.684635795197371,40.40321645168672,0 -3.684666315401871,40.40322789356791,0 -3.686696468742959,40.40463461581163,0 -3.687788318208357,40.4056295810388,0 -3.68861648341601,40.40638502211048,0 -3.688869450695979,40.40654108555055,0 -3.689161791484671,40.40672132831356,0 -3.689878277262643,40.40712048673429,0 -3.690213140519065,40.40735569863007,0 -3.690251416641709,40.40733006458049,0 -3.690823695244283,40.4077553924392,0 -3.691177848297587,40.40798634297865,0 -3.691396909073691,40.40811016998769,0 -3.691507033141659,40.40814951254056,0 -3.691855396243394,40.40843599141055,0 -3.692560911832776,40.4080028499087,0 -3.692835064039188,40.407775352128,0 -3.692968756382954,40.40761896537385,0 -3.692969222224924,40.40761842203827,0 -3.693010447361673,40.40757015666338,0 -3.693161585718342,40.40734528634751,0 -3.693201773536817,40.40719594546383,0 -3.693227430851558,40.40698569944055,0 -3.693677073806346,40.40712724135106,0 -3.69384928177934,40.40725602952224,0 -3.693903085128993,40.40728516716423,0 -3.693965754713827,40.40729389018946,0 -3.694104837242095,40.40727260566783,0 -3.695288905239122,40.40695234369421,0 -3.695411106651904,40.40699701534433,0 -3.697874925626594,40.4063472254612,0 -3.69794260469326,40.40632753845751,0 -3.699377309518724,40.40592797504605,0 -3.700081217060129,40.40573353747502,0 -3.700984480297538,40.40550104101298,0 -3.701001504462352,40.40549634137753,0 -3.702552444526884,40.40506819852728,0 -3.702972284175718,40.40506294672333,0 -3.703885832387646,40.40519748519669,0</coordinates>
        </LineString>
      </MultiGeometry>
    </Placemark>
    <Placemark id="ID_00002">
      <name>3</name>
      <snippet></snippet>
      <description><![CDATA[<html xmlns:fo="http://www.w3.org/1999/XSL/Format" xmlns:msxsl="urn:schemas-microsoft-com:xslt">
<head>
<META http-equiv="Content-Type" content="text/html">
<meta http-equiv="content-type" content="text/html; charset=UTF-8">
</head>
<body style="margin:0px 0px 0px 0px;overflow:auto;background:#FFFFFF;">
<table style="font-family:Arial,Verdana,Times;font-size:12px;text-align:left;width:100%;border-collapse:collapse;padding:3px 3px 3px 3px">
<tr style="text-align:center;font-weight:bold;background:#9CBCE2">
<td>3</td>
</tr>
<tr>
<td>
<table style="font-family:Arial,Verdana,Times;font-size:12px;text-align:left;width:100%;border-spacing:0px; padding:3px 3px 3px 3px">
<tr>
<td>FID</td>
<td>2</td>
</tr>
<tr bgcolor="#D4E4F3">
<td>COD_DIS</td>
<td>3</td>
</tr>
<tr>
<td>COD_DIS_TX</td>
<td>03</td>
</tr>
<tr bgcolor="#D4E4F3">
<td>NOMBRE</td>
<td>Retiro</td>
</tr>
<tr>
<td>DISTRI_MAY</td>
<td>RETIRO</td>
</tr>
<tr bgcolor="#D4E4F3">
<td>DISTRI_MT</td>
<td>RETIRO</td>
</tr>
<tr>
<td>Area</td>
<td>5466211,19095</td>
</tr>
</table>
</td>
</tr>
</table>
</body><script type="text/javascript">
				function changeImage(attElement, nameElement) {
				document.getElementById('imageAttachment').src = attElement;
				document.getElementById('imageName').innerHTML = nameElement;}
			</script></html>
]]></description>
      <styleUrl>#LineStyle00</styleUrl>
      <MultiGeometry>
        <LineString>
          <extrude>0</extrude>
          <tessellate>1</tessellate><altitudeMode>clampToGround</altitudeMode>
          <coordinates> -3.664094464012126,40.40852328313204,0 -3.663763404218507,40.40917077117685,0 -3.663389659051951,40.40990066491064,0 -3.66291721693036,40.41096292711701,0 -3.662916757001465,40.41096410003141,0 -3.662534277914141,40.41157449153068,0 -3.662487511553616,40.41164908337278,0 -3.661482193235801,40.41325357845072,0 -3.661159456004497,40.41376866791546,0 -3.661053849449361,40.41393728893664,0 -3.66058532843637,40.41469573315099,0 -3.65944206138892,40.41654667401146,0 -3.658971308620908,40.4174426014337,0 -3.658695477181217,40.41867435777414,0 -3.662916637034388,40.41966262461668,0 -3.665024411158183,40.4202082916665,0 -3.668996037440482,40.42119056098111,0 -3.672834997363458,40.42138652286597,0 -3.674388400742209,40.42146083011325,0 -3.675997779175869,40.42154170094138,0 -3.677520161764108,40.42161191681625,0 -3.678931653501728,40.42167310889437,0 -3.678969156236386,40.42167496163714,0 -3.679430007969742,40.42168171825293,0 -3.67996062135256,40.42166283834433,0 -3.681215019589591,40.42142357479168,0 -3.682443077665993,40.42116823594388,0 -3.683097984622795,40.4210617616344,0 -3.684462043413489,40.42083992397517,0 -3.68458596389168,40.42081982263193,0 -3.684752012840478,40.42079280405559,0 -3.685195119588224,40.42071252446166,0 -3.685872485339277,40.42058995353346,0 -3.685924004096241,40.42057901722112,0 -3.688716075984749,40.4199963984307,0 -3.69219123703702,40.41951161324904,0 -3.693089157620999,40.41933533865294,0 -3.692972277236595,40.41888054029382,0 -3.693166403408985,40.4184774840816,0 -3.693480561540265,40.4169415400878,0 -3.693603972404184,40.41634467212877,0 -3.693639066740126,40.41588247767633,0 -3.693441389381868,40.41513464854264,0 -3.69320155499321,40.41403400707341,0 -3.692897287204168,40.41263726224366,0 -3.692649581003269,40.41146828757309,0 -3.692366342583585,40.41020078564581,0 -3.692217735922011,40.40970716652978,0 -3.691939911799042,40.40908206668431,0 -3.692025186405729,40.40869704971877,0 -3.691855396243394,40.40843599141055,0 -3.691507033141659,40.40814951254056,0 -3.691396909073691,40.40811016998769,0 -3.691177848297587,40.40798634297865,0 -3.690823695244283,40.4077553924392,0 -3.690251416641709,40.40733006458049,0 -3.690213140519065,40.40735569863007,0 -3.689878277262643,40.40712048673429,0 -3.689161791484671,40.40672132831356,0 -3.688869450695979,40.40654108555055,0 -3.68861648341601,40.40638502211048,0 -3.687788318208357,40.4056295810388,0 -3.686696468742959,40.40463461581163,0 -3.684666315401871,40.40322789356791,0 -3.684635795197371,40.40321645168672,0 -3.682599449839211,40.40238999546776,0 -3.682521708725451,40.40235847128421,0 -3.682511794897757,40.40235699736057,0 -3.682462461486074,40.40234963084279,0 -3.682368440154379,40.40235135602813,0 -3.682292504484004,40.40237036192496,0 -3.682075124158298,40.40226929869851,0 -3.681213889141745,40.40186832711227,0 -3.680610530909304,40.40158718722854,0 -3.680076087162676,40.40133834269802,0 -3.679634410853533,40.40105660786745,0 -3.679601913802292,40.40103589782309,0 -3.679042373656351,40.40079836542539,0 -3.676795653412191,40.39895402124282,0 -3.676294559261493,40.39866649506763,0 -3.675950476522198,40.39840751042473,0 -3.675698767315204,40.39821789543299,0 -3.675051657012117,40.39753814900483,0 -3.674954826512937,40.39738772026845,0 -3.674430817687253,40.39657292798124,0 -3.673521061962153,40.394317299139,0 -3.673519853206427,40.39431424309034,0 -3.6729243599769,40.39467121947736,0 -3.672043430795847,40.39530850220152,0 -3.671080949828577,40.3964351907242,0 -3.670963092304674,40.39657315328948,0 -3.670396081259374,40.39707274798447,0 -3.670055019223635,40.3973888680053,0 -3.669626696456639,40.39782990690773,0 -3.669257455406619,40.3983236666441,0 -3.668276465923441,40.39963528686472,0 -3.666784620645095,40.40262201676723,0 -3.666694186361404,40.4028920888758,0 -3.666330439627612,40.40386455036418,0 -3.665565417690788,40.40555607926879,0 -3.665210512290011,40.40634019639904,0 -3.665151426625906,40.40645576142467,0 -3.664094464012126,40.40852328313204,0</coordinates>
        </LineString>
      </MultiGeometry>
    </Placemark>
    <Placemark id="ID_00003">
      <name>4</name>
      <snippet></snippet>
      <description><![CDATA[<html xmlns:fo="http://www.w3.org/1999/XSL/Format" xmlns:msxsl="urn:schemas-microsoft-com:xslt">
<head>
<META http-equiv="Content-Type" content="text/html">
<meta http-equiv="content-type" content="text/html; charset=UTF-8">
</head>
<body style="margin:0px 0px 0px 0px;overflow:auto;background:#FFFFFF;">
<table style="font-family:Arial,Verdana,Times;font-size:12px;text-align:left;width:100%;border-collapse:collapse;padding:3px 3px 3px 3px">
<tr style="text-align:center;font-weight:bold;background:#9CBCE2">
<td>4</td>
</tr>
<tr>
<td>
<table style="font-family:Arial,Verdana,Times;font-size:12px;text-align:left;width:100%;border-spacing:0px; padding:3px 3px 3px 3px">
<tr>
<td>FID</td>
<td>3</td>
</tr>
<tr bgcolor="#D4E4F3">
<td>COD_DIS</td>
<td>4</td>
</tr>
<tr>
<td>COD_DIS_TX</td>
<td>04</td>
</tr>
<tr bgcolor="#D4E4F3">
<td>NOMBRE</td>
<td>Salamanca</td>
</tr>
<tr>
<td>DISTRI_MAY</td>
<td>SALAMANCA</td>
</tr>
<tr bgcolor="#D4E4F3">
<td>DISTRI_MT</td>
<td>SALAMANCA</td>
</tr>
<tr>
<td>Area</td>
<td>5392404,09823</td>
</tr>
</table>
</td>
</tr>
</table>
</body><script type="text/javascript">
				function changeImage(attElement, nameElement) {
				document.getElementById('imageAttachment').src = attElement;
				document.getElementById('imageName').innerHTML = nameElement;}
			</script></html>
]]></description>
      <styleUrl>#LineStyle00</styleUrl>
      <MultiGeometry>
        <LineString>
          <extrude>0</extrude>
          <tessellate>1</tessellate><altitudeMode>clampToGround</altitudeMode>
          <coordinates> -3.659399286621599,40.43827304816264,0 -3.659301359254993,40.43893054459731,0 -3.659287552674632,40.43924332647297,0 -3.659231465640251,40.44050301817204,0 -3.659238978926903,40.44068081336495,0 -3.659245257719677,40.44082879483879,0 -3.659310986077159,40.4417395947805,0 -3.659354247178918,40.44213673668363,0 -3.659485053514039,40.44262365038421,0 -3.659751628258368,40.44328429553937,0 -3.66012055447082,40.44394444836417,0 -3.660601525931759,40.44460630292807,0 -3.662665880993973,40.4438939647757,0 -3.664269473557383,40.44331108165383,0 -3.664303429659477,40.44329872435962,0 -3.665276452907993,40.44284241768298,0 -3.666114568337087,40.44237399556149,0 -3.666818295733099,40.44195787237988,0 -3.668448916049868,40.44100504715891,0 -3.669792680833837,40.44022095960596,0 -3.670112541433305,40.44004873368773,0 -3.670488605168437,40.43986362865694,0 -3.670928109793242,40.43968532810332,0 -3.671321027094729,40.43954316402792,0 -3.671826530639652,40.43939317229541,0 -3.672347783454828,40.43926733092289,0 -3.673342494599207,40.43908829887251,0 -3.67446677895046,40.43888822216657,0 -3.674740828650499,40.43883103009594,0 -3.674918665971605,40.43877619102214,0 -3.675140863549053,40.43869777907642,0 -3.675306785073877,40.43862721528696,0 -3.675934438876602,40.43825196834326,0 -3.677033178612296,40.43757660475556,0 -3.677425083814911,40.43741270151535,0 -3.677609492382026,40.43740158831017,0 -3.677619028721686,40.43740101349314,0 -3.678010455638654,40.43739384817757,0 -3.679127171999309,40.43744442037327,0 -3.680501702689313,40.43751835004543,0 -3.681770606188146,40.43758873139009,0 -3.683115722065868,40.43765188630648,0 -3.684194129796573,40.43770263679512,0 -3.685193974860695,40.43774969694616,0 -3.686258461522872,40.4377996971643,0 -3.690717509452989,40.43798455713031,0 -3.689386824702344,40.43609984473716,0 -3.688778388823655,40.43520418586054,0 -3.688757681422566,40.43517376866077,0 -3.688413135162273,40.4330536506363,0 -3.688454996644942,40.43290412275423,0 -3.689036616019676,40.43061966558631,0 -3.689350475373194,40.42938671194455,0 -3.689709659043194,40.42799853152131,0 -3.6900647446164,40.42662614085346,0 -3.690455035012098,40.42526236741308,0 -3.69072044610712,40.4244660726006,0 -3.691312526853602,40.42314445865987,0 -3.693089157620999,40.41933533865294,0 -3.69219123703702,40.41951161324904,0 -3.688716075984749,40.4199963984307,0 -3.685924004096241,40.42057901722112,0 -3.685872485339277,40.42058995353346,0 -3.685195119588224,40.42071252446166,0 -3.684752012840478,40.42079280405559,0 -3.68458596389168,40.42081982263193,0 -3.684462043413489,40.42083992397517,0 -3.683097984622795,40.4210617616344,0 -3.682443077665993,40.42116823594388,0 -3.681215019589591,40.42142357479168,0 -3.67996062135256,40.42166283834433,0 -3.679430007969742,40.42168171825293,0 -3.678969156236386,40.42167496163714,0 -3.678931653501728,40.42167310889437,0 -3.677520161764108,40.42161191681625,0 -3.675997779175869,40.42154170094138,0 -3.674388400742209,40.42146083011325,0 -3.672834997363458,40.42138652286597,0 -3.668996037440482,40.42119056098111,0 -3.665024411158183,40.4202082916665,0 -3.662916637034388,40.41966262461668,0 -3.658695477181217,40.41867435777414,0 -3.659152434263843,40.42146195380788,0 -3.659540493640023,40.42382939748519,0 -3.659652180930828,40.42451092692566,0 -3.660111830260677,40.42693822934928,0 -3.660589040869447,40.42945795132029,0 -3.660809964859236,40.43142156365165,0 -3.660192987282325,40.43393869389106,0 -3.66001831254227,40.43465572797242,0 -3.659903757530687,40.4351188144305,0 -3.659825784294305,40.43558520637528,0 -3.659714668952553,40.43624367961873,0 -3.659690264976801,40.43638877410344,0 -3.659601842101936,40.43692026969004,0 -3.65959148236434,40.43698222079861,0 -3.659399286621599,40.43827304816264,0</coordinates>
        </LineString>
      </MultiGeometry>
    </Placemark>
    <Placemark id="ID_00004">
      <name>5</name>
      <snippet></snippet>
      <description><![CDATA[<html xmlns:fo="http://www.w3.org/1999/XSL/Format" xmlns:msxsl="urn:schemas-microsoft-com:xslt">
<head>
<META http-equiv="Content-Type" content="text/html">
<meta http-equiv="content-type" content="text/html; charset=UTF-8">
</head>
<body style="margin:0px 0px 0px 0px;overflow:auto;background:#FFFFFF;">
<table style="font-family:Arial,Verdana,Times;font-size:12px;text-align:left;width:100%;border-collapse:collapse;padding:3px 3px 3px 3px">
<tr style="text-align:center;font-weight:bold;background:#9CBCE2">
<td>5</td>
</tr>
<tr>
<td>
<table style="font-family:Arial,Verdana,Times;font-size:12px;text-align:left;width:100%;border-spacing:0px; padding:3px 3px 3px 3px">
<tr>
<td>FID</td>
<td>4</td>
</tr>
<tr bgcolor="#D4E4F3">
<td>COD_DIS</td>
<td>5</td>
</tr>
<tr>
<td>COD_DIS_TX</td>
<td>05</td>
</tr>
<tr bgcolor="#D4E4F3">
<td>NOMBRE</td>
<td>Chamartín</td>
</tr>
<tr>
<td>DISTRI_MAY</td>
<td>CHAMARTIN</td>
</tr>
<tr bgcolor="#D4E4F3">
<td>DISTRI_MT</td>
<td>CHAMARTÍN</td>
</tr>
<tr>
<td>Area</td>
<td>9175482,12473</td>
</tr>
</table>
</td>
</tr>
</table>
</body><script type="text/javascript">
				function changeImage(attElement, nameElement) {
				document.getElementById('imageAttachment').src = attElement;
				document.getElementById('imageName').innerHTML = nameElement;}
			</script></html>
]]></description>
      <styleUrl>#LineStyle00</styleUrl>
      <MultiGeometry>
        <LineString>
          <extrude>0</extrude>
          <tessellate>1</tessellate><altitudeMode>clampToGround</altitudeMode>
          <coordinates> -3.673648187854051,40.48245550206311,0 -3.673616278824807,40.48270476029335,0 -3.673524884456446,40.48341799183346,0 -3.673461406299208,40.48405565655839,0 -3.674468460382038,40.48402384901743,0 -3.674947592460791,40.48401087629745,0 -3.675915820204574,40.48399000262997,0 -3.6763631824344,40.48397396661687,0 -3.676639410823835,40.48396424439404,0 -3.677286404514572,40.48393622694097,0 -3.677343126719494,40.48393328192981,0 -3.677395130352911,40.48393054562691,0 -3.677777087543897,40.48391047308635,0 -3.678001573052859,40.48389438351771,0 -3.678028219339005,40.48389251639863,0 -3.67817391461712,40.48387904994583,0 -3.678294150904997,40.48386807505479,0 -3.678350835827656,40.48386143700071,0 -3.678521832542872,40.48384133606184,0 -3.678678996191698,40.48381852332843,0 -3.678993792892618,40.48377244311484,0 -3.679355821481084,40.48370680617572,0 -3.68006486111367,40.48354894988164,0 -3.680225176263238,40.48351107156163,0 -3.680473180852276,40.48345249761958,0 -3.68079816672093,40.48336419063151,0 -3.680941125066155,40.48332524149487,0 -3.681156075379856,40.48326487886403,0 -3.681427147222835,40.48318895893391,0 -3.681909396366238,40.48305323712832,0 -3.682155756697961,40.48298394863211,0 -3.683329382520138,40.48257928139299,0 -3.683620914216925,40.48248539853552,0 -3.683942729309487,40.48239953387991,0 -3.684254120731874,40.48233282901033,0 -3.684526595442584,40.48229130858839,0 -3.684716685522513,40.48228153578208,0 -3.684825646933572,40.48227602626606,0 -3.684867273627855,40.48227388862693,0 -3.685097465804833,40.48228621974252,0 -3.685228382111206,40.48229328231776,0 -3.685151773678398,40.48215031315038,0 -3.685110583858061,40.48198641339834,0 -3.685100012910478,40.48194467454311,0 -3.685078736609966,40.48169687261157,0 -3.685108248293967,40.48143129405758,0 -3.685141404076847,40.48123660241801,0 -3.685256788352389,40.48075938458211,0 -3.685319647389664,40.48052337828631,0 -3.685618459817007,40.47959303821965,0 -3.68639895583876,40.47668879468812,0 -3.687095613595194,40.47424754948202,0 -3.687122484293111,40.47415225513115,0 -3.68754622366712,40.47265875051656,0 -3.687947736618759,40.4712430335685,0 -3.688309054525595,40.469912869196,0 -3.68855045892942,40.46902828151971,0 -3.689065768042922,40.46713990116199,0 -3.689344448398767,40.46603806311682,0 -3.689588967300776,40.46341804927503,0 -3.689749605429949,40.46198673117208,0 -3.689885233089109,40.46057817522619,0 -3.690027373544125,40.45904689920957,0 -3.690306637888783,40.45613744803501,0 -3.690695071785331,40.45212871858031,0 -3.691142746643179,40.44747047499029,0 -3.691258572745283,40.44621494493524,0 -3.691785834694524,40.44125923372793,0 -3.691115909503254,40.43921395312822,0 -3.690717509452989,40.43798455713031,0 -3.686258461522872,40.4377996971643,0 -3.685193974860695,40.43774969694616,0 -3.684194129796573,40.43770263679512,0 -3.683115722065868,40.43765188630648,0 -3.681770606188146,40.43758873139009,0 -3.680501702689313,40.43751835004543,0 -3.679127171999309,40.43744442037327,0 -3.678010455638654,40.43739384817757,0 -3.677619028721686,40.43740101349314,0 -3.677609492382026,40.43740158831017,0 -3.677425083814911,40.43741270151535,0 -3.677033178612296,40.43757660475556,0 -3.675934438876602,40.43825196834326,0 -3.675306785073877,40.43862721528696,0 -3.675140863549053,40.43869777907642,0 -3.674918665971605,40.43877619102214,0 -3.674740828650499,40.43883103009594,0 -3.67446677895046,40.43888822216657,0 -3.673342494599207,40.43908829887251,0 -3.672347783454828,40.43926733092289,0 -3.671826530639652,40.43939317229541,0 -3.671321027094729,40.43954316402792,0 -3.670928109793242,40.43968532810332,0 -3.670488605168437,40.43986362865694,0 -3.670112541433305,40.44004873368773,0 -3.669792680833837,40.44022095960596,0 -3.668448916049868,40.44100504715891,0 -3.666818295733099,40.44195787237988,0 -3.666114568337087,40.44237399556149,0 -3.665276452907993,40.44284241768298,0 -3.664303429659477,40.44329872435962,0 -3.664269473557383,40.44331108165383,0 -3.662665880993973,40.4438939647757,0 -3.660601525931759,40.44460630292807,0 -3.661195053343818,40.44567084688718,0 -3.661476432161482,40.44638338676754,0 -3.661688218119858,40.44698497199154,0 -3.661883689354081,40.44767836186946,0 -3.662155148358569,40.44847194758281,0 -3.66229300250573,40.44895278200273,0 -3.662337323710648,40.44910712439446,0 -3.662582063777876,40.45014509696664,0 -3.662840452693473,40.45137127869009,0 -3.662897362855468,40.45172644933319,0 -3.663127745240494,40.45316171024563,0 -3.663300524252324,40.4543027048904,0 -3.66341870088067,40.45508338144965,0 -3.663806177830872,40.45681602887409,0 -3.664354653216363,40.45853540870309,0 -3.664850561351597,40.45982454641593,0 -3.664937273898472,40.46003035434736,0 -3.667721459129691,40.46538064289802,0 -3.668227858225638,40.46635952288753,0 -3.668406555454722,40.46670425777772,0 -3.671106101796103,40.47024936131624,0 -3.671998961802915,40.47142174950299,0 -3.673248421828635,40.47306241646983,0 -3.673564799891677,40.47374661120851,0 -3.673743249023664,40.47413259980527,0 -3.67408263348643,40.47514638866969,0 -3.674182262917363,40.47544760957383,0 -3.674226300686759,40.47558086639239,0 -3.674332949596925,40.47611213593623,0 -3.674367253104989,40.47641626025251,0 -3.674367383690873,40.47641752074492,0 -3.674388608485433,40.47660523460584,0 -3.67443259109949,40.47720479713794,0 -3.674438393656591,40.47778512214141,0 -3.674404985828386,40.4781851048672,0 -3.674390559620798,40.47835783128342,0 -3.674359158819248,40.47873359968703,0 -3.674232470038099,40.47937271429178,0 -3.674199601947176,40.47956632828689,0 -3.674166851369324,40.47976003167075,0 -3.674077720908565,40.48023829727329,0 -3.674038835487036,40.48042724631969,0 -3.673879802505323,40.48119998689237,0 -3.673709806121951,40.48205187523599,0 -3.673682054547042,40.48219095502413,0 -3.673648187854051,40.48245550206311,0</coordinates>
        </LineString>
      </MultiGeometry>
    </Placemark>
    <Placemark id="ID_00005">
      <name>6</name>
      <snippet></snippet>
      <description><![CDATA[<html xmlns:fo="http://www.w3.org/1999/XSL/Format" xmlns:msxsl="urn:schemas-microsoft-com:xslt">
<head>
<META http-equiv="Content-Type" content="text/html">
<meta http-equiv="content-type" content="text/html; charset=UTF-8">
</head>
<body style="margin:0px 0px 0px 0px;overflow:auto;background:#FFFFFF;">
<table style="font-family:Arial,Verdana,Times;font-size:12px;text-align:left;width:100%;border-collapse:collapse;padding:3px 3px 3px 3px">
<tr style="text-align:center;font-weight:bold;background:#9CBCE2">
<td>6</td>
</tr>
<tr>
<td>
<table style="font-family:Arial,Verdana,Times;font-size:12px;text-align:left;width:100%;border-spacing:0px; padding:3px 3px 3px 3px">
<tr>
<td>FID</td>
<td>5</td>
</tr>
<tr bgcolor="#D4E4F3">
<td>COD_DIS</td>
<td>6</td>
</tr>
<tr>
<td>COD_DIS_TX</td>
<td>06</td>
</tr>
<tr bgcolor="#D4E4F3">
<td>NOMBRE</td>
<td>Tetuán</td>
</tr>
<tr>
<td>DISTRI_MAY</td>
<td>TETUAN</td>
</tr>
<tr bgcolor="#D4E4F3">
<td>DISTRI_MT</td>
<td>TETUÁN</td>
</tr>
<tr>
<td>Area</td>
<td>5374725,25006</td>
</tr>
</table>
</td>
</tr>
</table>
</body><script type="text/javascript">
				function changeImage(attElement, nameElement) {
				document.getElementById('imageAttachment').src = attElement;
				document.getElementById('imageName').innerHTML = nameElement;}
			</script></html>
]]></description>
      <styleUrl>#LineStyle00</styleUrl>
      <MultiGeometry>
        <LineString>
          <extrude>0</extrude>
          <tessellate>1</tessellate><altitudeMode>clampToGround</altitudeMode>
          <coordinates> -3.697636472812841,40.47453854892683,0 -3.697815345865858,40.47454152494749,0 -3.697878764622121,40.47454825911282,0 -3.697999817819454,40.47456113344619,0 -3.698168257663457,40.4745932699516,0 -3.698369394026698,40.47465007426963,0 -3.698505404253565,40.47469474939685,0 -3.698717736561858,40.47478454830682,0 -3.69888109377059,40.47484977826024,0 -3.698988701856481,40.47488579487642,0 -3.699038777129089,40.47490251985092,0 -3.699228806636126,40.47493461521716,0 -3.699440774561666,40.47496639733087,0 -3.699545457192072,40.47497044934335,0 -3.69954616591063,40.47497053514336,0 -3.699717173975769,40.47497715940161,0 -3.699993679102355,40.47497548691339,0 -3.700286120927568,40.47494065524563,0 -3.7005131121809,40.47488540796002,0 -3.700677220231575,40.47482963966604,0 -3.700723770643367,40.47481377196405,0 -3.70091263743947,40.47473389031164,0 -3.701068879273205,40.47463645770693,0 -3.701160421060859,40.47457941626509,0 -3.701255840121024,40.47450964950139,0 -3.701343179770792,40.47444560732627,0 -3.701396379533929,40.47439978927584,0 -3.701483015645315,40.47432484952799,0 -3.701633411205791,40.47418727170177,0 -3.701820750193066,40.47401757765716,0 -3.701821217352125,40.47401712437274,0 -3.702091411597844,40.47377215331979,0 -3.703185624952082,40.47274776503135,0 -3.703191816685855,40.47274196162898,0 -3.703436332229091,40.47251290840053,0 -3.703471299423667,40.47248368764193,0 -3.703748109418841,40.47225209485831,0 -3.703993001595893,40.47210475029125,0 -3.704385712938937,40.47194695585242,0 -3.704609942786729,40.47188838403714,0 -3.704662411927743,40.47187464081517,0 -3.704877930789794,40.47184044577284,0 -3.705213324001313,40.47180840275191,0 -3.707323728856117,40.47160687653193,0 -3.707425556528349,40.4715978759036,0 -3.708545772754844,40.47149913175581,0 -3.710711702190729,40.47130729424042,0 -3.711130694409005,40.471216251849,0 -3.711391606256216,40.47113563951672,0 -3.711623644994112,40.47103529457395,0 -3.711664392438105,40.47101765640351,0 -3.71194857156543,40.47083933255001,0 -3.712087044381842,40.4707260486387,0 -3.71217195254977,40.47065660787939,0 -3.71237042427845,40.47042754918096,0 -3.712422568599061,40.47034984084431,0 -3.712508275388543,40.47022210605753,0 -3.712603497502206,40.47001242111517,0 -3.712638666667137,40.46989121397684,0 -3.712677162060632,40.46973863424112,0 -3.712702962372607,40.4696350523144,0 -3.712719711265631,40.46956783229699,0 -3.7127205112306,40.46956539494537,0 -3.712743824999857,40.46947209855232,0 -3.712790279409229,40.46936956040071,0 -3.71280930101284,40.46932764152606,0 -3.712874459482772,40.4691644477837,0 -3.712957755801501,40.46898735841387,0 -3.713037441611214,40.46887056119155,0 -3.713059744609956,40.46883790125786,0 -3.713167502693736,40.46866516529601,0 -3.713209244424915,40.46860788192141,0 -3.71327761307269,40.4685141272078,0 -3.712771584848763,40.46801328040534,0 -3.711389430888565,40.46626485049953,0 -3.711170844842238,40.46614033769323,0 -3.711012718435942,40.46606689465892,0 -3.710922179233579,40.46600447800713,0 -3.709800777812918,40.46482676749779,0 -3.709422183494012,40.46428034929427,0 -3.709344573101574,40.46415713248426,0 -3.709269006884333,40.46403759495035,0 -3.709106922068895,40.46348579642686,0 -3.708522640218325,40.46259135632091,0 -3.70851074399216,40.46255926721687,0 -3.708490832667337,40.46250524535197,0 -3.708474471640171,40.4624073271339,0 -3.708483621647198,40.46230141564293,0 -3.7085195325238,40.46221678146664,0 -3.708538873408715,40.46217161805542,0 -3.708602548388218,40.46205771468046,0 -3.709032319789695,40.46129147875198,0 -3.709817319557055,40.46008675748377,0 -3.710513734113763,40.45901807024736,0 -3.71150206074612,40.45749362075587,0 -3.71219610819952,40.45646277531458,0 -3.712866912648805,40.45546639313235,0 -3.713126475416968,40.45489578398339,0 -3.713021711754485,40.45461309690256,0 -3.712899841358644,40.45438564928318,0 -3.712788439708552,40.45417795673112,0 -3.712677779378029,40.45391746685497,0 -3.713271727659492,40.45303903203619,0 -3.711941866850908,40.452396227604,0 -3.711729650119095,40.45228996536893,0 -3.710989471315701,40.45112126929344,0 -3.710338417835943,40.45009328329145,0 -3.710290060980969,40.45007015616443,0 -3.710187184011859,40.4500210577392,0 -3.709870444125289,40.44951759444579,0 -3.708969663482157,40.4480855452322,0 -3.708889795628259,40.4479588262667,0 -3.708307460111669,40.44709049832885,0 -3.706778618878171,40.44701516786547,0 -3.706074476590878,40.4469783935435,0 -3.703945603196052,40.44686323778175,0 -3.700938981613679,40.44669965411639,0 -3.700334192352749,40.44666957384702,0 -3.699332646241912,40.44661991661534,0 -3.698660952697623,40.44658535214587,0 -3.697134375885664,40.44650635334877,0 -3.695573675001392,40.4464384568217,0 -3.695010353497449,40.44641200185455,0 -3.691258572745283,40.44621494493524,0 -3.691142746643179,40.44747047499029,0 -3.690695071785331,40.45212871858031,0 -3.690306637888783,40.45613744803501,0 -3.690027373544125,40.45904689920957,0 -3.689885233089109,40.46057817522619,0 -3.689749605429949,40.46198673117208,0 -3.689588967300776,40.46341804927503,0 -3.689344448398767,40.46603806311682,0 -3.689065768042922,40.46713990116199,0 -3.68855045892942,40.46902828151971,0 -3.688309054525595,40.469912869196,0 -3.687947736618759,40.4712430335685,0 -3.68754622366712,40.47265875051656,0 -3.687122484293111,40.47415225513115,0 -3.68886252431366,40.47442902834537,0 -3.688953649346038,40.47450335144381,0 -3.689081319479877,40.47460997893288,0 -3.689229831275163,40.4746895443118,0 -3.689440804489618,40.47469369321287,0 -3.689791721870171,40.47464331412688,0 -3.690233848151328,40.47456013815267,0 -3.690718086223212,40.47447670973234,0 -3.690992074499786,40.47444822713313,0 -3.691273453858217,40.47447339396696,0 -3.691527207228123,40.47453088648427,0 -3.691766860634935,40.47459395919932,0 -3.692027683607381,40.47466212986109,0 -3.692337706738474,40.4747193746585,0 -3.692590965766512,40.4747285797873,0 -3.692843939971035,40.47472166093696,0 -3.693152742982555,40.47467152319716,0 -3.693475589931114,40.47461049052351,0 -3.693742215508157,40.47456600963933,0 -3.694030295137426,40.47454275144366,0 -3.694353796372076,40.47455693717578,0 -3.694684486015465,40.4745817994547,0 -3.695036623898549,40.47463878477374,0 -3.695374945878301,40.47471729255477,0 -3.695705968594951,40.47477431277603,0 -3.696001395865996,40.47478866287363,0 -3.696198165387908,40.47477675803714,0 -3.696380924618418,40.47474475812094,0 -3.696537742836061,40.47470246296233,0 -3.696699824276505,40.474655902557,0 -3.69685121458693,40.4746136396919,0 -3.697040471181377,40.47457105908159,0 -3.697256987423601,40.474540836164,0 -3.697495463864343,40.47453525494637,0 -3.697636472812841,40.47453854892683,0</coordinates>
        </LineString>
      </MultiGeometry>
    </Placemark>
    <Placemark id="ID_00006">
      <name>7</name>
      <snippet></snippet>
      <description><![CDATA[<html xmlns:fo="http://www.w3.org/1999/XSL/Format" xmlns:msxsl="urn:schemas-microsoft-com:xslt">
<head>
<META http-equiv="Content-Type" content="text/html">
<meta http-equiv="content-type" content="text/html; charset=UTF-8">
</head>
<body style="margin:0px 0px 0px 0px;overflow:auto;background:#FFFFFF;">
<table style="font-family:Arial,Verdana,Times;font-size:12px;text-align:left;width:100%;border-collapse:collapse;padding:3px 3px 3px 3px">
<tr style="text-align:center;font-weight:bold;background:#9CBCE2">
<td>7</td>
</tr>
<tr>
<td>
<table style="font-family:Arial,Verdana,Times;font-size:12px;text-align:left;width:100%;border-spacing:0px; padding:3px 3px 3px 3px">
<tr>
<td>FID</td>
<td>6</td>
</tr>
<tr bgcolor="#D4E4F3">
<td>COD_DIS</td>
<td>7</td>
</tr>
<tr>
<td>COD_DIS_TX</td>
<td>07</td>
</tr>
<tr bgcolor="#D4E4F3">
<td>NOMBRE</td>
<td>Chamberí</td>
</tr>
<tr>
<td>DISTRI_MAY</td>
<td>CHAMBERI</td>
</tr>
<tr bgcolor="#D4E4F3">
<td>DISTRI_MT</td>
<td>CHAMBERÍ</td>
</tr>
<tr>
<td>Area</td>
<td>4679185,0674</td>
</tr>
</table>
</td>
</tr>
</table>
</body><script type="text/javascript">
				function changeImage(attElement, nameElement) {
				document.getElementById('imageAttachment').src = attElement;
				document.getElementById('imageName').innerHTML = nameElement;}
			</script></html>
]]></description>
      <styleUrl>#LineStyle00</styleUrl>
      <MultiGeometry>
        <LineString>
          <extrude>0</extrude>
          <tessellate>1</tessellate><altitudeMode>clampToGround</altitudeMode>
          <coordinates> -3.691258572745283,40.44621494493524,0 -3.695010353497449,40.44641200185455,0 -3.695573675001392,40.4464384568217,0 -3.697134375885664,40.44650635334877,0 -3.698660952697623,40.44658535214587,0 -3.699332646241912,40.44661991661534,0 -3.700334192352749,40.44666957384702,0 -3.700938981613679,40.44669965411639,0 -3.703945603196052,40.44686323778175,0 -3.706074476590878,40.4469783935435,0 -3.706778618878171,40.44701516786547,0 -3.708307460111669,40.44709049832885,0 -3.709208597806794,40.4471335388813,0 -3.710446409270424,40.44686333488894,0 -3.712288953763264,40.44639615366004,0 -3.714751360727774,40.44577169430553,0 -3.715519864370724,40.44601865851923,0 -3.71571003973191,40.44609369911274,0 -3.717122062207481,40.44663126782799,0 -3.717270449904449,40.44667971736824,0 -3.717437082986822,40.44671400035433,0 -3.717668224726807,40.44672671149333,0 -3.71800043906499,40.44669636297734,0 -3.718190943727615,40.44666896428568,0 -3.718987869277476,40.44593969096279,0 -3.719583098031732,40.44539472965736,0 -3.719781239332506,40.44521034414392,0 -3.719855498633572,40.44514123410683,0 -3.719886003745081,40.44509365683322,0 -3.719916383120658,40.44503418846242,0 -3.719920541441076,40.44499290137323,0 -3.719925791400041,40.44494340930051,0 -3.719789078280099,40.44375560754253,0 -3.719589185130749,40.44346549838711,0 -3.719165330966161,40.44285047380674,0 -3.718158124998575,40.44096780594565,0 -3.717882983389464,40.44043041267371,0 -3.717651915395366,40.43997887205128,0 -3.717640149415701,40.43993687305252,0 -3.71761748112271,40.4398564723891,0 -3.717596277869432,40.43963651407304,0 -3.717599538175005,40.43949946599768,0 -3.717608480016981,40.43943112224653,0 -3.717634437907519,40.43923321348331,0 -3.718074947298427,40.43663948539036,0 -3.718122903677271,40.43637053889169,0 -3.718270897616311,40.4355416906966,0 -3.718406256478953,40.43477778559603,0 -3.717233377628092,40.43310100022324,0 -3.717269916925708,40.43310014379273,0 -3.717613032861232,40.43309234146189,0 -3.717958765810457,40.43299794434459,0 -3.717608727174528,40.43252074448502,0 -3.717480363420115,40.43234550327786,0 -3.717169691985091,40.43192220277181,0 -3.716992875966624,40.43168041467174,0 -3.716228339682096,40.4306476673665,0 -3.71462954275276,40.43047666935947,0 -3.713523082844129,40.43036077020741,0 -3.711861519048218,40.43019424467867,0 -3.710503589363739,40.43005519986852,0 -3.708826198049893,40.42988486306718,0 -3.707715768368809,40.42978282001521,0 -3.707413324930088,40.42975501428635,0 -3.705805963792374,40.42960556095991,0 -3.703644873577481,40.42924087901783,0 -3.702406307480063,40.4290588519858,0 -3.701946605023679,40.42897479260296,0 -3.699410644853263,40.42842590832601,0 -3.697130541672718,40.42794498351841,0 -3.695761797894781,40.42764204007293,0 -3.695121546339204,40.42734390432078,0 -3.693848991422848,40.42670757519822,0 -3.691392728908828,40.42548578032341,0 -3.690455035012098,40.42526236741308,0 -3.6900647446164,40.42662614085346,0 -3.689709659043194,40.42799853152131,0 -3.689350475373194,40.42938671194455,0 -3.689036616019676,40.43061966558631,0 -3.688454996644942,40.43290412275423,0 -3.688413135162273,40.4330536506363,0 -3.688757681422566,40.43517376866077,0 -3.688778388823655,40.43520418586054,0 -3.689386824702344,40.43609984473716,0 -3.690717509452989,40.43798455713031,0 -3.691115909503254,40.43921395312822,0 -3.691785834694524,40.44125923372793,0 -3.691258572745283,40.44621494493524,0</coordinates>
        </LineString>
      </MultiGeometry>
    </Placemark>
    <Placemark id="ID_00007">
      <name>8</name>
      <snippet></snippet>
      <description><![CDATA[<html xmlns:fo="http://www.w3.org/1999/XSL/Format" xmlns:msxsl="urn:schemas-microsoft-com:xslt">
<head>
<META http-equiv="Content-Type" content="text/html">
<meta http-equiv="content-type" content="text/html; charset=UTF-8">
</head>
<body style="margin:0px 0px 0px 0px;overflow:auto;background:#FFFFFF;">
<table style="font-family:Arial,Verdana,Times;font-size:12px;text-align:left;width:100%;border-collapse:collapse;padding:3px 3px 3px 3px">
<tr style="text-align:center;font-weight:bold;background:#9CBCE2">
<td>8</td>
</tr>
<tr>
<td>
<table style="font-family:Arial,Verdana,Times;font-size:12px;text-align:left;width:100%;border-spacing:0px; padding:3px 3px 3px 3px">
<tr>
<td>FID</td>
<td>7</td>
</tr>
<tr bgcolor="#D4E4F3">
<td>COD_DIS</td>
<td>8</td>
</tr>
<tr>
<td>COD_DIS_TX</td>
<td>08</td>
</tr>
<tr bgcolor="#D4E4F3">
<td>NOMBRE</td>
<td>Fuencarral - El Pardo</td>
</tr>
<tr>
<td>DISTRI_MAY</td>
<td>FUENCARRAL - EL PARDO</td>
</tr>
<tr bgcolor="#D4E4F3">
<td>DISTRI_MT</td>
<td>FUENCARRAL - EL PARDO</td>
</tr>
<tr>
<td>Area</td>
<td>237838267,227</td>
</tr>
</table>
</td>
</tr>
</table>
</body><script type="text/javascript">
				function changeImage(attElement, nameElement) {
				document.getElementById('imageAttachment').src = attElement;
				document.getElementById('imageName').innerHTML = nameElement;}
			</script></html>
]]></description>
      <styleUrl>#LineStyle00</styleUrl>
      <MultiGeometry>
        <LineString>
          <extrude>0</extrude>
          <tessellate>1</tessellate><altitudeMode>clampToGround</altitudeMode>
          <coordinates> -3.657614717449878,40.51171834398803,0 -3.657884818681151,40.51146057876075,0 -3.658598723759895,40.51166877111363,0 -3.659158268508929,40.51359314110532,0 -3.661467167496581,40.51726625013211,0 -3.662870210336326,40.52003297674745,0 -3.666202471327948,40.521113477299,0 -3.666239465366565,40.52112516024953,0 -3.666179751408636,40.52122525639677,0 -3.666067396568833,40.52140325225442,0 -3.665993955397954,40.52156077173094,0 -3.665968340761585,40.52164050751924,0 -3.665938969358069,40.52179727926691,0 -3.665895145505027,40.52201392089927,0 -3.665846039862212,40.52216508749263,0 -3.665715270350077,40.52255078547527,0 -3.665662567703522,40.52274822794951,0 -3.665630949818871,40.52290262247465,0 -3.665624222091531,40.52293331938439,0 -3.665620447496396,40.52295786783156,0 -3.665617851867519,40.52300003808348,0 -3.665623275492619,40.52304062972838,0 -3.665628676365134,40.52307892063327,0 -3.665636422463337,40.52313565363975,0 -3.665655251146863,40.52323923299185,0 -3.665680590387109,40.52333776949278,0 -3.665709436052568,40.52341197079229,0 -3.665775669756499,40.52356713396659,0 -3.665843879264072,40.52369167711143,0 -3.665933412178709,40.52388692430663,0 -3.665945392951476,40.52392298090217,0 -3.665954703160675,40.52398634081123,0 -3.665958614463244,40.52406626494713,0 -3.665960482824346,40.52425503543306,0 -3.665943929013117,40.52447609183407,0 -3.665977808413754,40.52447933526446,0 -3.667651084481212,40.52500770871215,0 -3.670047539206993,40.52472071092458,0 -3.672028915478977,40.52436625491445,0 -3.675066617907107,40.52557541373519,0 -3.67558196148265,40.52611807704256,0 -3.677206649685904,40.52699226833325,0 -3.676527969508735,40.52724497287703,0 -3.675723792748558,40.52838110104038,0 -3.67233715458057,40.53086917485326,0 -3.671014871953477,40.53206305196403,0 -3.669348986400809,40.53434132174023,0 -3.669323681967489,40.53437968125856,0 -3.66951948841614,40.5345080772672,0 -3.669790130320589,40.53469046984731,0 -3.669918364382284,40.53476584867121,0 -3.670049539504367,40.53485812535102,0 -3.670133393300044,40.53492953162782,0 -3.670223021240031,40.53502416435099,0 -3.670337990937108,40.53515882503719,0 -3.670475215485754,40.5353018148932,0 -3.67064608536401,40.53550659392299,0 -3.670711017011678,40.53560281912519,0 -3.670759182809356,40.53570826400222,0 -3.670798301746845,40.53582070721827,0 -3.670839553541815,40.53588605678623,0 -3.670937003786146,40.53605712250612,0 -3.67101068807073,40.53616266592601,0 -3.671107330710357,40.53630454204472,0 -3.671260215463279,40.53648137547447,0 -3.671405969239257,40.53664545664013,0 -3.671537720113122,40.53679482103766,0 -3.671650177711363,40.53695486934006,0 -3.671734394852036,40.53706221948773,0 -3.671843659741923,40.5371799958324,0 -3.671964906015253,40.53729132501322,0 -3.672057457069305,40.53737185299918,0 -3.672180392683177,40.53743238824406,0 -3.672257858735038,40.53745426421781,0 -3.672405255803691,40.53749135906588,0 -3.672635127384458,40.53754138151429,0 -3.672942827171414,40.53760113295741,0 -3.67309539605942,40.53763578422606,0 -3.673185499782587,40.53765695983693,0 -3.673294235371413,40.53769910484692,0 -3.673436431448159,40.53777411006025,0 -3.67367177751479,40.53790308015087,0 -3.67379168719887,40.53797638876664,0 -3.673915956707742,40.5380678418058,0 -3.674084096418315,40.53818838874973,0 -3.674121437905365,40.53822706035186,0 -3.674214428839726,40.53835096080149,0 -3.67426489334576,40.53842747138355,0 -3.674334606906392,40.5385275602084,0 -3.674347068048788,40.53861657342971,0 -3.674383954760197,40.53873691204358,0 -3.674443009727092,40.53890767627922,0 -3.674474497149453,40.53899790812473,0 -3.674527743384737,40.53909773529778,0 -3.674597702284703,40.53921204841259,0 -3.674702699600859,40.53938935044376,0 -3.674743472159041,40.53947212450276,0 -3.674800237966748,40.53960500612197,0 -3.674867813334594,40.53971033673268,0 -3.674988767449994,40.53988724708707,0 -3.675066777741461,40.53998707976528,0 -3.675177905046139,40.5401400405136,0 -3.675296843249643,40.54030948225238,0 -3.675551149252925,40.54068958211231,0 -3.675624143294401,40.54078219339591,0 -3.675718157768824,40.54089520928487,0 -3.675786299399642,40.54095508812297,0 -3.675887974445165,40.54105045394934,0 -3.675950361543775,40.54110594210087,0 -3.675976692065344,40.54112221030255,0 -3.676110357142214,40.54121107445281,0 -3.676298415438077,40.54131031809114,0 -3.676488163920385,40.54141494062351,0 -3.676607680117599,40.54149656373232,0 -3.676705871336105,40.54157328647654,0 -3.676943198563762,40.54177592882915,0 -3.677012666443928,40.54185356642935,0 -3.677259436895626,40.54212304715333,0 -3.677448643898689,40.5423360036656,0 -3.677623754958718,40.54260032814883,0 -3.677694696412635,40.54267907197831,0 -3.677817403919233,40.54281883266241,0 -3.677944879379482,40.54295368603831,0 -3.677977028034012,40.54299628405317,0 -3.67802268896926,40.54311175467453,0 -3.678153198661898,40.54336540329244,0 -3.678168574541312,40.54339635215099,0 -3.678182171738825,40.54344776695402,0 -3.678163441171833,40.54345080387453,0 -3.678740069569915,40.54538181322484,0 -3.678622917693207,40.54650590782175,0 -3.678605128160876,40.54651052844788,0 -3.678617946800928,40.54654204178791,0 -3.678724817927201,40.54673826909249,0 -3.678766601895775,40.54683149493966,0 -3.678795940577683,40.54688726302283,0 -3.678937384793783,40.54710594694439,0 -3.67898638748226,40.54717859551385,0 -3.679030584785212,40.54723498340442,0 -3.679066206692553,40.54726947162024,0 -3.679166432189685,40.54735881332456,0 -3.679302122700756,40.54746706590298,0 -3.679386383349616,40.54753808989536,0 -3.679434365606992,40.54760153812618,0 -3.679562182741421,40.54775727908924,0 -3.679631678662858,40.54783688778768,0 -3.679690964487488,40.54791655650951,0 -3.679833220281163,40.54812319508657,0 -3.679962289827736,40.54831079341199,0 -3.680069994988413,40.54848477434965,0 -3.680132184023853,40.54858887845661,0 -3.680183030872347,40.54866403541281,0 -3.68023838904811,40.54873426677319,0 -3.68030743598491,40.54877656305074,0 -3.68038180356694,40.54880918488438,0 -3.680612168847252,40.54891113967003,0 -3.680811670041925,40.54899674824344,0 -3.681138899583453,40.5492060291737,0 -3.681314235483696,40.54934900262042,0 -3.681437779431507,40.54946038186811,0 -3.681481313178014,40.5495094440099,0 -3.681607437210021,40.54965158927266,0 -3.681733135304633,40.54978522084605,0 -3.681855165122104,40.54992171351569,0 -3.681900107846969,40.54998969475979,0 -3.681943033150075,40.55023821520839,0 -3.681974991173498,40.55035397398585,0 -3.682016562031312,40.55046894268568,0 -3.68210723049142,40.55068195662728,0 -3.682236484113109,40.55081035141212,0 -3.682354065940508,40.55102100445328,0 -3.682431903052243,40.55120180530976,0 -3.682477404812621,40.55132482162604,0 -3.682495193211098,40.55156101485026,0 -3.682336715726158,40.55196629744376,0 -3.682289798120994,40.55208325523311,0 -3.68227831176793,40.55218385902295,0 -3.682201119062264,40.55254096222829,0 -3.682174380776273,40.55265559904163,0 -3.682136952133309,40.55281861877788,0 -3.682120725327322,40.55290602825604,0 -3.682151004068149,40.55290840979208,0 -3.682408389351208,40.55383111372373,0 -3.684931373872064,40.55809416070079,0 -3.685751335625752,40.55964657616907,0 -3.686658445491685,40.56239610496001,0 -3.686968767503707,40.56314884534053,0 -3.687922422953393,40.56495332807643,0 -3.688905039439891,40.56714672211365,0 -3.688955495604215,40.56716530098678,0 -3.688942719699165,40.56719838187485,0 -3.688937502737704,40.56723568695999,0 -3.688939596308766,40.56727741321586,0 -3.68894760926926,40.56734422525025,0 -3.688961588670818,40.56740315502252,0 -3.688985044416786,40.56746492911333,0 -3.689044994116446,40.56761758266505,0 -3.689138721726033,40.56784734923035,0 -3.689218885955096,40.56801771773959,0 -3.689312372872737,40.5682599492751,0 -3.689376242737068,40.56839569311994,0 -3.689422106482121,40.5684906705005,0 -3.68948048368199,40.5685516153567,0 -3.689531720418862,40.56861596939657,0 -3.689560751093506,40.56869066475211,0 -3.689562066778866,40.5688188423924,0 -3.689557839810269,40.56898675495037,0 -3.689557342237792,40.56908318013808,0 -3.689578815144892,40.56947555237893,0 -3.68958879779847,40.56964588364534,0 -3.689599993574951,40.56976014943674,0 -3.689590581764378,40.56985776203416,0 -3.689569526774358,40.56998040033822,0 -3.689530622114974,40.57010314608127,0 -3.689491321462787,40.57018732475248,0 -3.68939654746214,40.57035806140011,0 -3.689445454490174,40.5703470057984,0 -3.689548826726238,40.57032188304323,0 -3.689743029075288,40.57025584582549,0 -3.689876816337659,40.57019545726184,0 -3.690017287752351,40.57011610381017,0 -3.69023436061306,40.56996257072064,0 -3.690317016251449,40.56991133109532,0 -3.690406540196819,40.56983467794819,0 -3.690484106687766,40.56975084681315,0 -3.690563622474112,40.5696253202045,0 -3.690610033152195,40.56951630280718,0 -3.690637380211641,40.56939651401552,0 -3.690661610454757,40.56926854042584,0 -3.690664880990911,40.56923997825481,0 -3.690666032665717,40.56922812748475,0 -3.690672449424578,40.56918166401193,0 -3.690707762161964,40.56918458524397,0 -3.690725218571913,40.56917280274715,0 -3.690726439266986,40.56917387019956,0 -3.690832583952272,40.56928082862442,0 -3.690968807522105,40.56945092547048,0 -3.691053103760025,40.56955296763076,0 -3.691116174816945,40.56961485111113,0 -3.691171015406473,40.56965480950893,0 -3.691232198268735,40.56968862465969,0 -3.691294855067178,40.56971022401908,0 -3.691349444572082,40.56972576725438,0 -3.691495594529461,40.56977128337713,0 -3.691574246773302,40.56979156524127,0 -3.691635315683722,40.56981439551583,0 -3.691673974070107,40.56983735814025,0 -3.691717535060038,40.5698700587478,0 -3.691761221797472,40.56991496642434,0 -3.691872314881968,40.57007162107087,0 -3.692066459997736,40.57032942808319,0 -3.692179912105769,40.57046425615826,0 -3.692332199877535,40.57063913696715,0 -3.692392122083936,40.57070592138034,0 -3.692424617559705,40.57075211566652,0 -3.692460514642471,40.57081782425349,0 -3.692488483827551,40.57089090451399,0 -3.6925100868528,40.57096768410994,0 -3.692541547007751,40.57106882118045,0 -3.692556697015944,40.5711407566768,0 -3.692564996587364,40.57121961416768,0 -3.692589008044454,40.5714103398217,0 -3.692626938765231,40.57156735663505,0 -3.692630337138418,40.57158219898956,0 -3.692661234483514,40.57157898677229,0 -3.692719842754679,40.57153863803624,0 -3.69277116057946,40.57157733843026,0 -3.69300453645161,40.57170791766288,0 -3.693026156696928,40.57171940932143,0 -3.693035778522686,40.57172448751849,0 -3.693052409255065,40.57173330466171,0 -3.69305395336935,40.57173410709136,0 -3.693057636895933,40.57173615701775,0 -3.693083418799812,40.5717502362516,0 -3.693112032210072,40.57176393813845,0 -3.693156607577908,40.57179033674773,0 -3.693233628910261,40.57184451388136,0 -3.693320204731461,40.57191119279674,0 -3.693432723408903,40.57199949831384,0 -3.693514636462777,40.57207223106073,0 -3.693685250973983,40.5722572231895,0 -3.69392743411318,40.57252929580103,0 -3.694041855714654,40.57265729288711,0 -3.694187443032529,40.57282430348999,0 -3.694539400422743,40.57323079938122,0 -3.694711291392853,40.57342647301797,0 -3.694896990351598,40.57363202706605,0 -3.694936521073988,40.5736756062815,0 -3.694951780562219,40.57368975920216,0 -3.694978860642118,40.57370621662791,0 -3.69503371649856,40.57372986262105,0 -3.695491297213982,40.57392228162157,0 -3.696123654987401,40.57420027795041,0 -3.696263324058378,40.5742706958296,0 -3.696299548126937,40.57430038671263,0 -3.696384270132102,40.57434708213039,0 -3.696485369213181,40.57442358796715,0 -3.696850145785949,40.57469016475348,0 -3.696924478530373,40.57474548080298,0 -3.696979134175753,40.57478657351673,0 -3.697011910857916,40.57481644713074,0 -3.697051098068405,40.57487112472278,0 -3.697083740084895,40.57493787575386,0 -3.697137660537162,40.57505688363829,0 -3.697190935857323,40.57517359183805,0 -3.69721947058226,40.57523753614979,0 -3.697243972902684,40.57529851297013,0 -3.697249240119131,40.57532550487591,0 -3.697254829966186,40.57535421191125,0 -3.697257053929174,40.57537530700711,0 -3.697277306105842,40.57548927130657,0 -3.697299464408903,40.57562295426641,0 -3.697302834313171,40.57565621423235,0 -3.697302659302034,40.57567998320489,0 -3.697302218458043,40.5757398259164,0 -3.697301921138004,40.57578026370771,0 -3.697300921591546,40.57591602243829,0 -3.697300393354873,40.57600978020017,0 -3.697333514649763,40.57604330019843,0 -3.697431824253316,40.57612298230218,0 -3.697497604954777,40.57617532714537,0 -3.697605841236176,40.57626075262803,0 -3.697724955427555,40.57635580937551,0 -3.69778129114638,40.57640025182841,0 -3.697851243342348,40.57646137826955,0 -3.697925758636256,40.57655320520773,0 -3.698065705710679,40.57673814983336,0 -3.698131366721278,40.57682581582387,0 -3.698194633650357,40.57689388319255,0 -3.698255487320796,40.57692914966741,0 -3.698302666192144,40.57695497107164,0 -3.698422845326498,40.57702292668793,0 -3.698510341227379,40.57707241538782,0 -3.698653582923223,40.57715732369356,0 -3.698732571249586,40.5772078456365,0 -3.698803771324708,40.57725815338421,0 -3.698847616347816,40.57729679803307,0 -3.698987174278515,40.57744918066842,0 -3.699063445697203,40.57753011990516,0 -3.699116129410363,40.57757892693522,0 -3.699225816777299,40.57766486099411,0 -3.699253892958252,40.57768685808669,0 -3.699266655374081,40.57769624547196,0 -3.699351187017381,40.57775842684546,0 -3.69947068718949,40.57784523907466,0 -3.699732645866578,40.57802400774729,0 -3.699865210500415,40.57810622611647,0 -3.699934097736803,40.57814814106164,0 -3.700027422767117,40.57820492643588,0 -3.700111841663016,40.57823836987202,0 -3.700156062140929,40.57825588881789,0 -3.700260722858176,40.57829576965836,0 -3.700284300052763,40.57830538415509,0 -3.70036553861206,40.57830620692079,0 -3.700604640721988,40.57830813620341,0 -3.700879282898565,40.57830777463469,0 -3.701051935511634,40.57830853051085,0 -3.701426762249071,40.57831183966378,0 -3.701533954634631,40.57831337786202,0 -3.70159074679635,40.57831459326757,0 -3.701588704787561,40.57863982403563,0 -3.701573384397554,40.57863931079225,0 -3.701030902076533,40.5786381367898,0 -3.700401126545897,40.57863386621926,0 -3.699427717604801,40.57863741828635,0 -3.698780780824085,40.5788211139904,0 -3.698061768450941,40.57902510694388,0 -3.697435905659368,40.57920326519256,0 -3.696929021678777,40.5793469706564,0 -3.696387612286925,40.57950210970093,0 -3.69584792438442,40.5796565754944,0 -3.695724771239162,40.57967584027227,0 -3.694930046460914,40.57978529721282,0 -3.694416318996551,40.57985843000725,0 -3.693784116120648,40.57996819020931,0 -3.693501392679134,40.5800161841052,0 -3.693393023876152,40.58003633238997,0 -3.69241345621621,40.58031012708199,0 -3.691842555124564,40.58046900350782,0 -3.691725599962957,40.58051795502211,0 -3.691168144299162,40.58076317796762,0 -3.690694399101555,40.58097623181065,0 -3.690587008640877,40.58106026287835,0 -3.689744089067668,40.58177863876528,0 -3.689302644075172,40.58214662541619,0 -3.688796732319888,40.58248181541733,0 -3.688605247381858,40.58261137739686,0 -3.688602925591718,40.58261265066677,0 -3.688597851016798,40.58261257551468,0 -3.688462689273404,40.58260814615632,0 -3.688287834872779,40.58260127033872,0 -3.687834062346754,40.58259235643216,0 -3.6876156356593,40.58258990380892,0 -3.68745262576936,40.58258810564433,0 -3.687249074686561,40.58258141885236,0 -3.685858499716806,40.58291632365505,0 -3.684901903456816,40.58336217897729,0 -3.684277921544668,40.58365693577146,0 -3.68416565516941,40.58372681350749,0 -3.683922869883524,40.58387824130695,0 -3.68362030471544,40.58406713411136,0 -3.683408979297513,40.58419931023506,0 -3.683189802236446,40.58433589536661,0 -3.68296691496347,40.58447234796746,0 -3.682671238064501,40.58465135634843,0 -3.682336029415653,40.58485692298028,0 -3.682216424332148,40.58493026730802,0 -3.682191479104307,40.5849453151714,0 -3.681354551736176,40.58534570292429,0 -3.680891832376231,40.58556720624009,0 -3.680246292293861,40.58586933839243,0 -3.679808993962137,40.58607625828109,0 -3.679295300822139,40.58631638265636,0 -3.678825026309794,40.58653996530759,0 -3.678581257597011,40.58665439484626,0 -3.678334813215864,40.58677191248047,0 -3.678120856362605,40.58688047061666,0 -3.677630199311068,40.58712581797413,0 -3.677255473153615,40.58730723828791,0 -3.676861209943486,40.58750478138492,0 -3.676333101559389,40.58777755641992,0 -3.675998390794807,40.58795142681355,0 -3.675273763176388,40.58830645483243,0 -3.674529858476947,40.58867119874273,0 -3.674173562107785,40.58884416919519,0 -3.674142674128023,40.58886154994511,0 -3.674130278276743,40.58886558345319,0 -3.669060062207596,40.59125335564901,0 -3.66888567130753,40.5913340843761,0 -3.667898824378432,40.59179298438745,0 -3.667409533254228,40.5920151269033,0 -3.667190311040002,40.59211887909473,0 -3.666995308413519,40.59213639047363,0 -3.666903397635255,40.59215069740555,0 -3.666811515352291,40.5921614528376,0 -3.666610462913315,40.5921810966374,0 -3.666087954017951,40.5922352826253,0 -3.66584241831464,40.59225805630158,0 -3.665605646519783,40.5922816681217,0 -3.665450521724388,40.59229724623425,0 -3.665349633606341,40.59230761636211,0 -3.665263551999598,40.59231358321495,0 -3.665129140696095,40.59232445882687,0 -3.665028730441109,40.59232414601021,0 -3.664787683440431,40.5923286461126,0 -3.66451061757789,40.5923226919389,0 -3.664148062346342,40.5923312085125,0 -3.663886244026511,40.59233041638894,0 -3.663735113491329,40.59232786699108,0 -3.662345272737039,40.59218452717347,0 -3.662129125557692,40.59213627034438,0 -3.661771594551252,40.59205355112562,0 -3.661377287175133,40.59194942209632,0 -3.66104610092234,40.59186298950441,0 -3.660850573989348,40.59181305284419,0 -3.660319222996052,40.59167112314895,0 -3.660092736092795,40.59145822478312,0 -3.659675341753264,40.5910665442704,0 -3.659365642108963,40.59081871421694,0 -3.658969425329218,40.59050752534039,0 -3.658798261986939,40.59040376642271,0 -3.658549941237837,40.59025136368982,0 -3.658282367982141,40.59008863705984,0 -3.657943551145908,40.58988558329238,0 -3.657734291342845,40.5897584808879,0 -3.657622553030645,40.58969155027554,0 -3.65749496218002,40.58962161527079,0 -3.657142631606745,40.58943961121488,0 -3.656303960750001,40.58899712182406,0 -3.656213640483815,40.58887775498967,0 -3.65610528408016,40.58873614242111,0 -3.655985086247707,40.58857627131112,0 -3.655800844741617,40.58832792349,0 -3.655606158682693,40.58808819840095,0 -3.65546332794578,40.58791079344338,0 -3.655285127445983,40.58768786392808,0 -3.655197715167624,40.58749316265067,0 -3.6551051719219,40.58728871225444,0 -3.655039742732099,40.58715048571664,0 -3.654992032951588,40.58704348944811,0 -3.654928007724151,40.58690631701604,0 -3.65481856460521,40.58668284462085,0 -3.654714184205639,40.58646903507856,0 -3.654661390443983,40.58637340234112,0 -3.654571268570836,40.58620717738346,0 -3.654508911098208,40.5860935127071,0 -3.654461042088418,40.58594746847184,0 -3.654437839211176,40.58586566763253,0 -3.654413561193611,40.58578897005542,0 -3.654384580988562,40.58569574094243,0 -3.654330391823967,40.58553077793749,0 -3.654296993582742,40.58543548108084,0 -3.654263513588174,40.58533178487335,0 -3.654215985243345,40.58516783720428,0 -3.654157966756672,40.58496353184778,0 -3.65411718320669,40.58485386447742,0 -3.654029360928511,40.58462713194402,0 -3.653959652201363,40.5844476776631,0 -3.653889488722481,40.58425570547928,0 -3.653713837411409,40.58378853849113,0 -3.653664398114601,40.58364736930133,0 -3.653622268493937,40.58353338602211,0 -3.653426914411849,40.58299740908604,0 -3.653376770802832,40.58285877971316,0 -3.653294065044433,40.58263165183448,0 -3.653266550487292,40.58256148293403,0 -3.653210089790734,40.58240587607954,0 -3.653175231214823,40.58231074835641,0 -3.653055590739152,40.58199304561962,0 -3.652938429605082,40.5816714954791,0 -3.652878955218333,40.58150496968405,0 -3.652789371391367,40.58125997976521,0 -3.65272686094439,40.58108578021966,0 -3.652605881686862,40.58088616020558,0 -3.652532647084243,40.58076535325242,0 -3.652459906270755,40.58064900732354,0 -3.652345445712146,40.58045700678236,0 -3.652227252712402,40.58026653166505,0 -3.652140819809715,40.5801164780078,0 -3.652020810870348,40.57990812503202,0 -3.651929124679409,40.57972668624807,0 -3.651849186098289,40.57959796729616,0 -3.651783578121417,40.57947866991688,0 -3.651627586074537,40.5792100199838,0 -3.651466575459722,40.578928514632,0 -3.651362958670906,40.57874659400941,0 -3.651223897946541,40.5785017132529,0 -3.651126737798123,40.5783310674632,0 -3.650988569277491,40.57808358503442,0 -3.650946258225419,40.57801159984492,0 -3.650919451068368,40.57796849150085,0 -3.650790651902287,40.57785825298537,0 -3.650526305009851,40.57762083911906,0 -3.650317341045557,40.57742369124666,0 -3.650290636665908,40.57741431476257,0 -3.649863875332631,40.5772740258363,0 -3.649594730866362,40.57718523533088,0 -3.649473270065812,40.57717284650241,0 -3.648672771774832,40.57708550947043,0 -3.64818172474941,40.57703193915604,0 -3.647862793409503,40.5769967678328,0 -3.647552175245601,40.57696390122808,0 -3.647028539480564,40.57694664302969,0 -3.64649148380184,40.5769267405044,0 -3.64598509323907,40.57691040446129,0 -3.645495243820265,40.57689097923941,0 -3.644911218161249,40.57687167415239,0 -3.644788494878979,40.57686670169515,0 -3.644709905119738,40.57685110465067,0 -3.643779054199774,40.5766561283292,0 -3.642647295939041,40.57642098126419,0 -3.642283833917978,40.57621939899776,0 -3.64215416031479,40.57614302428352,0 -3.641559236220471,40.5758117136718,0 -3.641092907885083,40.57563066871515,0 -3.640630699402941,40.57545109808458,0 -3.639727146308898,40.57510745338818,0 -3.638458888734838,40.57492617209916,0 -3.637195016415262,40.5747587073379,0 -3.63681672282148,40.57470989264576,0 -3.636366127765867,40.5746359016952,0 -3.635369287881752,40.57454408270942,0 -3.635130937888705,40.57451517694315,0 -3.634657986734105,40.57446568370246,0 -3.634174111494203,40.57446150790346,0 -3.634009293558462,40.57445720280259,0 -3.633743946677095,40.57445569762078,0 -3.633545718767435,40.57445909030044,0 -3.633353686505557,40.57446599994802,0 -3.632906617060903,40.57449037409211,0 -3.632649144916636,40.57449731586541,0 -3.63245325934832,40.5745005497014,0 -3.63183301697023,40.57467280782532,0 -3.631446219649022,40.57477111805697,0 -3.631123746637865,40.57486280274122,0 -3.63057174921815,40.57458383393003,0 -3.63021228836416,40.57445145329496,0 -3.629776296462882,40.57429627846028,0 -3.629073622617843,40.57393551649712,0 -3.628726821098305,40.57375424526808,0 -3.627983401998375,40.57359702299316,0 -3.626287314623378,40.57352062803584,0 -3.625050772990219,40.57361172628098,0 -3.625009715129084,40.57361475107405,0 -3.624989655520122,40.57363064216101,0 -3.624239929145516,40.57422457385449,0 -3.623940992104126,40.5744483076838,0 -3.623817618646092,40.57453704693234,0 -3.623616556625226,40.57468586639266,0 -3.623483306996379,40.57478128638766,0 -3.623000927435843,40.57513049611486,0 -3.622659132316324,40.57537193304918,0 -3.622232237936704,40.57567822423442,0 -3.621702818057,40.57618015166315,0 -3.621506583421851,40.57637032886724,0 -3.62139569528888,40.5764816789438,0 -3.620521040637374,40.57717450576516,0 -3.619684166236699,40.57783444106201,0 -3.619187753750556,40.578231094622,0 -3.618674701763117,40.57863146750615,0 -3.618211464960071,40.57901159896239,0 -3.616368230462168,40.58049239833701,0 -3.614943718614575,40.58097807748729,0 -3.614346545590138,40.58116285017347,0 -3.613353029113556,40.58146698185806,0 -3.61307071760546,40.58155356966549,0 -3.611908812506377,40.58190112932392,0 -3.610822343946964,40.58252002387756,0 -3.609846614311946,40.58312410949475,0 -3.609764935318428,40.58316342091779,0 -3.60970551885373,40.58319464107885,0 -3.609670147744763,40.5832657586546,0 -3.609600315373063,40.58326810643833,0 -3.609368526050234,40.58341800366048,0 -3.609049027521196,40.58356127386472,0 -3.608925061912521,40.58374168924647,0 -3.6087896530457,40.58393360599164,0 -3.608531773551768,40.58390445466407,0 -3.608492964137675,40.58389989164503,0 -3.608453359096928,40.58390428215743,0 -3.608419341087684,40.58391744213538,0 -3.606453393934596,40.58509800050432,0 -3.606423737058004,40.58511659723725,0 -3.606404896229889,40.58514086588463,0 -3.606374235668327,40.58518061065077,0 -3.606233893459121,40.58535651548809,0 -3.606203767137838,40.58540166269006,0 -3.606190707331448,40.58542755948489,0 -3.606154536610862,40.58550279178331,0 -3.606069522707946,40.58567144045139,0 -3.606005698675415,40.58579762026722,0 -3.605888794910093,40.58602891128394,0 -3.605697486625054,40.58640246486717,0 -3.605423063778412,40.58695053907055,0 -3.605375442421278,40.5870415370789,0 -3.605229273613272,40.58732790475223,0 -3.605124527061514,40.58753643986257,0 -3.605080404526876,40.5876246239797,0 -3.60501754855247,40.58775451697876,0 -3.605007213696398,40.58776818341657,0 -3.604924087757823,40.58783342182096,0 -3.60488961230301,40.58785893062152,0 -3.60481036243171,40.5879244666567,0 -3.60475015717685,40.58797155920004,0 -3.604665738492864,40.58804144912583,0 -3.604438807324572,40.58822315167843,0 -3.604398338966471,40.58825652574836,0 -3.604350377645241,40.58829334343515,0 -3.604244375965558,40.58838022847302,0 -3.604225157728213,40.58839295034052,0 -3.604073161556507,40.58845294938909,0 -3.603863104948627,40.58853891786681,0 -3.603806408425422,40.58855884263572,0 -3.603405091778117,40.58872260005201,0 -3.603381335400206,40.58874056969155,0 -3.603359922488446,40.58875539922798,0 -3.602980037792029,40.58900943486599,0 -3.602743259865936,40.58937211650915,0 -3.602539566248064,40.58966351948303,0 -3.6022240590493,40.59014149725559,0 -3.602148105753941,40.59035024522846,0 -3.602107399567243,40.59045961168646,0 -3.602067081122659,40.59057599036137,0 -3.601966702615828,40.59085380987718,0 -3.601915946664716,40.59100091966042,0 -3.601888044601128,40.59125664297289,0 -3.601876941568555,40.59133870795219,0 -3.601858618717336,40.59147476606405,0 -3.60183614191768,40.59165550964951,0 -3.601818487421057,40.5917983812255,0 -3.601807098451074,40.5918824476344,0 -3.601780846587164,40.59209888932001,0 -3.601806458422093,40.59220399308971,0 -3.601850402098343,40.59239147690343,0 -3.601908947960781,40.5924177649154,0 -3.601984283823558,40.59244923824635,0 -3.602776826755566,40.5927839206483,0 -3.603092234566314,40.59291373246619,0 -3.603297412186635,40.59299371677438,0 -3.603369837638054,40.59302981600121,0 -3.603404790805685,40.59305314637863,0 -3.603525378623911,40.59316739837661,0 -3.6036110967614,40.59323196696874,0 -3.603736122336019,40.5933292076602,0 -3.603794689707276,40.5933770256246,0 -3.6038442744089,40.59341342411986,0 -3.603928443647676,40.59348729764942,0 -3.603986023422231,40.59353092528136,0 -3.604050954810563,40.59358133319793,0 -3.604069062058689,40.59359587780046,0 -3.604097454089821,40.59362153591749,0 -3.604148539346499,40.59366770638296,0 -3.604187970670366,40.59370334524024,0 -3.604258097199387,40.59377878383415,0 -3.604302618217849,40.59382474172835,0 -3.604429697088295,40.59395316837769,0 -3.604573937718386,40.5940964470493,0 -3.604596267158881,40.59411839632021,0 -3.604739944070409,40.59426343264332,0 -3.604770162867205,40.59429581600326,0 -3.604772011085102,40.5943015719562,0 -3.60477279686915,40.59434825142585,0 -3.604784566385967,40.59445132340499,0 -3.604788663926582,40.59451482387431,0 -3.604792992668132,40.59455951997282,0 -3.604818758547089,40.59486705436063,0 -3.604821285367166,40.59492358843922,0 -3.604823452748545,40.5949637103738,0 -3.604827674278767,40.59501237179973,0 -3.604830332628801,40.59504481206547,0 -3.604834326797147,40.59512410999048,0 -3.604830114026227,40.59517464977048,0 -3.604730232723894,40.5957905671153,0 -3.604985639203908,40.59614856161951,0 -3.605018040526938,40.59619220437252,0 -3.605068955805757,40.59626039368813,0 -3.605120003760323,40.59633044079929,0 -3.605169502678779,40.59640156534648,0 -3.605196888512261,40.59644128036522,0 -3.605211794441788,40.5964599396529,0 -3.605340938234594,40.59648766222867,0 -3.60537785454626,40.59649591990079,0 -3.606339096051778,40.59670886818567,0 -3.606842536969418,40.59682041615209,0 -3.606931107832151,40.5968374260392,0 -3.60697843122176,40.59687814034303,0 -3.607084347765738,40.59695701872815,0 -3.607150412440921,40.5970090080561,0 -3.607565958063832,40.59733201244789,0 -3.607673517402915,40.59741438966582,0 -3.607706205203357,40.59743889727319,0 -3.607905428500722,40.59759449828746,0 -3.607996280248825,40.59768231975769,0 -3.608059385986739,40.59774959583333,0 -3.608140992952261,40.59783591904486,0 -3.608208043305637,40.59790480485919,0 -3.608742909773553,40.59845430978109,0 -3.610577658008576,40.59876535911787,0 -3.611632397689984,40.5994687838202,0 -3.612956594667243,40.59990861615248,0 -3.614275892341295,40.60058629120455,0 -3.615307366135994,40.6007148759734,0 -3.616365019360225,40.60152253711814,0 -3.61648553404987,40.60207180711082,0 -3.616096815495283,40.60304814573932,0 -3.616397559119963,40.60376268506787,0 -3.616449986199384,40.60386565217873,0 -3.616874226927111,40.60462824051486,0 -3.617110792584282,40.60516120088418,0 -3.617160204490721,40.60603659349098,0 -3.616799947697908,40.60697141797529,0 -3.617306236695988,40.60760729101237,0 -3.618391404002288,40.60895933489179,0 -3.618152484664572,40.60944789642411,0 -3.617964512896279,40.6098689091602,0 -3.617838652264462,40.61013800327959,0 -3.617819893623823,40.61017290900315,0 -3.617949567751996,40.61076650839573,0 -3.617987932523193,40.61101962966618,0 -3.618011034777257,40.61126498864835,0 -3.618280000735407,40.61135390615204,0 -3.6186225226745,40.61147506332508,0 -3.619247595585022,40.61169024195235,0 -3.619711226951748,40.61185082286925,0 -3.619872598151439,40.61190428245362,0 -3.620022034588658,40.61206257602012,0 -3.620137380492412,40.61218687138076,0 -3.620211549736237,40.61227217349643,0 -3.620313651776927,40.6123769123985,0 -3.620483805104141,40.61256347709337,0 -3.620552033627912,40.61266664915253,0 -3.620615800935315,40.61277850436546,0 -3.621267816846358,40.61396377543331,0 -3.621364362583086,40.61415404451191,0 -3.621398487085173,40.61422246263496,0 -3.621476686752084,40.61435791380892,0 -3.621739432666165,40.6148671648798,0 -3.621774540205279,40.61492294730799,0 -3.622007186775733,40.61519680771335,0 -3.622600878089966,40.61590876282222,0 -3.623182836871782,40.6161699501139,0 -3.623532104027904,40.61632967400463,0 -3.623590535911311,40.61635655416158,0 -3.623678966469221,40.61639732235395,0 -3.623899700423558,40.61649497783885,0 -3.623915718613116,40.61650100735199,0 -3.624013124514383,40.61651645543411,0 -3.624150562250569,40.61653432035961,0 -3.6247955565215,40.61662107988921,0 -3.625151187417454,40.61666750994725,0 -3.625801940675628,40.61675607136311,0 -3.625824684443553,40.61675878227784,0 -3.625923078164678,40.61677130275517,0 -3.62612606155111,40.61679772424255,0 -3.626805533504709,40.61688859449953,0 -3.626939354207704,40.61690572350118,0 -3.627408457924398,40.61716509663169,0 -3.627826275879698,40.61739617988114,0 -3.628236587143983,40.61762069001224,0 -3.628282176837456,40.61764500888499,0 -3.628362688365653,40.6177676304544,0 -3.628537277243372,40.61803230263835,0 -3.628597898852056,40.61812530429243,0 -3.628600171739768,40.61814202117683,0 -3.628601945770012,40.61815546339182,0 -3.62860209778833,40.61836452690073,0 -3.628634639285102,40.61890562266825,0 -3.628656830129454,40.6194138657486,0 -3.628771868420925,40.61957200973421,0 -3.629056556793058,40.61996659223907,0 -3.629388362428039,40.62042797837741,0 -3.629493214908137,40.6205762494772,0 -3.629162494175044,40.6214743320575,0 -3.628965692476195,40.62202286562413,0 -3.628851708117073,40.62233903392115,0 -3.629400166590678,40.62378649209847,0 -3.629610286171205,40.62432618672966,0 -3.630053331668979,40.62542949548804,0 -3.630211872510114,40.62581169024143,0 -3.630054131758296,40.62609086696666,0 -3.629863593969301,40.62643332947186,0 -3.629653957764031,40.62680967674849,0 -3.629674425622526,40.62702628840182,0 -3.629703319235124,40.62735202740609,0 -3.629891651274169,40.62774205527907,0 -3.630146039142375,40.6282848763445,0 -3.630703398922861,40.62871419909818,0 -3.631113764178996,40.62903824915637,0 -3.631640479897158,40.62952144034364,0 -3.631907001294,40.62976429289193,0 -3.631996135309862,40.62984916019401,0 -3.632376262925757,40.63019108682453,0 -3.632777223116107,40.63055616848801,0 -3.632929497513265,40.63069250910333,0 -3.633079321164757,40.63094364411116,0 -3.633275345653592,40.63127498165571,0 -3.633885114169953,40.63230114595019,0 -3.634450022260259,40.63324199647832,0 -3.634555018143163,40.6334183149858,0 -3.634573686972884,40.6334492384628,0 -3.634582488614043,40.63346463105787,0 -3.634608464493307,40.63349421711928,0 -3.634686241808357,40.63357083232813,0 -3.634887295230364,40.63377101818822,0 -3.635022460013828,40.63390127092126,0 -3.635116677250553,40.63398933651126,0 -3.635276832813362,40.6341360410664,0 -3.635532146019823,40.63437427111992,0 -3.635767477231828,40.63459824889381,0 -3.635898077584101,40.6347350101862,0 -3.635970701485117,40.63482091565658,0 -3.63618413366518,40.63506988534616,0 -3.636220790966366,40.63512707077817,0 -3.636320772807752,40.63545078715848,0 -3.636372140516753,40.63561376020883,0 -3.636466570944344,40.63592929287009,0 -3.636552890893706,40.63622251049058,0 -3.636605925667652,40.63643512129687,0 -3.636701844037922,40.63677844733284,0 -3.636829958380277,40.63679455928796,0 -3.636889634350583,40.6368609307637,0 -3.63702460384553,40.63701310937039,0 -3.637265153961073,40.63728596802684,0 -3.637555874329728,40.63762383449117,0 -3.637579126500175,40.63765022688916,0 -3.637628374929159,40.63769597512204,0 -3.637690310502321,40.63773579940791,0 -3.637804006510487,40.63780198018574,0 -3.638387800325325,40.63814611351106,0 -3.638549451476644,40.63824331481781,0 -3.638824016820088,40.63840257488977,0 -3.639947534483777,40.63843845195804,0 -3.64000839791718,40.63844046593375,0 -3.640109711398711,40.63844355112136,0 -3.640174039792486,40.63843144895968,0 -3.640433638564378,40.63838781271308,0 -3.640883918183621,40.63830679465306,0 -3.641367747030459,40.63822729926824,0 -3.642025158203097,40.63811376592595,0 -3.642451349874746,40.63804523743918,0 -3.644479259592966,40.63809043318903,0 -3.644865499110346,40.63834172645671,0 -3.645022297793614,40.63844757973082,0 -3.645225180377827,40.63859324968954,0 -3.645928319175831,40.63911475226577,0 -3.646860938043785,40.63980411651374,0 -3.646928773932984,40.63985863201263,0 -3.64698486403863,40.63990259650846,0 -3.647022421935435,40.63993546517908,0 -3.647088020195585,40.63999410469741,0 -3.647219864838061,40.64011110792411,0 -3.64761356681043,40.64046745200574,0 -3.647884277722559,40.64070106364183,0 -3.648223292526906,40.64100963830654,0 -3.648345253663599,40.64110701616661,0 -3.648362754213371,40.64112020666124,0 -3.648479368170694,40.6412014852004,0 -3.648527876285001,40.64123531977234,0 -3.648640336367067,40.64131748811288,0 -3.64872526752294,40.64137794505017,0 -3.648755835363064,40.64140080049251,0 -3.648863565635207,40.64144341991256,0 -3.64886369149434,40.64144347145589,0 -3.649125790585659,40.641548671493,0 -3.649617173406135,40.64174693766871,0 -3.650282245565535,40.64198566385176,0 -3.650933488415956,40.64222567491055,0 -3.65132041853626,40.64236603438912,0 -3.651527596853039,40.64244062440869,0 -3.651929543256039,40.64257586935133,0 -3.652213798991345,40.64265758577599,0 -3.65261406579807,40.64271773670939,0 -3.652799564291342,40.64274420081759,0 -3.653636103550179,40.64289749052001,0 -3.654934246962733,40.64313712704679,0 -3.655413674261827,40.64322618765328,0 -3.655693516198,40.64327950887841,0 -3.655861411418293,40.64324681594295,0 -3.655880538875127,40.64324356236511,0 -3.65594523951748,40.64322871786903,0 -3.656138827828071,40.64293489812771,0 -3.656202363727669,40.64290984423103,0 -3.656461169565798,40.64281355751439,0 -3.656751333516726,40.6427007942253,0 -3.657047743264819,40.64259019729836,0 -3.657385489909475,40.6424617982157,0 -3.657662331752952,40.64235482450127,0 -3.658021973667446,40.64222542050788,0 -3.658479507841092,40.64205433337649,0 -3.659016644198573,40.64162632305089,0 -3.659230902829172,40.6414503509661,0 -3.659313174209462,40.64138013314181,0 -3.65938889733855,40.64132447649091,0 -3.659735229697046,40.6410540982946,0 -3.660243319510808,40.64064186746566,0 -3.660432921253978,40.6404882207582,0 -3.660773845103847,40.64021554701083,0 -3.661087164138841,40.63996446831378,0 -3.661337495272259,40.63976410549824,0 -3.661662989807979,40.63949925685254,0 -3.661674290254171,40.6394915365003,0 -3.66173204376877,40.63941199016511,0 -3.661796408230277,40.63932756733472,0 -3.661884263809283,40.6392163314278,0 -3.661978960812886,40.6389186182343,0 -3.661987069451485,40.63890145609906,0 -3.662138615993238,40.63842980994959,0 -3.662168300231433,40.63834376868859,0 -3.662206555860624,40.638219201152,0 -3.662240812295019,40.63813632273522,0 -3.662293988076105,40.63803482740126,0 -3.662346558184443,40.63795319072023,0 -3.662393867434107,40.63787484084094,0 -3.66244720605118,40.63781426748244,0 -3.662447395489582,40.63781405108745,0 -3.662829897623784,40.63738241894264,0 -3.663030114908455,40.63715615079693,0 -3.663101025442896,40.63707407964208,0 -3.66327238607908,40.63688242608934,0 -3.664095786856023,40.63595233662105,0 -3.664307829275892,40.63570780962002,0 -3.664450415310378,40.6355224637567,0 -3.665493014128209,40.63417827824522,0 -3.66575824884566,40.63376965446184,0 -3.667218845346595,40.63130843847145,0 -3.667302706004819,40.63116594943153,0 -3.667387836947265,40.6309824362712,0 -3.667551730495699,40.63062674349936,0 -3.667996293468857,40.62966284740152,0 -3.668016194916538,40.62960220626469,0 -3.668349159034333,40.62889176513148,0 -3.66838276561956,40.62864009834983,0 -3.668431999560373,40.62831416504299,0 -3.668547098783828,40.62744863482553,0 -3.668558995581529,40.62736346049905,0 -3.668523147209107,40.62702096698086,0 -3.668518603448697,40.62614318268265,0 -3.6685205878892,40.62591651063916,0 -3.668389494318542,40.62563972034391,0 -3.668232097881787,40.62530396588436,0 -3.667700153948675,40.62416878022822,0 -3.667421830508652,40.62357831702351,0 -3.667358390820321,40.6234444805141,0 -3.667109889393109,40.62291441887744,0 -3.667062946068901,40.62281285528442,0 -3.667043341428781,40.62275324150198,0 -3.666974240843171,40.62253509676734,0 -3.666935647744118,40.62232801150511,0 -3.666865890167116,40.62192009242844,0 -3.666845386365235,40.62181293748075,0 -3.666809271585763,40.62156524987215,0 -3.6667569337376,40.62126774118766,0 -3.666651414338525,40.62066358469906,0 -3.666612188780009,40.62043071899543,0 -3.666552007065897,40.6200639692115,0 -3.666643661794945,40.61983263626474,0 -3.666711266125542,40.61974610443706,0 -3.666835407398843,40.6195812664823,0 -3.66684000671808,40.61957773462498,0 -3.668584537297771,40.61873648501403,0 -3.670930586075182,40.61760910199812,0 -3.671138404283184,40.61750707768551,0 -3.671212866300526,40.61747223065446,0 -3.671262764328621,40.61745653749895,0 -3.671385660273255,40.61742273312333,0 -3.671483310895406,40.61739670670507,0 -3.671587803280973,40.61736918100316,0 -3.671898285385658,40.617285071251,0 -3.672215360440276,40.61719948089188,0 -3.673125903092383,40.61695234683959,0 -3.673576108944795,40.61682905891045,0 -3.673700252115291,40.61678136322647,0 -3.674360452630236,40.61654188651678,0 -3.674526337049891,40.61647374049932,0 -3.674596471130425,40.61644201286857,0 -3.674655915390797,40.61641037196453,0 -3.674772894164398,40.61631756515582,0 -3.674979381144993,40.61609951809649,0 -3.675309960805333,40.61573819076571,0 -3.675311132015723,40.61573475248671,0 -3.675310792362956,40.61572802403985,0 -3.675309182774348,40.61572079942976,0 -3.67529961701227,40.61568773921805,0 -3.675297919387184,40.61568116375212,0 -3.67529857423522,40.61567575467653,0 -3.675304686740337,40.61566642191168,0 -3.675316727509848,40.61565528876867,0 -3.675335320725228,40.61563390139349,0 -3.675596127926451,40.61535042036155,0 -3.675823275261421,40.61509967528897,0 -3.675915584502214,40.61507553218038,0 -3.676158906860358,40.61481004265519,0 -3.676234478642795,40.61471111748815,0 -3.676265992816978,40.61466632165439,0 -3.676288369870185,40.61459818450397,0 -3.67631057600087,40.61456468517544,0 -3.676503631793648,40.61435685784534,0 -3.676687537672873,40.61414106331127,0 -3.676839630303956,40.61396483665726,0 -3.677310539022757,40.61341198478492,0 -3.677786915417134,40.61285817006735,0 -3.678169875347959,40.61240870972656,0 -3.678386130880984,40.61215594246204,0 -3.678618900744546,40.61188348372274,0 -3.67878495253579,40.61168952249715,0 -3.678978600352832,40.61146466995353,0 -3.67914318677588,40.61126978891678,0 -3.679224014573935,40.61117475775875,0 -3.679322734297144,40.61110842228231,0 -3.679475341401304,40.61100429330585,0 -3.679667961152417,40.61086728005494,0 -3.679799568829203,40.61081533669408,0 -3.680026336524743,40.6107237520695,0 -3.68028121720616,40.61062084047354,0 -3.680645685333551,40.61047211987139,0 -3.681038568576593,40.6103116822505,0 -3.681316989837649,40.61020027664123,0 -3.681892827662593,40.60996602996356,0 -3.682232494490433,40.60982719013801,0 -3.682387986989573,40.60976457150704,0 -3.682432334619002,40.60974790364173,0 -3.682684917386045,40.60964409764005,0 -3.683320375049531,40.6093918243589,0 -3.683711892736806,40.60923898820571,0 -3.684079367742322,40.6090968198575,0 -3.684600847853691,40.60889162494244,0 -3.684774043145706,40.60881972635393,0 -3.685083234374991,40.60866100534287,0 -3.685327367061327,40.60846247250649,0 -3.685581560274645,40.60825575804166,0 -3.686080742112965,40.60786093472603,0 -3.68648472924839,40.60754925563088,0 -3.687053928330464,40.60709780448197,0 -3.68725128117705,40.60693975999535,0 -3.687417377330867,40.60680911665353,0 -3.687609938370199,40.60657467249635,0 -3.687778060800738,40.60626249916016,0 -3.687904708004299,40.60601980578649,0 -3.688061841173494,40.60573243640953,0 -3.688200363928568,40.60546999682317,0 -3.688305595255937,40.60528885229108,0 -3.688350654904315,40.60521298226725,0 -3.688424714291717,40.60508810290656,0 -3.688850703823936,40.60436483542352,0 -3.689039550930959,40.60404383499204,0 -3.689282862217475,40.6036308450971,0 -3.689544624494909,40.60318598863736,0 -3.690301274280778,40.60189951330596,0 -3.690379521491838,40.60176421149711,0 -3.690479425025544,40.60159364600026,0 -3.690575288474726,40.60143137551295,0 -3.690643049228673,40.60128259424324,0 -3.690674794704903,40.60121541616142,0 -3.690694708084868,40.60115779415219,0 -3.6908056116936,40.60083089748233,0 -3.691696599493901,40.59821030185558,0 -3.691781860488422,40.59796039163547,0 -3.691863671634127,40.5977186837701,0 -3.691891354027781,40.5976501954585,0 -3.691967678712144,40.5974839588928,0 -3.69200993930104,40.59739313065634,0 -3.692077907730233,40.59727388966625,0 -3.692838539729029,40.59594341901425,0 -3.692891040842542,40.5958522155041,0 -3.694041818110546,40.59384189001699,0 -3.694179530389719,40.59360050120215,0 -3.694288959313352,40.59340803770632,0 -3.694421299198318,40.59317413113735,0 -3.694575045960098,40.59290651097638,0 -3.694682601278155,40.59271478806691,0 -3.694814290829862,40.59248453349084,0 -3.694933753899756,40.59227652291214,0 -3.695078480201506,40.59201693809385,0 -3.695246866776539,40.5917222214913,0 -3.69540458209998,40.59144247750096,0 -3.695589573478965,40.59111849719618,0 -3.695757089194354,40.59082227969208,0 -3.695988532356126,40.59041962633376,0 -3.696092052527908,40.59023737566817,0 -3.696222505325951,40.59002894612326,0 -3.696304904070155,40.58991923602303,0 -3.696331564883656,40.58987945469796,0 -3.69647277827661,40.58979028125862,0 -3.696745201824328,40.58963538999745,0 -3.696900792427189,40.58955500295609,0 -3.697105529240811,40.58944945488433,0 -3.697494433117114,40.58925030137972,0 -3.697901165332248,40.58904077784769,0 -3.698338184151429,40.58881666474228,0 -3.698751732400654,40.58860287188528,0 -3.699020161537044,40.58846776197177,0 -3.699439060700134,40.58824895511608,0 -3.699828429265003,40.58804809727771,0 -3.70034726232631,40.58778157200525,0 -3.700419585442576,40.5877341067462,0 -3.700790299592557,40.58755144930626,0 -3.701120243183768,40.58738210899088,0 -3.701395806078903,40.58724124138435,0 -3.701562322692764,40.58715582688043,0 -3.701771661764145,40.58704768408016,0 -3.701864775179943,40.58699992133649,0 -3.701958577518245,40.58695138047676,0 -3.702040147648144,40.58690041665159,0 -3.702227215662008,40.58678372391505,0 -3.702491803868031,40.58659278563995,0 -3.702948662939242,40.5862633127343,0 -3.703302357897274,40.58600822919433,0 -3.703710912803022,40.58571577525911,0 -3.704167258548472,40.58538468716477,0 -3.704394668797226,40.58522038579635,0 -3.704698494924037,40.58500091648245,0 -3.704782545053523,40.58494415825101,0 -3.705017339523435,40.58484913678701,0 -3.70519562859497,40.58478191499259,0 -3.705385303118619,40.5846968778954,0 -3.705395155675403,40.58379733388829,0 -3.705395606435156,40.58354443562526,0 -3.705396827290984,40.58298017820365,0 -3.705863826019769,40.58300543646271,0 -3.70763160741625,40.58314976710438,0 -3.707885432335571,40.58375693995669,0 -3.708587990891548,40.5835186787484,0 -3.710841595235137,40.58311927448784,0 -3.711026295625612,40.58309989403755,0 -3.711205094395082,40.58308068476008,0 -3.711358799929747,40.58306477831046,0 -3.711493612332042,40.58304984746759,0 -3.711651573387638,40.58307637011286,0 -3.713000000587731,40.58329418427204,0 -3.713710269912092,40.58300514200994,0 -3.714538487969131,40.58265714386325,0 -3.716040617995263,40.58279693485013,0 -3.716485598971817,40.58283670789783,0 -3.717251926729566,40.58289772248664,0 -3.718288979576968,40.58252913349227,0 -3.718658239816373,40.58239704179841,0 -3.719420165730573,40.58212481380433,0 -3.720662487890272,40.58221901594456,0 -3.721431436246309,40.58260035586763,0 -3.721992119834637,40.58275810183834,0 -3.72343744349808,40.58316721326661,0 -3.723583176812641,40.58320650664957,0 -3.724698020061368,40.58352380496171,0 -3.725048443221124,40.58362000883581,0 -3.726004049723346,40.58388600513291,0 -3.726457543676992,40.58401298127681,0 -3.726671352321107,40.58407154209358,0 -3.727290505967696,40.5842564243241,0 -3.727760020858879,40.58439409868709,0 -3.728194077734283,40.58452891817319,0 -3.729150175729418,40.58486155648816,0 -3.729809020689212,40.58509013562659,0 -3.730020764728706,40.58511418163555,0 -3.730223904167981,40.58514083473877,0 -3.730460054534322,40.5851671886483,0 -3.730636832944982,40.58518873848944,0 -3.73103247251305,40.58523502139781,0 -3.732294858241414,40.58538720122944,0 -3.732778438621877,40.58531851007564,0 -3.733157291793619,40.585266455118,0 -3.733555534298364,40.58532246845752,0 -3.733700208934301,40.5853437174915,0 -3.733982197643029,40.58537764579506,0 -3.734247357939338,40.58545990614643,0 -3.734337267252553,40.5854800917125,0 -3.734456830021061,40.58550253094304,0 -3.73456096926795,40.58552415284155,0 -3.734979862208066,40.58560451848462,0 -3.735161420093894,40.58563907748589,0 -3.735324738461544,40.58567161633332,0 -3.735524276065043,40.58568755808768,0 -3.735838139302983,40.58571657720481,0 -3.736559613518998,40.58590377477428,0 -3.737268801244045,40.58606998643863,0 -3.737738968724469,40.58627328988983,0 -3.738173505147188,40.58647051388346,0 -3.738565218581661,40.58694277572501,0 -3.73898314065502,40.5878076571281,0 -3.739168879660812,40.58805895292208,0 -3.739686139521886,40.58930144239941,0 -3.740816840483936,40.59064630622431,0 -3.742261694294384,40.59102621800692,0 -3.743730089483199,40.59140686275102,0 -3.744372509826773,40.59157930072603,0 -3.745394587120641,40.59188622245986,0 -3.745804254803347,40.59219952963911,0 -3.745810020017984,40.59220393913742,0 -3.749257884512983,40.59271142120748,0 -3.750148108390828,40.59243877668506,0 -3.750523762244396,40.59278680408088,0 -3.752195565553848,40.59434315515523,0 -3.752219597747751,40.59436183234973,0 -3.752294637057252,40.59440752610981,0 -3.752953721415256,40.5947656374635,0 -3.753641568843098,40.59475916772172,0 -3.754322232359051,40.59499490777561,0 -3.757097388628487,40.5959614269926,0 -3.757371586555439,40.59606188498087,0 -3.757673934868404,40.59604953928149,0 -3.757844146304119,40.59605202701162,0 -3.758452942122364,40.59609100449472,0 -3.758461820398856,40.59609186869108,0 -3.758467747270216,40.59609594316655,0 -3.758829131439178,40.59636264283679,0 -3.758992981732289,40.59647871422634,0 -3.759046588687696,40.59651619869563,0 -3.759243217029396,40.59665994900208,0 -3.75945735857608,40.59678466544592,0 -3.759851598665417,40.59700948847846,0 -3.76023012692148,40.59709999405185,0 -3.760672314004796,40.59720369317483,0 -3.760885633828937,40.59725544151257,0 -3.761556343404709,40.59751678371278,0 -3.762161620386018,40.59775302930178,0 -3.762215987134518,40.59777079613645,0 -3.763117386083365,40.59801999073331,0 -3.763575038017896,40.59814759563786,0 -3.763934129517024,40.59824844694762,0 -3.764208028520316,40.59832259767487,0 -3.765240796628529,40.59839788714871,0 -3.765335701538016,40.59843054023253,0 -3.765978944811593,40.59864259413331,0 -3.766285322546259,40.59879180698184,0 -3.767307549830138,40.59930032871699,0 -3.767625393278804,40.5994529581009,0 -3.76816921245872,40.59966081465654,0 -3.769053913571505,40.59976294663497,0 -3.769462230167076,40.59981501742465,0 -3.769957337172295,40.59987380351225,0 -3.770322149555427,40.59991941731654,0 -3.770601675094849,40.59995403089557,0 -3.771001996302307,40.60000457845315,0 -3.771399531847285,40.6000509694771,0 -3.771900323584685,40.60011334248113,0 -3.77247241244438,40.60017919763703,0 -3.772786239497552,40.60024329363114,0 -3.773251208647207,40.60033425004031,0 -3.773803236696937,40.60044378113153,0 -3.774318710741281,40.60054724041881,0 -3.774714374354165,40.60064886783232,0 -3.775024180227985,40.6007407054845,0 -3.775391523396524,40.60084261519207,0 -3.775435995264021,40.60085660448471,0 -3.775774930657038,40.60095102193687,0 -3.776532188465311,40.6011738767443,0 -3.777171705665546,40.60135239592331,0 -3.778262768677787,40.60173169963149,0 -3.778934604323799,40.60174448367819,0 -3.77978731531374,40.60116899224439,0 -3.780483215934871,40.60102085566916,0 -3.781010526543855,40.60091647805712,0 -3.781633585020691,40.6008099546664,0 -3.782263175976365,40.6014604299098,0 -3.782802725417218,40.60171372773809,0 -3.783483514920488,40.60176812515447,0 -3.783992128039317,40.60141354683278,0 -3.784463332763666,40.60107535768648,0 -3.785024461444134,40.6004794525057,0 -3.785654687798658,40.60040114794512,0 -3.786321792818702,40.60038374647407,0 -3.78724262486734,40.59995172466886,0 -3.788085840486875,40.59955824199634,0 -3.789055943160215,40.59910000365595,0 -3.789912016335099,40.59899005891526,0 -3.790315603442251,40.59904262341541,0 -3.790856057791183,40.59912088645355,0 -3.791164715990098,40.59916204064894,0 -3.791994637864759,40.59928248139282,0 -3.792283569421117,40.59932914877416,0 -3.792926953039711,40.59946617526697,0 -3.794134212201423,40.59977238390987,0 -3.794555760644682,40.59982018138195,0 -3.795319562010611,40.59990651444803,0 -3.795735797767332,40.59990114493051,0 -3.796037934061641,40.59990158362049,0 -3.796743532748647,40.59988586740473,0 -3.797240115659884,40.59970226890236,0 -3.797658746993943,40.59940806862161,0 -3.797872176991715,40.59925071007426,0 -3.798504632045649,40.59881050416141,0 -3.799118805568849,40.59849026802567,0 -3.799771990323193,40.59858970864889,0 -3.799911853893386,40.59861706625214,0 -3.800534056145202,40.59877193163777,0 -3.801111754452337,40.59888814138822,0 -3.802595298529288,40.59888641113202,0 -3.802998570754137,40.59887673720102,0 -3.803355244670859,40.59888167292646,0 -3.803527519686023,40.59898668838099,0 -3.80349875155691,40.59905175136845,0 -3.803319733047992,40.59940073265618,0 -3.803187927850165,40.59964578585898,0 -3.803108215197623,40.59979948764041,0 -3.802982446850508,40.60005530909375,0 -3.80293731565871,40.60013579962764,0 -3.802917784218947,40.60018278169265,0 -3.802612677382037,40.6007614599684,0 -3.802533091404509,40.60092597092266,0 -3.80241412970286,40.60115832173398,0 -3.802248981702992,40.60148198046735,0 -3.802078684855318,40.60177054247735,0 -3.801804364909033,40.60225621392365,0 -3.801550530062684,40.60267597973546,0 -3.80142548486765,40.60289699547717,0 -3.801119995015085,40.60344290483267,0 -3.801012394929719,40.60363151994384,0 -3.800626487565438,40.60429958177062,0 -3.800317331607498,40.60483400837882,0 -3.800316896477249,40.60484509302275,0 -3.800529950065076,40.60590097189485,0 -3.801704924285495,40.60634803883712,0 -3.802186701202875,40.6063108694946,0 -3.803047259519189,40.60659723745794,0 -3.803341452719116,40.6066956558743,0 -3.803983458721933,40.60691017427917,0 -3.804855473989987,40.60718694745139,0 -3.804896241774705,40.60720168628161,0 -3.804973549781542,40.6072490369286,0 -3.805582263698037,40.60763474133642,0 -3.80574267720291,40.6077357298247,0 -3.805871461574255,40.60781935647471,0 -3.805931066456459,40.60784467666291,0 -3.806125413858902,40.60791604949506,0 -3.806255642193109,40.60803143216422,0 -3.806269960195852,40.60839049705321,0 -3.806450658277168,40.60864143711436,0 -3.806420310042011,40.60874182321485,0 -3.80619380375064,40.60908123489433,0 -3.806164336913694,40.60912350226236,0 -3.806079294737566,40.60925692030258,0 -3.806077283190732,40.60926796551112,0 -3.806078530993223,40.60927796097815,0 -3.806083689969636,40.60929019483886,0 -3.806201026072525,40.60951084603906,0 -3.806212134169006,40.60950731906303,0 -3.806508368316534,40.60945608035546,0 -3.806704437343416,40.60942158598313,0 -3.806942774923086,40.60936431922344,0 -3.806958848916778,40.60935608285852,0 -3.807260292362535,40.60924325469771,0 -3.807379150717842,40.60919918294354,0 -3.80777148665967,40.60919013530434,0 -3.80797707294322,40.60918239294811,0 -3.80810110348127,40.60917521998979,0 -3.808225133990615,40.60916804689851,0 -3.808414583939094,40.60919464889032,0 -3.808651464761569,40.60923353248518,0 -3.808746201334828,40.60924773350921,0 -3.809016342509547,40.60928868607159,0 -3.809103127332825,40.60930170020114,0 -3.809176074734256,40.60931274101186,0 -3.809265851386954,40.60940580348868,0 -3.809347725033413,40.60950102751242,0 -3.809388691582595,40.60969368810586,0 -3.809419255854998,40.60987408415105,0 -3.809607767520707,40.60986916476758,0 -3.809683871795738,40.60983701968818,0 -3.809734826548353,40.6098111768095,0 -3.809799430176369,40.60971841249043,0 -3.809846061689795,40.60964878150396,0 -3.809934150016526,40.60952250037926,0 -3.809939340959814,40.60949914042241,0 -3.809948213439998,40.60943901712159,0 -3.810079538009027,40.60946515825187,0 -3.810143232229423,40.60947823265643,0 -3.810176910274195,40.60948319534163,0 -3.810243767817846,40.60948120385318,0 -3.810283431089902,40.60945713448493,0 -3.810286550203867,40.60945504870607,0 -3.810368831554378,40.60944504829379,0 -3.810500819357511,40.60943048383398,0 -3.810721492377937,40.60940607901095,0 -3.810801419400989,40.60938907703093,0 -3.810817361797393,40.6093848571375,0 -3.81094784503474,40.60928858380831,0 -3.811059751126656,40.60916244178114,0 -3.811191565486629,40.60901599832031,0 -3.811300410596735,40.60889779621338,0 -3.811367827959064,40.6088150910928,0 -3.811449281049367,40.60871715268361,0 -3.81154707419421,40.60869382666792,0 -3.811627613980258,40.6087011793685,0 -3.811784266370501,40.60872122184998,0 -3.811896894543103,40.60864713527781,0 -3.81193994599302,40.60863451772025,0 -3.812003224022009,40.60861812743141,0 -3.812094297531985,40.60858948801229,0 -3.812283464773,40.60851651145222,0 -3.81234747572428,40.60849233229292,0 -3.812402412936863,40.60847145105181,0 -3.812466415740124,40.60842611041897,0 -3.812612408735605,40.60835956295236,0 -3.812761861376646,40.60830931474162,0 -3.812824461488252,40.60828267325572,0 -3.81279512347029,40.60816193235632,0 -3.812517226995716,40.60788208617072,0 -3.812307633305525,40.60776057263453,0 -3.811771183059406,40.60744467107516,0 -3.811469274424488,40.60726738413194,0 -3.811373362373917,40.60721249221759,0 -3.811307853879798,40.60719672951264,0 -3.811155041987381,40.60717247665122,0 -3.81106765803782,40.60715595576253,0 -3.810967762207857,40.60712856986669,0 -3.810909362560858,40.60710967333602,0 -3.810854729708778,40.60709182236746,0 -3.810794850176347,40.60706685798846,0 -3.810732602952233,40.60704012196848,0 -3.810676305995746,40.60701484410039,0 -3.810584679458273,40.60696628249922,0 -3.81054887598648,40.60694770465791,0 -3.81049389520273,40.60691698340619,0 -3.810384819197663,40.6068593633138,0 -3.810345543792439,40.60683517121488,0 -3.810321677301507,40.60682037518895,0 -3.810295944280323,40.60680370943169,0 -3.810263638836933,40.60677722523431,0 -3.810241831454962,40.6067577302138,0 -3.810219254258366,40.60673125883487,0 -3.81016522382751,40.60667643244343,0 -3.8101416094589,40.60665020525339,0 -3.810117590317012,40.60661884322698,0 -3.810095754086509,40.60658031026129,0 -3.810053764125428,40.60652109499807,0 -3.810035623216868,40.60648698911061,0 -3.80981505655802,40.60610414113028,0 -3.809766742144522,40.60602729319678,0 -3.809851838732826,40.60593751024027,0 -3.809792068922118,40.60581546482658,0 -3.809745647657131,40.60585333862828,0 -3.809697647413454,40.60588280933908,0 -3.809699623080033,40.60583594115081,0 -3.809700111684952,40.60581570414667,0 -3.809699965601207,40.60579772377133,0 -3.809699117844095,40.60575500136878,0 -3.80968212808656,40.60569578005487,0 -3.809678269987157,40.6056855912163,0 -3.809528320177167,40.60539057622815,0 -3.809405648155553,40.60511757005149,0 -3.809377333792868,40.6050253984824,0 -3.809234127333759,40.6048124737116,0 -3.80912373297053,40.6046379077392,0 -3.808868225098518,40.60426640312284,0 -3.808740695015457,40.6040580956927,0 -3.807715877040651,40.6025042430628,0 -3.806931210147821,40.60128872317589,0 -3.80630965440931,40.60033529226344,0 -3.806007975140882,40.59986719639767,0 -3.806148500141374,40.59980200146063,0 -3.806305375432914,40.59972737718823,0 -3.807129347215749,40.59933617919718,0 -3.807941777808423,40.59895666830898,0 -3.811345784341414,40.59736465194381,0 -3.812526886026921,40.59690491276293,0 -3.812629973505926,40.59684962524889,0 -3.813925769063636,40.596137294176,0 -3.8144367107637,40.59541659664114,0 -3.816134812901524,40.59501020278667,0 -3.817386421626901,40.59501577431365,0 -3.81888733030195,40.59501866689815,0 -3.820287453032743,40.59501144531288,0 -3.821094968547801,40.59481357572655,0 -3.821679818192374,40.59466551477993,0 -3.822166242149416,40.59454361199619,0 -3.822748176764737,40.59439501235712,0 -3.823999997146304,40.59451384505048,0 -3.824947725861204,40.59460258069529,0 -3.826399097392073,40.59474143244979,0 -3.827140248388622,40.59471214966175,0 -3.827378357932417,40.59469946082362,0 -3.827550417562784,40.59469389318645,0 -3.828072716923585,40.59460075715159,0 -3.828642706374155,40.59444796586592,0 -3.828965152654981,40.59435984668889,0 -3.82956549790867,40.59420041066364,0 -3.830076849579178,40.59406714725757,0 -3.830180692585809,40.5940362478181,0 -3.83091298596544,40.59396248427007,0 -3.831487776477248,40.59390152083083,0 -3.831946209700392,40.5938515004808,0 -3.832263202098103,40.59377474166504,0 -3.832559794214248,40.59370440991403,0 -3.832747104107625,40.59365816101656,0 -3.833232632407992,40.59353982432268,0 -3.833270902843481,40.59352806481141,0 -3.833332296105546,40.59350526042498,0 -3.833388553405204,40.59347666081297,0 -3.833829371498107,40.59317209596582,0 -3.834390475211471,40.59279642400919,0 -3.834738736842982,40.59256545262308,0 -3.835401694182712,40.5921154572116,0 -3.835448742973431,40.59209887327538,0 -3.835796513258302,40.59194528362672,0 -3.836141072926647,40.59180056724943,0 -3.83668667979328,40.59157090978756,0 -3.836810680478514,40.59154496542146,0 -3.837696346881729,40.59135734845312,0 -3.838472538048026,40.59164547587022,0 -3.839710838379534,40.59210314486662,0 -3.840550600414983,40.59241159630809,0 -3.841404562836233,40.59261452165222,0 -3.841691584076361,40.59267129796991,0 -3.842438190381015,40.59254141470785,0 -3.842757915141426,40.59248852265234,0 -3.843082726208652,40.59243256385319,0 -3.843408244232626,40.59237648096489,0 -3.843652930788596,40.59228755350463,0 -3.844267019543244,40.59206686789781,0 -3.84463754676172,40.59193470267606,0 -3.84524712275249,40.59159190364893,0 -3.845657886865782,40.59136090595116,0 -3.84628935350967,40.5912596344731,0 -3.846726528170872,40.59119010196697,0 -3.84741155598699,40.59108242018393,0 -3.84760847484884,40.5910486267674,0 -3.848100763874803,40.59097577478659,0 -3.848251379851732,40.59095495228335,0 -3.848758357881758,40.59095921693229,0 -3.849370344943039,40.59075432006507,0 -3.850237748444376,40.59043968763658,0 -3.850459333697157,40.59032902551186,0 -3.850526803453764,40.59029180824526,0 -3.850952147839853,40.59008469533185,0 -3.851186462326577,40.58996123933075,0 -3.851401808347786,40.58986072195991,0 -3.851674289461243,40.58971992650896,0 -3.852140375375517,40.58948047287124,0 -3.852397486857502,40.58934976536585,0 -3.852595853387927,40.589250145821,0 -3.852757974448706,40.58917326850783,0 -3.852922012161748,40.58908934550222,0 -3.852967382259839,40.58907386950175,0 -3.853454546728264,40.58891714780592,0 -3.853705172145721,40.58883747741464,0 -3.854081694046459,40.58854116975944,0 -3.854166706350525,40.58846693351251,0 -3.85423802574367,40.58842600464224,0 -3.854557888103446,40.58819831321914,0 -3.854783606417261,40.58804828731546,0 -3.854842267522783,40.58802050629426,0 -3.854968578497967,40.58799851622081,0 -3.855409556097594,40.58821497508141,0 -3.855995223342663,40.58813809441968,0 -3.856192900452566,40.58811770466962,0 -3.85713586894691,40.58801942021028,0 -3.857718333932291,40.58795717574507,0 -3.858034007112759,40.58792408262543,0 -3.858259760935976,40.587913110199,0 -3.858500397073483,40.58790464825942,0 -3.858816581686012,40.58796774348819,0 -3.85928618272033,40.58805755072297,0 -3.859753649388163,40.58815176368434,0 -3.859926774167544,40.58818540536193,0 -3.860105567664287,40.58828000805792,0 -3.860546977991762,40.58851007962554,0 -3.860788432051684,40.5886317072293,0 -3.861077470750815,40.58878088772665,0 -3.861305295337374,40.58889842948926,0 -3.861911969183893,40.58906436892608,0 -3.862372109075259,40.58919066904564,0 -3.862770546800673,40.58929760543098,0 -3.863180862092119,40.58940895783823,0 -3.863534326620006,40.58950241998716,0 -3.863602606388158,40.58954817649707,0 -3.863933947823339,40.58976731865152,0 -3.864252194978884,40.58997934903896,0 -3.864573995815678,40.59019224920502,0 -3.864902084865669,40.59041170206491,0 -3.865020948313374,40.59059648439221,0 -3.865181316569729,40.59084482573288,0 -3.865375475711992,40.5911469777061,0 -3.865466130227706,40.59128540841961,0 -3.865540714188448,40.59136177139446,0 -3.865670026455591,40.59149055309094,0 -3.865799322457049,40.59161931764381,0 -3.865862744823627,40.59168188703886,0 -3.865966945864732,40.59178775917983,0 -3.866255071760315,40.59184411568746,0 -3.866541184040972,40.59190007668438,0 -3.866888863691558,40.59196396472551,0 -3.867301370842003,40.5921357848718,0 -3.8673768666111,40.59216312966924,0 -3.867608022578752,40.59214507788016,0 -3.867826601037481,40.59212228244809,0 -3.868075073752747,40.59209770162459,0 -3.868367866732063,40.59207117541193,0 -3.868653859008197,40.59204624549867,0 -3.868922934676323,40.59200108964701,0 -3.869229191893572,40.59194463390074,0 -3.869506275974225,40.59188555380947,0 -3.869738626305906,40.59183320789678,0 -3.870066446683643,40.59175833049488,0 -3.870761867398539,40.59160435512494,0 -3.870958772553113,40.59156211148802,0 -3.871184135210823,40.59150821180906,0 -3.871477376374577,40.59144450347263,0 -3.871698105210805,40.59139492950668,0 -3.871838449288436,40.59136741165624,0 -3.872451435379689,40.59128492620318,0 -3.872701774493699,40.59124984239735,0 -3.872841105757009,40.59123319008938,0 -3.872981722228683,40.59121486669248,0 -3.873317866858325,40.59119391270206,0 -3.873582509682754,40.59117676780246,0 -3.87389967005597,40.59115170538734,0 -3.874072841101952,40.59105699448057,0 -3.874286642531948,40.59093798466388,0 -3.874438307262207,40.59084953940003,0 -3.874597299852681,40.59075358914256,0 -3.874844846939509,40.59061495762706,0 -3.875001107935058,40.59054941750877,0 -3.875288438772791,40.59043461710723,0 -3.87558154782125,40.59031351563567,0 -3.875705159790015,40.59026192791863,0 -3.875902974704911,40.59017610911322,0 -3.876174003109511,40.5899803895135,0 -3.876183337166065,40.58982717501283,0 -3.876192931258048,40.58965332586806,0 -3.876164193035952,40.58952249944792,0 -3.876110445060342,40.58926925315936,0 -3.876428379397571,40.58899369232488,0 -3.876683716535765,40.58877008336065,0 -3.876846911212115,40.5886253537225,0 -3.87721655713772,40.58848974317176,0 -3.877623872703833,40.58832926403557,0 -3.877909074242323,40.58821427419532,0 -3.878131184245309,40.58812529763532,0 -3.878314283395029,40.58805228436031,0 -3.878609593603203,40.58787720073344,0 -3.878932552162325,40.58768764966712,0 -3.879054548028843,40.58761563347783,0 -3.879185773763949,40.58754000918158,0 -3.879262238543095,40.5874962014971,0 -3.879455745944553,40.58738119951635,0 -3.879691872333414,40.58724194817577,0 -3.87982121665372,40.58716714106333,0 -3.88001051452547,40.58705414582856,0 -3.880080494124678,40.58701329322346,0 -3.880342300767235,40.58685920571179,0 -3.880643085778427,40.58670664379991,0 -3.880947170236334,40.58655555499152,0 -3.881212742640948,40.58642136497636,0 -3.881421472698662,40.58631481175766,0 -3.881599775475593,40.58622381783816,0 -3.881858906803749,40.586094154634,0 -3.882091590081011,40.58597758700973,0 -3.882448739011958,40.58579751423493,0 -3.882810546312113,40.58561536427669,0 -3.883172238690886,40.58543154384646,0 -3.883484494767571,40.58527041322068,0 -3.883685930465192,40.5852767054045,0 -3.883690993324551,40.58518833164785,0 -3.883695538302712,40.58510361488862,0 -3.883713652156334,40.58481539538211,0 -3.883725921213783,40.5846226679963,0 -3.883739748070071,40.58440017287183,0 -3.883752241700621,40.58419938094433,0 -3.883769148844175,40.58391916135696,0 -3.883790363566202,40.58364842200864,0 -3.88380491859919,40.58346421735782,0 -3.883811049546214,40.58338061362483,0 -3.88373171640771,40.58320735312225,0 -3.883612496319131,40.58293200361612,0 -3.883541036646267,40.58278051898682,0 -3.883487317801126,40.5826581319327,0 -3.883433494414968,40.58253137641788,0 -3.883471384589195,40.58246734988334,0 -3.883581645210146,40.58228375548034,0 -3.883695790438689,40.58209640163637,0 -3.883819721292589,40.5818904058149,0 -3.883913367101463,40.58172746008988,0 -3.883987643303539,40.5815976641926,0 -3.88407928612861,40.58144310906996,0 -3.884096503563844,40.58141453673829,0 -3.884179189004258,40.58128147284592,0 -3.88416332641519,40.58118608643546,0 -3.884150001132536,40.58110015507925,0 -3.88413458443664,40.58100793632101,0 -3.883970125019849,40.58058935762,0 -3.883776335136956,40.58031877595506,0 -3.883773597684532,40.58024589465673,0 -3.883768325969482,40.58010551411943,0 -3.883762308583961,40.57994528224091,0 -3.883753865126357,40.57972047001655,0 -3.883746387266339,40.57952135050225,0 -3.883741515584296,40.57939160439508,0 -3.883731578949905,40.57909560396463,0 -3.883839502610237,40.57882495321153,0 -3.883933375026097,40.57857900821609,0 -3.88411880530243,40.5780927481273,0 -3.884260399570112,40.57771958650241,0 -3.884321849915351,40.57755288602744,0 -3.884355760720132,40.57746759297745,0 -3.884433074482109,40.57726454776923,0 -3.884542724327137,40.5769643659567,0 -3.884621159258495,40.57677135676209,0 -3.884743844298957,40.57644393249369,0 -3.884877912053028,40.57609635662882,0 -3.885044693249019,40.57565731740005,0 -3.885190907198732,40.57527031772952,0 -3.885270305292111,40.57506425872028,0 -3.885324474848591,40.5749548783869,0 -3.885492711248522,40.57461902327932,0 -3.885576674129093,40.57445580523575,0 -3.885657054542917,40.57430746640025,0 -3.885688586497256,40.57424916332182,0 -3.885750898803799,40.57412807474774,0 -3.885858380800776,40.5740500564624,0 -3.886039776831867,40.57391819167142,0 -3.886180290951599,40.57381355834167,0 -3.886437979830405,40.57362685248295,0 -3.886647204103547,40.57347525845297,0 -3.886843601582439,40.57333447300849,0 -3.887079699592691,40.5731680614985,0 -3.887227226178962,40.57306407932451,0 -3.887495180398014,40.57287521303795,0 -3.887699739918387,40.57273090947385,0 -3.887870912764289,40.57260867322683,0 -3.88805933852827,40.57247411616548,0 -3.888221710119911,40.57235816399029,0 -3.888409279117857,40.57222405166977,0 -3.888449138418837,40.57214185386272,0 -3.888546403358843,40.57194131620508,0 -3.888652176258527,40.5717326573938,0 -3.888883324592844,40.57108718188494,0 -3.888963415890927,40.57085883808563,0 -3.888851940124391,40.57061126362023,0 -3.888757076202735,40.57040294925314,0 -3.888657676894847,40.57018467088552,0 -3.888475234114314,40.56981547436877,0 -3.888333811682075,40.56952928486999,0 -3.88823755379905,40.5693344911629,0 -3.888105679073237,40.56913446415208,0 -3.888025319121303,40.56901056666697,0 -3.887935825870378,40.56865121288236,0 -3.887915062960492,40.56849698329308,0 -3.887893908779335,40.56828722228708,0 -3.887791163909566,40.56807456322481,0 -3.887690087545682,40.56785348517832,0 -3.887575939936939,40.56760223717365,0 -3.887546523519032,40.56753749120085,0 -3.887370035335143,40.56714424948122,0 -3.88729374652643,40.56696159213035,0 -3.887201230804537,40.56675284479015,0 -3.887083203223668,40.56645600032792,0 -3.886915788066287,40.56624679997486,0 -3.886801317464822,40.56611732937932,0 -3.886737511349372,40.5660768500865,0 -3.886558799038192,40.56596557905133,0 -3.886438678666845,40.56589272189501,0 -3.886150093606322,40.5657082800834,0 -3.886099163363922,40.56567784281235,0 -3.886072898117622,40.56566214563472,0 -3.885998038785544,40.56561193837736,0 -3.885933761876556,40.5655688289872,0 -3.885871734059554,40.56551979347345,0 -3.885733559338197,40.56542284498665,0 -3.885410192479193,40.56517392748543,0 -3.885245384388198,40.56504270874312,0 -3.88506038832784,40.56489907812458,0 -3.884874189519798,40.56475187363593,0 -3.884668915226534,40.5645895189633,0 -3.884448017666902,40.56440745706994,0 -3.88432030178512,40.56430307564332,0 -3.884228801002773,40.56422350445472,0 -3.884188982989623,40.56418887688284,0 -3.884071900078852,40.56407997247484,0 -3.883913922702048,40.56392442272671,0 -3.883819722716356,40.56383732072106,0 -3.883835734664736,40.56368492503739,0 -3.883848917048036,40.56357542366195,0 -3.883859280732891,40.56347623545108,0 -3.883882988346127,40.56327570564852,0 -3.883902400101388,40.56314677786288,0 -3.884010983567065,40.56299821871411,0 -3.884107843008522,40.56286692077754,0 -3.884137396345091,40.56282686148067,0 -3.884174447782907,40.56277617841749,0 -3.884277796087895,40.5626348084295,0 -3.884334338743432,40.5625587966397,0 -3.884449583813312,40.5624046826241,0 -3.884578499214639,40.56222655277243,0 -3.884682557917392,40.5620894732504,0 -3.8848771585248,40.56182115062926,0 -3.884931825494457,40.56174497993963,0 -3.884965406809263,40.5613294685111,0 -3.884987570851836,40.56102863051343,0 -3.88481614655349,40.5608426353152,0 -3.884638986909068,40.5607336852412,0 -3.884540116818487,40.560673527791,0 -3.884401837756002,40.56058820149798,0 -3.884313818252909,40.56053429664306,0 -3.884210917296691,40.56046812488543,0 -3.884051217828572,40.56040514528694,0 -3.883798224093747,40.56030582170961,0 -3.883576263161621,40.56021868150307,0 -3.883229578706089,40.56008507239076,0 -3.882947057250076,40.55997575314831,0 -3.882691768289604,40.55987410149468,0 -3.882539086035762,40.55981493363478,0 -3.882377080719293,40.55975215400078,0 -3.882249515681336,40.55970241796504,0 -3.882093668189141,40.55963673872954,0 -3.881328988295639,40.55962182062549,0 -3.880599686936289,40.5596012540568,0 -3.880186138207529,40.55959178980116,0 -3.879725327794059,40.5595826839777,0 -3.879373212575269,40.55957725245111,0 -3.878939065813218,40.55957432322992,0 -3.878566810588099,40.55950603878836,0 -3.877788093049308,40.55936695061938,0 -3.877556441217708,40.55929052079306,0 -3.877288076200395,40.55919978231481,0 -3.877138482475898,40.55915423121395,0 -3.876665294546516,40.55904899084195,0 -3.876459089326078,40.5590085503015,0 -3.876166663739145,40.55895222145014,0 -3.875537701642978,40.55881824687447,0 -3.875424912979584,40.55879835263784,0 -3.875301515633508,40.55851125579811,0 -3.875205495788701,40.55830473751504,0 -3.875120006879141,40.55811882890338,0 -3.874434110628636,40.55788471107304,0 -3.874285565674139,40.55783160617495,0 -3.874033819682381,40.55774899084661,0 -3.874000216477707,40.55773115547061,0 -3.8739689478064,40.55768420770736,0 -3.873832836987078,40.55756946025315,0 -3.8738136682588,40.55751170318977,0 -3.873743443538358,40.55730272011819,0 -3.873707155976113,40.55718904265151,0 -3.873662030099637,40.55704302566812,0 -3.873616445445715,40.55690004448392,0 -3.87355756893886,40.55673811023924,0 -3.873471249197986,40.55655210842631,0 -3.873423751968954,40.55645039637339,0 -3.873340529270266,40.55627416176797,0 -3.873287821352076,40.55616254606465,0 -3.873212629981907,40.55599513869847,0 -3.873207545088402,40.55596231043518,0 -3.873191160206337,40.55586110632948,0 -3.873186001608504,40.55582923985737,0 -3.873176685587865,40.55576592816224,0 -3.873119080134494,40.55562521051687,0 -3.873081283691346,40.55553188061994,0 -3.873061234381288,40.55547997765675,0 -3.872999370611415,40.55531982326815,0 -3.872962919206952,40.55523908733529,0 -3.872959602912718,40.55522937841653,0 -3.87296164791342,40.55521941367608,0 -3.872966031452862,40.55519325781641,0 -3.873026015530691,40.55490284189035,0 -3.873076561517709,40.5546920293957,0 -3.873016930475803,40.55438254761656,0 -3.87294547546631,40.55406501570682,0 -3.872852722237902,40.55365223272427,0 -3.872801034493592,40.55340884939877,0 -3.872627906499519,40.55310424806773,0 -3.872416322840411,40.55272745585735,0 -3.872231544686743,40.55241000976489,0 -3.872160909080361,40.55227113132078,0 -3.871866412517092,40.55202227778383,0 -3.871604867172214,40.55180348221315,0 -3.871342286594666,40.55159461881604,0 -3.871157772302238,40.55145035549026,0 -3.871000997416427,40.55132154179166,0 -3.870842438311559,40.55119206927013,0 -3.870764285005709,40.55112513665531,0 -3.870662126592125,40.55094928497967,0 -3.870605342374183,40.55085153973626,0 -3.870526565063109,40.55071913764892,0 -3.870455987958734,40.55060369851196,0 -3.870397436667847,40.55050835019613,0 -3.870272025980108,40.55031016669596,0 -3.87015276016924,40.55012378691882,0 -3.870034298247305,40.54990858186623,0 -3.869915762878676,40.54969412136058,0 -3.869737011160607,40.54938648939533,0 -3.869520087575172,40.5489800739506,0 -3.869281245997731,40.54857455809864,0 -3.86915023612342,40.54834522521458,0 -3.869072609195452,40.5482072594933,0 -3.869203807226018,40.5479460753792,0 -3.869344696604146,40.54762608000492,0 -3.869444629071928,40.54741498007109,0 -3.869288717625079,40.54725513747614,0 -3.869151248921068,40.54711420049264,0 -3.868953050453993,40.54691202976169,0 -3.868716404644774,40.54670557132021,0 -3.868561218096871,40.54657789984842,0 -3.868355834939438,40.54640108866263,0 -3.868112228047455,40.54619567764757,0 -3.867932801778298,40.54604764831443,0 -3.867817445761507,40.54594806147699,0 -3.867668101092704,40.54581442612408,0 -3.867502085464233,40.54567062050906,0 -3.867359014999549,40.54554401674147,0 -3.867323274162225,40.5455022140165,0 -3.867225011620899,40.54538503831393,0 -3.86706823949361,40.54518762163723,0 -3.867017016440362,40.54512343465371,0 -3.866981374612202,40.54507911041642,0 -3.866896141479484,40.54497311835367,0 -3.866879733841655,40.54495188883305,0 -3.866803429257958,40.54485316285969,0 -3.866678783839822,40.54469188839122,0 -3.866440037474116,40.54438890182157,0 -3.866377428463805,40.54430944534732,0 -3.866232680447557,40.54412731082033,0 -3.866118175259405,40.54398349350193,0 -3.865905664793081,40.54370456346322,0 -3.865797913567536,40.54356552210399,0 -3.865729034575774,40.54347664040497,0 -3.865670360006991,40.54340289535203,0 -3.86564505709342,40.54328588234677,0 -3.865621695717998,40.54315199483052,0 -3.865587783735566,40.54296357594832,0 -3.865560670089699,40.54281293043884,0 -3.865556520223825,40.54277456965387,0 -3.86554448729947,40.54266332372286,0 -3.865504353568401,40.54238691477077,0 -3.865143328189684,40.54200138385315,0 -3.865014812312225,40.54183510145218,0 -3.864953119371937,40.54165184246393,0 -3.864870823472907,40.54142318018634,0 -3.86483643084808,40.54132762098317,0 -3.864766898090014,40.54112196973995,0 -3.864707996363514,40.54094776066048,0 -3.864645797780808,40.54076380077238,0 -3.864610437207532,40.54065921651326,0 -3.864557018477385,40.54050122178295,0 -3.864510227910993,40.54036084548129,0 -3.864462126115261,40.54022510048103,0 -3.864417680581413,40.54008358048841,0 -3.864383478916367,40.5399776920098,0 -3.864352965096939,40.53987997663855,0 -3.864323757507944,40.53979090713925,0 -3.864305137449387,40.53973592519834,0 -3.864267878373936,40.53962705151221,0 -3.864213720162918,40.5395731020412,0 -3.86416326966432,40.53952069864916,0 -3.86409785958135,40.53945646865767,0 -3.864055621085747,40.53941594316086,0 -3.863984103761872,40.53934388778891,0 -3.863876183975943,40.53923856660239,0 -3.86386605128881,40.5391286314065,0 -3.86385136443276,40.53871996330746,0 -3.863867263026698,40.53811906101284,0 -3.8638766856069,40.5377484954828,0 -3.863876020045258,40.53763252024063,0 -3.863867420514958,40.53754677569815,0 -3.86384717098109,40.5374770079844,0 -3.863659451184592,40.53684206286233,0 -3.863534971714928,40.53643490979762,0 -3.863465734964376,40.53619190125603,0 -3.863327249489441,40.53570584266306,0 -3.863136705286016,40.53508454970338,0 -3.863083212681372,40.53490765149314,0 -3.863024134638629,40.534715510631,0 -3.863009398281902,40.53466503985621,0 -3.862738145221484,40.53448435081069,0 -3.862471735862667,40.53431038336936,0 -3.862327780755961,40.5342199716213,0 -3.862155112954146,40.53410268085919,0 -3.861955940128526,40.53391073248174,0 -3.861775435335399,40.53373339373588,0 -3.861701568545165,40.53366824071522,0 -3.861618894986687,40.53358807798025,0 -3.861422674244328,40.53340107229926,0 -3.861358631309842,40.53332997747171,0 -3.861093764315726,40.53315410614986,0 -3.860920840992129,40.53306452921537,0 -3.860610817101437,40.53290886487344,0 -3.860414542643356,40.53262913465793,0 -3.859963748959363,40.5319650756613,0 -3.859764532413972,40.53164502561632,0 -3.859611156294015,40.53140169285447,0 -3.8595364840206,40.5312805285023,0 -3.859452054972551,40.53120096280111,0 -3.859216884891186,40.5309779311517,0 -3.859147569537968,40.53091325971158,0 -3.859048922517148,40.53082122042228,0 -3.858873907312157,40.53065792687737,0 -3.858692355945501,40.53049263032935,0 -3.858587975903681,40.53039302800153,0 -3.858467264669803,40.53032152018995,0 -3.858245861659587,40.53019065521698,0 -3.858121987621676,40.53012262451335,0 -3.858181958341751,40.53002338211961,0 -3.858348266089979,40.52978036184938,0 -3.858322616340141,40.52963741671772,0 -3.858302087590983,40.52950958276165,0 -3.858276341221976,40.52934303883359,0 -3.858250342555042,40.52921501036293,0 -3.85823969592924,40.52916258065388,0 -3.858147371691065,40.52897808564674,0 -3.858080812731628,40.52885417450189,0 -3.857986602754012,40.5286864398505,0 -3.857911595105303,40.52854026388223,0 -3.857842528639494,40.52839676171153,0 -3.857811051851648,40.52832262220181,0 -3.85777604519925,40.52816293862199,0 -3.857750522903943,40.52801104391271,0 -3.857728932786275,40.52788030514302,0 -3.857459282395537,40.5277213892216,0 -3.857244924126554,40.52759802566086,0 -3.856965102958803,40.52742903829737,0 -3.856712592845704,40.52727864465422,0 -3.856131787267064,40.52692997321668,0 -3.855052016874253,40.52563092194492,0 -3.854767850356402,40.52551877727207,0 -3.854653839457438,40.52539889428245,0 -3.854461303530416,40.52520614745664,0 -3.853696409017651,40.52441775085307,0 -3.853752468487488,40.5242728846265,0 -3.853779247027923,40.52415023518822,0 -3.853823065487588,40.52409045314618,0 -3.854094594498687,40.52335067929143,0 -3.854207713603638,40.52302507934486,0 -3.854305006445838,40.5227406693374,0 -3.854369256414065,40.52257220215101,0 -3.854368410114561,40.5215718796956,0 -3.85438130280749,40.52137971339888,0 -3.854380152564143,40.52136564110184,0 -3.854376362820486,40.52135399728296,0 -3.85437038813065,40.52134236871877,0 -3.854259903293884,40.52114485529091,0 -3.854213505597318,40.52106181977308,0 -3.853916860656612,40.5205593304557,0 -3.853671272613745,40.52013915339883,0 -3.85333128663715,40.5195129940933,0 -3.851739736211248,40.51827700317855,0 -3.851288221211737,40.51764672369148,0 -3.851536754446339,40.51716693483704,0 -3.851549463997764,40.51713388414232,0 -3.851739045465993,40.51690971271024,0 -3.8518791409278,40.5167315472796,0 -3.852224312357094,40.51547114013621,0 -3.853350720700087,40.51453525610617,0 -3.854012504648137,40.51199723341523,0 -3.853892165047427,40.511800715516,0 -3.853685156102666,40.51144751092873,0 -3.853510005901987,40.51119031123775,0 -3.853259914132662,40.51088414663614,0 -3.852933497242445,40.51048416187519,0 -3.852580363815088,40.50993569213983,0 -3.852542929698294,40.50978748268015,0 -3.852233856265083,40.50959119310371,0 -3.849733546675223,40.50883125226872,0 -3.849713219971794,40.50882539463645,0 -3.849166247458409,40.50903123077841,0 -3.84510073987531,40.50797376264998,0 -3.842218884524347,40.50722899946248,0 -3.840224302632985,40.50671003203895,0 -3.839186109829547,40.50643797991712,0 -3.839069325386061,40.50640652128681,0 -3.838595685106156,40.50628293002987,0 -3.837108898443809,40.50589217340959,0 -3.837369917849891,40.50518378937089,0 -3.837550045735322,40.50467431118594,0 -3.837642536418616,40.50443702932511,0 -3.837733849418408,40.50424363719023,0 -3.837868863609609,40.50396967987682,0 -3.837980567555238,40.50380098433084,0 -3.83826067273953,40.50338638377708,0 -3.838477476222994,40.50305759092803,0 -3.838641082236029,40.50281868230456,0 -3.839142392220481,40.50056897238601,0 -3.839232754374076,40.50015372987325,0 -3.839401785454307,40.49938510151126,0 -3.839255731121662,40.49923797270669,0 -3.838620595932841,40.49858608463805,0 -3.837704632966235,40.49764805319195,0 -3.837496233885963,40.49740181785558,0 -3.837200722638999,40.49704535004552,0 -3.836864190250712,40.49664578727031,0 -3.836406224656721,40.49611357737746,0 -3.835945070269101,40.49558674894977,0 -3.835694612505792,40.49529039538814,0 -3.835228779700811,40.49488221772796,0 -3.834964195609281,40.49464917812652,0 -3.834713887055262,40.49442717067036,0 -3.834532827638206,40.49421117242527,0 -3.834428249653913,40.49406619002502,0 -3.834381561604735,40.49363535672148,0 -3.834268338948479,40.49265140703324,0 -3.83419833959823,40.49199351167974,0 -3.834191205879226,40.49193867565302,0 -3.834024988824732,40.49150138595483,0 -3.833905392993695,40.49119287220778,0 -3.833838128308835,40.49101552848385,0 -3.833785632384874,40.49088010731299,0 -3.833730814924858,40.49071764647842,0 -3.833638958030118,40.49045076684995,0 -3.833579813417825,40.49027154548141,0 -3.833512959526795,40.49008271945,0 -3.833434202397789,40.48983971238626,0 -3.833411601109364,40.48966887499729,0 -3.833173589251986,40.48783934364238,0 -3.833173455503965,40.48777910666583,0 -3.833196980832058,40.48755479227819,0 -3.833238368016009,40.48712834364601,0 -3.83328192218948,40.48672850872689,0 -3.83333697340332,40.48616501911535,0 -3.833311863413864,40.48597638189811,0 -3.833427059181453,40.48578425730534,0 -3.833610242853668,40.48548586069542,0 -3.833770055518146,40.48521735633696,0 -3.833794619265954,40.48515926635155,0 -3.833831367074712,40.48506423397144,0 -3.83388017390229,40.48494037349552,0 -3.833940207053462,40.48478285764398,0 -3.83400303887429,40.48461907299254,0 -3.83420549152511,40.48411275429157,0 -3.834234066563624,40.48404117325812,0 -3.834404522516127,40.48375025268798,0 -3.834421875694016,40.48372374845329,0 -3.834574513416012,40.48346476847939,0 -3.834765779930994,40.48312696702992,0 -3.83501047574996,40.48270011097,0 -3.835083057634062,40.48255904775056,0 -3.835091517716057,40.48255062546346,0 -3.83529413060973,40.48244089504258,0 -3.835485595323395,40.48233712496533,0 -3.835650269416952,40.48225061293734,0 -3.835871802236559,40.48213428532092,0 -3.836013213716376,40.48205889403606,0 -3.836190319577531,40.48179088634545,0 -3.836249566448235,40.48171260367404,0 -3.836311920751685,40.48136604412787,0 -3.836325715081729,40.48132126017204,0 -3.836337586176282,40.48128483237171,0 -3.836340651341863,40.48120963904031,0 -3.836347099519607,40.48119560876567,0 -3.836464527068928,40.48107426762201,0 -3.8365421821978,40.48099194440246,0 -3.836667740591231,40.48086378482016,0 -3.836667354573314,40.48085597509741,0 -3.836519952139925,40.48067497944413,0 -3.836481779763825,40.48063014096277,0 -3.836465826991347,40.48059007673073,0 -3.836483024901675,40.48054986265619,0 -3.836556089293644,40.4800870457221,0 -3.836649759653399,40.47958351966794,0 -3.83665018031497,40.47958138691855,0 -3.836650188114215,40.4795813499256,0 -3.836650021175122,40.479581302486,0 -3.835741055695737,40.47932396411318,0 -3.835191709091973,40.47916838308363,0 -3.834890039682522,40.47908272318565,0 -3.834667695891154,40.47901955333386,0 -3.834212932084336,40.47888932025347,0 -3.834123186349359,40.47886357101307,0 -3.833600088114428,40.47871202712685,0 -3.83336896699204,40.47864495415538,0 -3.833081487108741,40.4785615295141,0 -3.832759670866995,40.47847754076433,0 -3.83272771085894,40.47846894231751,0 -3.832718359236067,40.47846639711421,0 -3.832669694749557,40.47845215330734,0 -3.832233610488754,40.4783340299341,0 -3.831838721158178,40.47821759218092,0 -3.831728618199591,40.47818631197985,0 -3.8312546972374,40.47805161052791,0 -3.830880345911891,40.47794520183051,0 -3.830689144276329,40.47789080930882,0 -3.830574890267365,40.47785766596891,0 -3.830251418060074,40.4777633218645,0 -3.829964819211708,40.47768366684793,0 -3.829784615289437,40.47763126589489,0 -3.829574817293373,40.47757069879973,0 -3.82927163957463,40.47748584579999,0 -3.829245594222532,40.47747846519443,0 -3.82886332883059,40.47737084456968,0 -3.828731097229459,40.47733386440655,0 -3.828705290137804,40.47732666214841,0 -3.828526382407297,40.47727397966356,0 -3.828482217792015,40.47726096307432,0 -3.828472273348105,40.47725815150832,0 -3.828201275428841,40.47718045231635,0 -3.827823415646468,40.47707586059646,0 -3.827743511071998,40.47705372954382,0 -3.827516218244899,40.47698995069422,0 -3.827111689356054,40.47687500625984,0 -3.826700530527394,40.47675794568845,0 -3.826592916054908,40.47672727339712,0 -3.826504362287335,40.47670205022403,0 -3.826126355611299,40.47659457023058,0 -3.825678264339821,40.47646704938752,0 -3.825186143643946,40.4763276782373,0 -3.824689869740837,40.47618626346901,0 -3.824567697054333,40.47615145897413,0 -3.823827309845338,40.47593988801615,0 -3.823506857887222,40.47584982679908,0 -3.823383271959686,40.4758151212054,0 -3.823324195435718,40.47579806477032,0 -3.822956718170346,40.475692301139,0 -3.8226961562408,40.47561802904924,0 -3.822501889621952,40.4755627438493,0 -3.821932213999311,40.47539904517694,0 -3.821737706118708,40.47534322076875,0 -3.821247840598835,40.47520363656354,0 -3.820867585069418,40.47509417331355,0 -3.820567240366904,40.47500774664576,0 -3.820217323027879,40.47490941708153,0 -3.820215074104454,40.47490880241744,0 -3.820100364803332,40.47487628253172,0 -3.81970855172614,40.47476680737064,0 -3.819328317439858,40.47465878121065,0 -3.819247226790688,40.47463566168615,0 -3.819165664440988,40.47461245535855,0 -3.81890142893841,40.47453730432591,0 -3.818879778586548,40.47453114697787,0 -3.818711796033627,40.47448314655067,0 -3.818302080377085,40.47436595565884,0 -3.817841324492571,40.47423254808019,0 -3.817655343646702,40.47417890776096,0 -3.817604319595429,40.47416413283908,0 -3.81749082078247,40.47413394410724,0 -3.817316132989797,40.47408725121831,0 -3.816812424250259,40.47394279111988,0 -3.816458349827356,40.47384132638378,0 -3.816148284779454,40.47375000194298,0 -3.815978898192767,40.473702638065,0 -3.815875442598328,40.47367363808343,0 -3.815634916033757,40.47360623552755,0 -3.814732989833304,40.47334763649853,0 -3.814563834617555,40.47329972927253,0 -3.814450078797607,40.47326746640132,0 -3.814140875099846,40.473178742167,0 -3.813740049096964,40.47306372554323,0 -3.81364037005569,40.47303469696317,0 -3.813522935520579,40.47300065818948,0 -3.813249971612263,40.47292338807009,0 -3.813087567024259,40.4728775023249,0 -3.812917232379623,40.4728294207973,0 -3.812758156109643,40.47278549314007,0 -3.812652338697581,40.47275605642341,0 -3.812582266003786,40.47273645920175,0 -3.812545917475521,40.47272545269475,0 -3.812488492290586,40.47270792864128,0 -3.812387644501553,40.47267971799485,0 -3.81233390644285,40.4726646895447,0 -3.8119424994657,40.47255743821966,0 -3.810727297292658,40.47221163693655,0 -3.810253934260577,40.47207702616005,0 -3.806057043300271,40.47088085168754,0 -3.80554534065452,40.47073468632422,0 -3.805056012998044,40.47059502944385,0 -3.803800845956376,40.47023546954583,0 -3.803069579317293,40.47002604392561,0 -3.8028665828168,40.46996790337749,0 -3.802628426022293,40.469899286016,0 -3.802358797937492,40.46982277860309,0 -3.802092851716712,40.46974822607103,0 -3.801821929498272,40.46967190655974,0 -3.801039662381235,40.46944795620255,0 -3.800179397811468,40.46920165785497,0 -3.800137331683684,40.46921546246956,0 -3.800004435620963,40.46925908382248,0 -3.799407474047554,40.4693717672955,0 -3.79938580836787,40.46937507026769,0 -3.799364130936525,40.46937738233481,0 -3.799234222222532,40.46938440588654,0 -3.799160083062108,40.46938933200329,0 -3.798888371396894,40.46940526250088,0 -3.798337863087498,40.46943653989258,0 -3.797644718076294,40.46947591436302,0 -3.796814071632383,40.4696287542338,0 -3.796261444687862,40.4697305762723,0 -3.796099775197242,40.46976529234286,0 -3.795634502021194,40.46985245574608,0 -3.795626380316725,40.46985395308271,0 -3.795524098772815,40.46987312452074,0 -3.795506575947563,40.46987765950194,0 -3.795429076989906,40.46989783144381,0 -3.795273217261339,40.46993502887678,0 -3.795146636064941,40.46996436708901,0 -3.795001470407917,40.4699981572805,0 -3.794592118666594,40.47009610290669,0 -3.794457396933922,40.47013540615233,0 -3.794359000575287,40.47016401013286,0 -3.793394471830205,40.47047864230714,0 -3.793379429975781,40.47048352119378,0 -3.793323406760446,40.4705043551109,0 -3.792499614870504,40.47077026911805,0 -3.792443303463726,40.47078660011973,0 -3.792400993519492,40.47079995314634,0 -3.792343051770958,40.47081818805277,0 -3.792300896786483,40.47083469220516,0 -3.792264729931447,40.47084881387475,0 -3.792187913573753,40.47088699682647,0 -3.792172667377087,40.47089457873484,0 -3.792128079729782,40.47091488414887,0 -3.791898685435069,40.47101906598264,0 -3.791716343671848,40.47112211516159,0 -3.791499549073982,40.47124458901301,0 -3.791079890908508,40.47149079058361,0 -3.79100561362864,40.47153436072806,0 -3.79099669975088,40.4715387460186,0 -3.790941923176991,40.47156542695509,0 -3.789905517590296,40.47196061215942,0 -3.789299247142472,40.47215808111431,0 -3.788819185576963,40.47231423640615,0 -3.788499485282553,40.47241389269792,0 -3.788248741451067,40.47248893391574,0 -3.788112834727252,40.47252850812035,0 -3.787663142996778,40.47265931661212,0 -3.787546021437702,40.47269128471895,0 -3.78746958801802,40.47271216568261,0 -3.787456656877596,40.47271603753496,0 -3.787245635271619,40.47277837361693,0 -3.786753267739676,40.47291190165193,0 -3.7860418753456,40.47310970779625,0 -3.785873213144467,40.4731506687876,0 -3.785480877267322,40.47324594937623,0 -3.784008667114599,40.47361304744451,0 -3.783228211931173,40.47380770116746,0 -3.782865337296163,40.47394961515967,0 -3.782676736858702,40.47402341345446,0 -3.781943836973203,40.47431169959043,0 -3.78096653328911,40.47463352348841,0 -3.780262929939752,40.47462052172286,0 -3.779903630899815,40.47461357478395,0 -3.77911771073976,40.47460283227109,0 -3.778955020545279,40.47460194599153,0 -3.778842234174665,40.474601263745,0 -3.778737464862826,40.47460025710391,0 -3.778399799861264,40.47459712365082,0 -3.778216933100448,40.47459592086856,0 -3.778128802564158,40.47459534217728,0 -3.77788150820359,40.47459277081774,0 -3.777746767548207,40.4745910640988,0 -3.777338652737582,40.47458605836956,0 -3.776997471817027,40.47458492642985,0 -3.77686935258462,40.47458452551329,0 -3.77678971734149,40.47458406887721,0 -3.776735329948826,40.47458380287007,0 -3.775685333410362,40.4745677835473,0 -3.772746315247215,40.47452303182039,0 -3.772471629543633,40.4745183797824,0 -3.772351422918919,40.47451882096442,0 -3.772248203906255,40.47451915032022,0 -3.772025918650701,40.47451648851386,0 -3.771711602004125,40.47451254983032,0 -3.771551012566452,40.47450965623382,0 -3.771467827360337,40.47450813855613,0 -3.771062359293429,40.47449723718674,0 -3.7708553364579,40.47447780568363,0 -3.770329336455855,40.47442842572529,0 -3.769583395900468,40.47436465053616,0 -3.769446576959745,40.47434628145064,0 -3.769344613278006,40.4743325450193,0 -3.769050836882343,40.47431936244588,0 -3.768917971661923,40.47430619160708,0 -3.768737983567706,40.47428837823485,0 -3.768555012807335,40.47427797174076,0 -3.768328014837814,40.47425506495792,0 -3.768108575747758,40.47423291829848,0 -3.768093576244629,40.47423139637257,0 -3.767620256148828,40.47418741968583,0 -3.766864456025778,40.47411720598014,0 -3.76647311464516,40.47408268145099,0 -3.766460325730518,40.47407844197291,0 -3.766450969966781,40.47407526079892,0 -3.766431097439412,40.47406016748147,0 -3.765915612008451,40.47393889558035,0 -3.765867944142019,40.47392768001843,0 -3.763632742288282,40.47340227314964,0 -3.763549562051022,40.47339074981609,0 -3.76359487721752,40.47251694033355,0 -3.763475782574849,40.47243808717892,0 -3.763413676172687,40.47242273087087,0 -3.763362961462222,40.47242369645942,0 -3.763210583583524,40.47242668292259,0 -3.763135036535617,40.47242240702144,0 -3.763031395296959,40.4724164237675,0 -3.762772514214928,40.47235858076582,0 -3.762589675825314,40.4723176236344,0 -3.762513095589421,40.47230542537667,0 -3.762411460644632,40.47228906805113,0 -3.762269303402909,40.47228838317844,0 -3.761971853334276,40.47229358504132,0 -3.761561415057693,40.47230088111696,0 -3.761064985538023,40.47230874199699,0 -3.760807630690695,40.4723127768472,0 -3.76048069373772,40.47232897969301,0 -3.760390083061529,40.47232777315842,0 -3.760251354819435,40.47230688232062,0 -3.760240601531063,40.47230515126421,0 -3.760211211783322,40.47230372296566,0 -3.760096013978374,40.47229817344653,0 -3.759961522365858,40.47227626341535,0 -3.759902811961209,40.47227953229295,0 -3.759870862703907,40.47228127386436,0 -3.759838370520217,40.47228707211789,0 -3.75972770352212,40.47230671747456,0 -3.759662924874552,40.47233678266665,0 -3.759601079887157,40.47236547720138,0 -3.759505205203865,40.47244151117514,0 -3.759498776386306,40.47244677860486,0 -3.759474233805352,40.47245675961962,0 -3.759433605061089,40.47247342285188,0 -3.759331551860442,40.47248283113031,0 -3.759230052025683,40.47253079394202,0 -3.759174736228628,40.47255268775395,0 -3.759098631079655,40.47258264684724,0 -3.759046314147199,40.47259848491294,0 -3.759010457595269,40.47260944102463,0 -3.758894889484951,40.47263380241814,0 -3.758860213805101,40.47263439045008,0 -3.758799589318488,40.47263532811013,0 -3.758773431468068,40.47262748188178,0 -3.758714482405389,40.4726095798159,0 -3.758613018605022,40.47256646147723,0 -3.758424748760467,40.47255634397388,0 -3.758391164129244,40.47255953729795,0 -3.758288172039932,40.47256940126308,0 -3.758262301843781,40.47335308197198,0 -3.758290755480921,40.47353352540041,0 -3.75837179575362,40.47366957007786,0 -3.758452448048242,40.47375003209813,0 -3.758595421825228,40.47383368951068,0 -3.759104239283476,40.47406593790584,0 -3.759189022451088,40.47410466089671,0 -3.759174021120595,40.47410295674486,0 -3.758985625198568,40.47408203117399,0 -3.75885057237408,40.47408390714251,0 -3.758691770208887,40.47410341709059,0 -3.758572251084189,40.47414393009387,0 -3.758562045254714,40.47414904208113,0 -3.758456351524628,40.47420198664746,0 -3.758398902949803,40.47424416508959,0 -3.758367196977778,40.47426761618765,0 -3.758304204936752,40.47434136223299,0 -3.758274863777634,40.47437578779157,0 -3.758257979892557,40.47440598840719,0 -3.75820362532332,40.47450301087455,0 -3.758185371443065,40.474558355398,0 -3.758154566471311,40.4746514405026,0 -3.75780243343242,40.47836805461066,0 -3.757765977678751,40.47853586063833,0 -3.757762614859899,40.47855155822467,0 -3.757733634229138,40.47861823413287,0 -3.757697286847592,40.47870126449165,0 -3.757596916968854,40.4788613796117,0 -3.757510802892078,40.4789986996052,0 -3.757500137005295,40.47903642683638,0 -3.757473240358248,40.47913110768722,0 -3.75745290712798,40.47930601417301,0 -3.757574742164195,40.47971224173427,0 -3.757420712504909,40.47974820500673,0 -3.75734916848719,40.47976488901634,0 -3.757343865874948,40.47976546429914,0 -3.75718465143181,40.47978101096463,0 -3.757137735018271,40.47977402019174,0 -3.757120480915074,40.47977143054396,0 -3.757083199674989,40.4797609541378,0 -3.757058818753788,40.47975408687946,0 -3.757055009281127,40.47975104879706,0 -3.757033939206776,40.47973433921343,0 -3.756943498470274,40.47971763353227,0 -3.75687140418477,40.47971684442977,0 -3.75683917995274,40.47971543294457,0 -3.756768711126899,40.47971220072301,0 -3.756750332981703,40.47971457329063,0 -3.756658681201428,40.47972670388749,0 -3.756563715907023,40.47972732467354,0 -3.756511897059504,40.47971450993409,0 -3.756373609703096,40.47959739715709,0 -3.756240564056622,40.47948475347706,0 -3.75622764665878,40.47947961281919,0 -3.756195653311369,40.47946711866058,0 -3.75613362865269,40.47944896606835,0 -3.756104119899106,40.47944771679079,0 -3.756054548122861,40.479445878939,0 -3.756043021395586,40.47944901737806,0 -3.755966216338661,40.47946987905498,0 -3.755910275153167,40.47951024459154,0 -3.755910544688953,40.47952375622249,0 -3.755912119299038,40.47960113262516,0 -3.755908429618734,40.47962980515153,0 -3.755878230889951,40.47966171408886,0 -3.755853707378014,40.47967367616992,0 -3.755833172634067,40.47968363019605,0 -3.755776793127197,40.4796953492387,0 -3.755763600610321,40.4796972372928,0 -3.7556680738211,40.47971101495165,0 -3.755613635962153,40.47971713568369,0 -3.755600086493748,40.47971875578499,0 -3.755590291889293,40.47971854955103,0 -3.755548642305076,40.47971819030717,0 -3.755529410038692,40.47971804576422,0 -3.755518555717318,40.47971802663021,0 -3.755490431207887,40.47971397628034,0 -3.755470695754078,40.4797110422488,0 -3.755411136317204,40.47969179118305,0 -3.755353615905901,40.47967540961761,0 -3.755314318534953,40.47967449528125,0 -3.7551688710405,40.47968679607396,0 -3.75511701425025,40.47968109801021,0 -3.755081273037024,40.47967115143106,0 -3.755047898313013,40.47966182000576,0 -3.754948200716364,40.47961913652875,0 -3.754889637661774,40.47959402378167,0 -3.754800658438021,40.47954973955105,0 -3.754632757104092,40.47950596968639,0 -3.754590846288334,40.4794929101127,0 -3.754531179576201,40.47947447009568,0 -3.754506523736375,40.47946409060984,0 -3.754485661098482,40.47945530706295,0 -3.754470624379932,40.47943999995269,0 -3.754465731120762,40.47943498689474,0 -3.75444726018438,40.47942907148651,0 -3.754416594948555,40.47941936183395,0 -3.754391062936961,40.47941502312457,0 -3.754365415156454,40.47941077615536,0 -3.754347572403643,40.4794082800243,0 -3.754311885893554,40.4794031976712,0 -3.754258797266369,40.47938228216937,0 -3.754245288158485,40.47937696407144,0 -3.754248558333351,40.47925793476422,0 -3.754286219064844,40.47909156430994,0 -3.754328048038097,40.47890750913033,0 -3.754339514233398,40.47885680320219,0 -3.754413969896991,40.47865749011857,0 -3.754484518025024,40.47852027402612,0 -3.754487031354206,40.47832314130007,0 -3.754488186808803,40.47831043116378,0 -3.754499440879066,40.47818810649413,0 -3.754449171267505,40.47806050691723,0 -3.754368569942087,40.47806895998934,0 -3.754084582039862,40.47809873911672,0 -3.753541126468516,40.47814633281181,0 -3.753553637407899,40.47821012456996,0 -3.753559396336251,40.47823981649734,0 -3.751510353634231,40.47845917616645,0 -3.751511795126906,40.47841916713401,0 -3.751723936045644,40.47685473307506,0 -3.75175883251539,40.47659874153906,0 -3.751787115413715,40.47617270429726,0 -3.751747811151124,40.47561007891569,0 -3.751627143383727,40.47454266858659,0 -3.751557513831464,40.47413798670598,0 -3.751520932936509,40.47392534243742,0 -3.751498975289985,40.47380746720232,0 -3.751470745104656,40.47365602939838,0 -3.751346720458378,40.47313359286574,0 -3.750717129130943,40.47107768565997,0 -3.750586642484899,40.47065195690425,0 -3.750315874194265,40.47011794849099,0 -3.750362276640883,40.47031269182047,0 -3.750426372203976,40.47058146476749,0 -3.750658257332608,40.47155392222589,0 -3.75068966197948,40.47184236569173,0 -3.75068767278741,40.47207697327688,0 -3.750661777234348,40.47231524780585,0 -3.750566067617453,40.47261911125522,0 -3.750469353602192,40.47284343128171,0 -3.750374885143774,40.47300449387581,0 -3.750269681572795,40.47315499552514,0 -3.750184893208351,40.47326374236349,0 -3.750053932460205,40.47341071732367,0 -3.749960953762972,40.47350438212565,0 -3.749846374358441,40.47360755719192,0 -3.749717889291579,40.47371208269566,0 -3.749571030198625,40.47381915963268,0 -3.749439239944511,40.47390235507243,0 -3.74931818561249,40.47397503129,0 -3.74919081517205,40.47404189161024,0 -3.749002115826197,40.4741314905132,0 -3.748851570315562,40.4741936358138,0 -3.748605178934825,40.47428288713283,0 -3.748352938832598,40.47434469853044,0 -3.748137218342774,40.4743806876056,0 -3.747888142441255,40.47441941462235,0 -3.747468089671848,40.47447591260166,0 -3.747294035110059,40.47448208131402,0 -3.746617219621567,40.47447996354575,0 -3.746260510546733,40.4744720835582,0 -3.745702455790973,40.47446676205422,0 -3.744686578993913,40.47445240305701,0 -3.743646013670781,40.47443503994898,0 -3.743226657367428,40.47442665276194,0 -3.742258380422213,40.4744067411316,0 -3.741471205153795,40.47436692291596,0 -3.741416908039167,40.47436411720309,0 -3.741304184179204,40.47435844299906,0 -3.740833223520952,40.47430226944242,0 -3.740286067490467,40.47419351934995,0 -3.739373481084532,40.47398034445516,0 -3.737561454402029,40.47355713321151,0 -3.735953417187476,40.47317737101255,0 -3.73566708068095,40.47310973222628,0 -3.73489587993955,40.47295364127265,0 -3.734631641963714,40.47290018452734,0 -3.7343656446226,40.47285844908446,0 -3.733944018628296,40.4727922952568,0 -3.733563412386607,40.47274461816149,0 -3.73341637090299,40.4727287928653,0 -3.733207444840148,40.47270633299701,0 -3.73241819831265,40.47265826804074,0 -3.732232818295143,40.4726532246458,0 -3.731931916493794,40.47264512791281,0 -3.731388286223975,40.47263045677202,0 -3.730387410872403,40.47265866957142,0 -3.729587216122746,40.47273236444944,0 -3.729249038879784,40.47277900015877,0 -3.728530864555889,40.47287793758791,0 -3.728001141232649,40.47296045950015,0 -3.720428672337499,40.47111136214781,0 -3.720072424291352,40.47102312771896,0 -3.719699483566823,40.4709293222916,0 -3.717642597551632,40.47041218515977,0 -3.71570188851593,40.46992402333383,0 -3.714540292712346,40.46963192187506,0 -3.714209797408004,40.46947891767992,0 -3.714035428256873,40.46932071392749,0 -3.713790801269897,40.46904420573293,0 -3.713645761675329,40.46889302831381,0 -3.713519808952823,40.46876182286095,0 -3.713367733220214,40.46860330117121,0 -3.71327761307269,40.4685141272078,0 -3.713209244424915,40.46860788192141,0 -3.713167502693736,40.46866516529601,0 -3.713059744609956,40.46883790125786,0 -3.713037441611214,40.46887056119155,0 -3.712957755801501,40.46898735841387,0 -3.712874459482772,40.4691644477837,0 -3.71280930101284,40.46932764152606,0 -3.712790279409229,40.46936956040071,0 -3.712743824999857,40.46947209855232,0 -3.7127205112306,40.46956539494537,0 -3.712719711265631,40.46956783229699,0 -3.712702962372607,40.4696350523144,0 -3.712677162060632,40.46973863424112,0 -3.712638666667137,40.46989121397684,0 -3.712603497502206,40.47001242111517,0 -3.712508275388543,40.47022210605753,0 -3.712422568599061,40.47034984084431,0 -3.71237042427845,40.47042754918096,0 -3.71217195254977,40.47065660787939,0 -3.712087044381842,40.4707260486387,0 -3.71194857156543,40.47083933255001,0 -3.711664392438105,40.47101765640351,0 -3.711623644994112,40.47103529457395,0 -3.711391606256216,40.47113563951672,0 -3.711130694409005,40.471216251849,0 -3.710711702190729,40.47130729424042,0 -3.708545772754844,40.47149913175581,0 -3.707425556528349,40.4715978759036,0 -3.707323728856117,40.47160687653193,0 -3.705213324001313,40.47180840275191,0 -3.704877930789794,40.47184044577284,0 -3.704662411927743,40.47187464081517,0 -3.704609942786729,40.47188838403714,0 -3.704385712938937,40.47194695585242,0 -3.703993001595893,40.47210475029125,0 -3.703748109418841,40.47225209485831,0 -3.703471299423667,40.47248368764193,0 -3.703436332229091,40.47251290840053,0 -3.703191816685855,40.47274196162898,0 -3.703185624952082,40.47274776503135,0 -3.702091411597844,40.47377215331979,0 -3.701821217352125,40.47401712437274,0 -3.701820750193066,40.47401757765716,0 -3.701633411205791,40.47418727170177,0 -3.701483015645315,40.47432484952799,0 -3.701396379533929,40.47439978927584,0 -3.701343179770792,40.47444560732627,0 -3.701255840121024,40.47450964950139,0 -3.701160421060859,40.47457941626509,0 -3.701068879273205,40.47463645770693,0 -3.70091263743947,40.47473389031164,0 -3.700723770643367,40.47481377196405,0 -3.700677220231575,40.47482963966604,0 -3.7005131121809,40.47488540796002,0 -3.700286120927568,40.47494065524563,0 -3.699993679102355,40.47497548691339,0 -3.699717173975769,40.47497715940161,0 -3.69954616591063,40.47497053514336,0 -3.699545457192072,40.47497044934335,0 -3.699440774561666,40.47496639733087,0 -3.699228806636126,40.47493461521716,0 -3.699038777129089,40.47490251985092,0 -3.698988701856481,40.47488579487642,0 -3.69888109377059,40.47484977826024,0 -3.698717736561858,40.47478454830682,0 -3.698505404253565,40.47469474939685,0 -3.698369394026698,40.47465007426963,0 -3.698168257663457,40.4745932699516,0 -3.697999817819454,40.47456113344619,0 -3.697878764622121,40.47454825911282,0 -3.697815345865858,40.47454152494749,0 -3.697636472812841,40.47453854892683,0 -3.697495463864343,40.47453525494637,0 -3.697256987423601,40.474540836164,0 -3.697040471181377,40.47457105908159,0 -3.69685121458693,40.4746136396919,0 -3.696699824276505,40.474655902557,0 -3.696537742836061,40.47470246296233,0 -3.696380924618418,40.47474475812094,0 -3.696198165387908,40.47477675803714,0 -3.696001395865996,40.47478866287363,0 -3.695705968594951,40.47477431277603,0 -3.695374945878301,40.47471729255477,0 -3.695036623898549,40.47463878477374,0 -3.694684486015465,40.4745817994547,0 -3.694353796372076,40.47455693717578,0 -3.694030295137426,40.47454275144366,0 -3.693742215508157,40.47456600963933,0 -3.693475589931114,40.47461049052351,0 -3.693152742982555,40.47467152319716,0 -3.692843939971035,40.47472166093696,0 -3.692590965766512,40.4747285797873,0 -3.692337706738474,40.4747193746585,0 -3.692027683607381,40.47466212986109,0 -3.691766860634935,40.47459395919932,0 -3.691527207228123,40.47453088648427,0 -3.691273453858217,40.47447339396696,0 -3.690992074499786,40.47444822713313,0 -3.690718086223212,40.47447670973234,0 -3.690233848151328,40.47456013815267,0 -3.689791721870171,40.47464331412688,0 -3.689440804489618,40.47469369321287,0 -3.689229831275163,40.4746895443118,0 -3.689081319479877,40.47460997893288,0 -3.688953649346038,40.47450335144381,0 -3.68886252431366,40.47442902834537,0 -3.687122484293111,40.47415225513115,0 -3.687095613595194,40.47424754948202,0 -3.68639895583876,40.47668879468812,0 -3.685618459817007,40.47959303821965,0 -3.685319647389664,40.48052337828631,0 -3.685256788352389,40.48075938458211,0 -3.685141404076847,40.48123660241801,0 -3.685108248293967,40.48143129405758,0 -3.685078736609966,40.48169687261157,0 -3.685100012910478,40.48194467454311,0 -3.685110583858061,40.48198641339834,0 -3.685151773678398,40.48215031315038,0 -3.685228382111206,40.48229328231776,0 -3.685097465804833,40.48228621974252,0 -3.684867273627855,40.48227388862693,0 -3.684825646933572,40.48227602626606,0 -3.684716685522513,40.48228153578208,0 -3.684526595442584,40.48229130858839,0 -3.684254120731874,40.48233282901033,0 -3.683942729309487,40.48239953387991,0 -3.683620914216925,40.48248539853552,0 -3.683329382520138,40.48257928139299,0 -3.682155756697961,40.48298394863211,0 -3.681909396366238,40.48305323712832,0 -3.681427147222835,40.48318895893391,0 -3.681156075379856,40.48326487886403,0 -3.680941125066155,40.48332524149487,0 -3.68079816672093,40.48336419063151,0 -3.680473180852276,40.48345249761958,0 -3.680225176263238,40.48351107156163,0 -3.68006486111367,40.48354894988164,0 -3.679355821481084,40.48370680617572,0 -3.678993792892618,40.48377244311484,0 -3.678678996191698,40.48381852332843,0 -3.678521832542872,40.48384133606184,0 -3.678350835827656,40.48386143700071,0 -3.678294150904997,40.48386807505479,0 -3.67817391461712,40.48387904994583,0 -3.678028219339005,40.48389251639863,0 -3.678001573052859,40.48389438351771,0 -3.677777087543897,40.48391047308635,0 -3.677395130352911,40.48393054562691,0 -3.677343126719494,40.48393328192981,0 -3.677286404514572,40.48393622694097,0 -3.676639410823835,40.48396424439404,0 -3.6763631824344,40.48397396661687,0 -3.675915820204574,40.48399000262997,0 -3.674947592460791,40.48401087629745,0 -3.674468460382038,40.48402384901743,0 -3.673461406299208,40.48405565655839,0 -3.673418096926127,40.48455104247972,0 -3.673353345241689,40.4852506059071,0 -3.673326924046983,40.48560589338699,0 -3.673220115532841,40.48673759132065,0 -3.673168246251264,40.48720311619836,0 -3.673138793652481,40.48742049336251,0 -3.673062810030257,40.48794093385946,0 -3.672981943774647,40.48837419434038,0 -3.672892978684012,40.48876471032104,0 -3.672837257244543,40.48899836630005,0 -3.672795451186541,40.48913671673773,0 -3.672707998253452,40.48941866510066,0 -3.672600787257353,40.48973099841217,0 -3.672464931867154,40.49006998456582,0 -3.672349416615456,40.49031885291641,0 -3.672220419536344,40.49057662742,0 -3.67210639315316,40.49078566734408,0 -3.671959739045241,40.49102426509812,0 -3.671805282289964,40.49124966487762,0 -3.671631516683223,40.49147950094881,0 -3.671440348751779,40.49171565402469,0 -3.671183895533561,40.49199623874722,0 -3.670986617992282,40.49219981329087,0 -3.670651133688472,40.49250752208862,0 -3.670474680632454,40.4926576420016,0 -3.670192530377325,40.49289431988107,0 -3.670019807884892,40.49302820227774,0 -3.669246190953058,40.49364717794507,0 -3.668538822375723,40.49420090176132,0 -3.667892926162119,40.4947074204217,0 -3.667580298403855,40.4949544472046,0 -3.667114743859374,40.49532199373352,0 -3.666987118132425,40.49542389619197,0 -3.666500411639659,40.49581246663105,0 -3.666011017857561,40.49620492073028,0 -3.664864511175798,40.49713240718091,0 -3.664116289071852,40.49775111208301,0 -3.663464971029698,40.49828907815044,0 -3.662886412107231,40.49878653346224,0 -3.662267164172725,40.49937160653619,0 -3.661777284436432,40.4998999909693,0 -3.661523031054283,40.50018360535149,0 -3.661077724483131,40.50069749750887,0 -3.660414639846907,40.50147424914849,0 -3.660050250321625,40.50191218273764,0 -3.659575548556918,40.50248776874185,0 -3.659205156617694,40.50296564159907,0 -3.659112222725336,40.50309310650789,0 -3.65893320874457,40.50334889880837,0 -3.658826836862886,40.50351445865648,0 -3.658734201155973,40.50367255278817,0 -3.658640324186234,40.50384858167106,0 -3.658557447696719,40.50401508751658,0 -3.658462432864801,40.50421968101133,0 -3.658392197953261,40.50439980915894,0 -3.658327759030529,40.50460531029809,0 -3.658235710918531,40.50495682217755,0 -3.658192460122654,40.50521715694521,0 -3.65816329191877,40.50549344735749,0 -3.658154023679625,40.50582539052389,0 -3.658160378519774,40.50618607233037,0 -3.658173945563008,40.50658437121401,0 -3.658199981052046,40.50699025753256,0 -3.658224738896713,40.50739822224367,0 -3.658237526030337,40.50757157194641,0 -3.65825049907945,40.50776392939582,0 -3.658268007594518,40.5079975218346,0 -3.658280713073006,40.50818663758094,0 -3.658291506491056,40.50838540465158,0 -3.658300026988346,40.50858094055227,0 -3.658301772285995,40.50875966837232,0 -3.658308206043313,40.50898332395862,0 -3.658304755898775,40.50912550427284,0 -3.65829990007958,40.50931706233774,0 -3.658298362000346,40.50937716055168,0 -3.658296405874172,40.50945473933896,0 -3.658282325163175,40.50959625948624,0 -3.658266543914667,40.50975688911136,0 -3.658243112907744,40.50991981363213,0 -3.658216742591866,40.51009599888798,0 -3.658174503392969,40.51030317508486,0 -3.658140129839525,40.51044553148672,0 -3.65807382135107,40.51067788858821,0 -3.658011110042513,40.51086761301098,0 -3.657953681619109,40.51101820954298,0 -3.657866980426085,40.51122933149643,0 -3.657752447790916,40.51146709709353,0 -3.657614551199849,40.51171787917351,0 -3.657613994725787,40.51171903367898,0 -3.657614183010512,40.51171885423106,0 -3.657614717449878,40.51171834398803,0</coordinates>
        </LineString>
      </MultiGeometry>
    </Placemark>
    <Placemark id="ID_00008">
      <name>9</name>
      <snippet></snippet>
      <description><![CDATA[<html xmlns:fo="http://www.w3.org/1999/XSL/Format" xmlns:msxsl="urn:schemas-microsoft-com:xslt">
<head>
<META http-equiv="Content-Type" content="text/html">
<meta http-equiv="content-type" content="text/html; charset=UTF-8">
</head>
<body style="margin:0px 0px 0px 0px;overflow:auto;background:#FFFFFF;">
<table style="font-family:Arial,Verdana,Times;font-size:12px;text-align:left;width:100%;border-collapse:collapse;padding:3px 3px 3px 3px">
<tr style="text-align:center;font-weight:bold;background:#9CBCE2">
<td>9</td>
</tr>
<tr>
<td>
<table style="font-family:Arial,Verdana,Times;font-size:12px;text-align:left;width:100%;border-spacing:0px; padding:3px 3px 3px 3px">
<tr>
<td>FID</td>
<td>8</td>
</tr>
<tr bgcolor="#D4E4F3">
<td>COD_DIS</td>
<td>9</td>
</tr>
<tr>
<td>COD_DIS_TX</td>
<td>09</td>
</tr>
<tr bgcolor="#D4E4F3">
<td>NOMBRE</td>
<td>Moncloa - Aravaca</td>
</tr>
<tr>
<td>DISTRI_MAY</td>
<td>MONCLOA - ARAVACA</td>
</tr>
<tr bgcolor="#D4E4F3">
<td>DISTRI_MT</td>
<td>MONCLOA - ARAVACA</td>
</tr>
<tr>
<td>Area</td>
<td>46586949,5154</td>
</tr>
</table>
</td>
</tr>
</table>
</body><script type="text/javascript">
				function changeImage(attElement, nameElement) {
				document.getElementById('imageAttachment').src = attElement;
				document.getElementById('imageName').innerHTML = nameElement;}
			</script></html>
]]></description>
      <styleUrl>#LineStyle00</styleUrl>
      <MultiGeometry>
        <LineString>
          <extrude>0</extrude>
          <tessellate>1</tessellate><altitudeMode>clampToGround</altitudeMode>
          <coordinates> -3.774600529205487,40.40031394770017,0 -3.774554343403914,40.40031462016398,0 -3.773844923204793,40.40030197649846,0 -3.77369292324162,40.40028254225246,0 -3.770646965690233,40.39953447332839,0 -3.769280807437315,40.39962229894846,0 -3.767010634719782,40.39923645803786,0 -3.765625293531893,40.39927436658687,0 -3.76550339606198,40.39910309902736,0 -3.764745460901943,40.39930063242328,0 -3.764358797267947,40.39940147517144,0 -3.762736795814662,40.40068948013896,0 -3.762392132162175,40.40093148220031,0 -3.762274968985746,40.40099153330564,0 -3.760805306481301,40.40288049554314,0 -3.760444468331654,40.40336241895432,0 -3.760226634020121,40.40364024800424,0 -3.759860014699313,40.40396499974608,0 -3.759755257385415,40.40406010292764,0 -3.757658894974792,40.40527979606096,0 -3.757354059184095,40.40545152176499,0 -3.757058006608297,40.40561832427196,0 -3.756881189689765,40.40567758929772,0 -3.75672319036739,40.4057124055827,0 -3.756501569582141,40.40573817844134,0 -3.756279903118108,40.40574935652555,0 -3.756115261743749,40.40576989194897,0 -3.755950952782443,40.40580961422517,0 -3.755689041812485,40.40589997260355,0 -3.754911893678144,40.40630711745891,0 -3.752654520365184,40.40745416616372,0 -3.752063934449282,40.40773746600783,0 -3.750879463824307,40.40830560960118,0 -3.750750531869928,40.40832680638515,0 -3.750641950015696,40.40834462765439,0 -3.750542037863587,40.40835770784252,0 -3.749866301454478,40.4084459602071,0 -3.747888678568831,40.40871965669967,0 -3.747475141023857,40.40877412929461,0 -3.744667208291604,40.40914384853689,0 -3.744607601289262,40.40922125972808,0 -3.744574507773845,40.40925552702376,0 -3.74449671805202,40.40928719832996,0 -3.744468433818343,40.40929801112109,0 -3.744404231192655,40.40932193809444,0 -3.743937113654287,40.40943458104064,0 -3.74385906373616,40.40945337066379,0 -3.743558683426067,40.40952070664655,0 -3.743328791604697,40.40956758862599,0 -3.743255663346049,40.40957301281999,0 -3.743202435446233,40.40957695859547,0 -3.743183916367848,40.40957554519604,0 -3.743135435033656,40.40957171265546,0 -3.743046131722203,40.40956381720807,0 -3.742878593786227,40.40953651350646,0 -3.742543025405241,40.40944767508054,0 -3.74245079896015,40.40942042850666,0 -3.742363893577457,40.40939476932154,0 -3.742233291464248,40.40935020133486,0 -3.742072804965996,40.40928870692704,0 -3.741986174098314,40.40925592855172,0 -3.741853510909682,40.40920596793532,0 -3.73852795471578,40.4110583265807,0 -3.737919421777519,40.41146599540369,0 -3.734184283259289,40.41279552347409,0 -3.732799787720247,40.41328718500589,0 -3.729575053991653,40.41443242840168,0 -3.726217733216538,40.41566598351477,0 -3.724860541879786,40.41616458392438,0 -3.72237914805328,40.41717496888727,0 -3.722160745423849,40.41803606642932,0 -3.722053178397053,40.41845980252531,0 -3.721842769512389,40.41858039511641,0 -3.721509930015005,40.4187709399127,0 -3.721066669197471,40.41911865939077,0 -3.720699465132996,40.41946941659593,0 -3.720400005989968,40.4198948867507,0 -3.720298480289176,40.42006840174967,0 -3.720195215846385,40.42024472118756,0 -3.72018931218627,40.42025484807895,0 -3.718060480160923,40.42028704004018,0 -3.716802279279571,40.4203421802513,0 -3.715979394239281,40.42035339992259,0 -3.715504763069923,40.42040273118657,0 -3.715504057769823,40.42040291573215,0 -3.713896283217119,40.42147780341982,0 -3.713381727517199,40.42182178856517,0 -3.713331795947802,40.42190452929309,0 -3.713174757453041,40.42205838047786,0 -3.713042917613724,40.42218748228236,0 -3.71172201885109,40.42296372327404,0 -3.711162838568757,40.42329229750171,0 -3.710917008734844,40.42342209619683,0 -3.710894267631769,40.42343412795296,0 -3.711707728055132,40.4243038169864,0 -3.712457284112844,40.42536038080008,0 -3.71317387119655,40.42640714287331,0 -3.713896944113734,40.42746323049891,0 -3.714132453993209,40.42778376023283,0 -3.714527522241798,40.42832105416636,0 -3.715595782756473,40.42977400889548,0 -3.716195794920192,40.43060264372182,0 -3.716228339682096,40.4306476673665,0 -3.716992875966624,40.43168041467174,0 -3.717169691985091,40.43192220277181,0 -3.717480363420115,40.43234550327786,0 -3.717608727174528,40.43252074448502,0 -3.717958765810457,40.43299794434459,0 -3.717613032861232,40.43309234146189,0 -3.717269916925708,40.43310014379273,0 -3.717233377628092,40.43310100022324,0 -3.718406256478953,40.43477778559603,0 -3.718270897616311,40.4355416906966,0 -3.718122903677271,40.43637053889169,0 -3.718074947298427,40.43663948539036,0 -3.717634437907519,40.43923321348331,0 -3.717608480016981,40.43943112224653,0 -3.717599538175005,40.43949946599768,0 -3.717596277869432,40.43963651407304,0 -3.71761748112271,40.4398564723891,0 -3.717640149415701,40.43993687305252,0 -3.717651915395366,40.43997887205128,0 -3.717882983389464,40.44043041267371,0 -3.718158124998575,40.44096780594565,0 -3.719165330966161,40.44285047380674,0 -3.719589185130749,40.44346549838711,0 -3.719789078280099,40.44375560754253,0 -3.719925791400041,40.44494340930051,0 -3.719920541441076,40.44499290137323,0 -3.719916383120658,40.44503418846242,0 -3.719886003745081,40.44509365683322,0 -3.719855498633572,40.44514123410683,0 -3.719781239332506,40.44521034414392,0 -3.719583098031732,40.44539472965736,0 -3.718987869277476,40.44593969096279,0 -3.718190943727615,40.44666896428568,0 -3.71800043906499,40.44669636297734,0 -3.717668224726807,40.44672671149333,0 -3.717437082986822,40.44671400035433,0 -3.717270449904449,40.44667971736824,0 -3.717122062207481,40.44663126782799,0 -3.71571003973191,40.44609369911274,0 -3.715519864370724,40.44601865851923,0 -3.714751360727774,40.44577169430553,0 -3.712288953763264,40.44639615366004,0 -3.710446409270424,40.44686333488894,0 -3.709208597806794,40.4471335388813,0 -3.708307460111669,40.44709049832885,0 -3.708889795628259,40.4479588262667,0 -3.708969663482157,40.4480855452322,0 -3.709870444125289,40.44951759444579,0 -3.710187184011859,40.4500210577392,0 -3.710290060980969,40.45007015616443,0 -3.710338417835943,40.45009328329145,0 -3.710989471315701,40.45112126929344,0 -3.711729650119095,40.45228996536893,0 -3.711941866850908,40.452396227604,0 -3.713271727659492,40.45303903203619,0 -3.712677779378029,40.45391746685497,0 -3.712788439708552,40.45417795673112,0 -3.712899841358644,40.45438564928318,0 -3.713021711754485,40.45461309690256,0 -3.713126475416968,40.45489578398339,0 -3.712866912648805,40.45546639313235,0 -3.71219610819952,40.45646277531458,0 -3.71150206074612,40.45749362075587,0 -3.710513734113763,40.45901807024736,0 -3.709817319557055,40.46008675748377,0 -3.709032319789695,40.46129147875198,0 -3.708602548388218,40.46205771468046,0 -3.708538873408715,40.46217161805542,0 -3.7085195325238,40.46221678146664,0 -3.708483621647198,40.46230141564293,0 -3.708474471640171,40.4624073271339,0 -3.708490832667337,40.46250524535197,0 -3.70851074399216,40.46255926721687,0 -3.708522640218325,40.46259135632091,0 -3.709106922068895,40.46348579642686,0 -3.709269006884333,40.46403759495035,0 -3.709344573101574,40.46415713248426,0 -3.709422183494012,40.46428034929427,0 -3.709800777812918,40.46482676749779,0 -3.710922179233579,40.46600447800713,0 -3.711012718435942,40.46606689465892,0 -3.711170844842238,40.46614033769323,0 -3.711389430888565,40.46626485049953,0 -3.712771584848763,40.46801328040534,0 -3.71327761307269,40.4685141272078,0 -3.713367733220214,40.46860330117121,0 -3.713519808952823,40.46876182286095,0 -3.713645761675329,40.46889302831381,0 -3.713790801269897,40.46904420573293,0 -3.714035428256873,40.46932071392749,0 -3.714209797408004,40.46947891767992,0 -3.714540292712346,40.46963192187506,0 -3.71570188851593,40.46992402333383,0 -3.717642597551632,40.47041218515977,0 -3.719699483566823,40.4709293222916,0 -3.720072424291352,40.47102312771896,0 -3.720428672337499,40.47111136214781,0 -3.728001141232649,40.47296045950015,0 -3.728530864555889,40.47287793758791,0 -3.729249038879784,40.47277900015877,0 -3.729587216122746,40.47273236444944,0 -3.730387410872403,40.47265866957142,0 -3.731388286223975,40.47263045677202,0 -3.731931916493794,40.47264512791281,0 -3.732232818295143,40.4726532246458,0 -3.73241819831265,40.47265826804074,0 -3.733207444840148,40.47270633299701,0 -3.73341637090299,40.4727287928653,0 -3.733563412386607,40.47274461816149,0 -3.733944018628296,40.4727922952568,0 -3.7343656446226,40.47285844908446,0 -3.734631641963714,40.47290018452734,0 -3.73489587993955,40.47295364127265,0 -3.73566708068095,40.47310973222628,0 -3.735953417187476,40.47317737101255,0 -3.737561454402029,40.47355713321151,0 -3.739373481084532,40.47398034445516,0 -3.740286067490467,40.47419351934995,0 -3.740833223520952,40.47430226944242,0 -3.741304184179204,40.47435844299906,0 -3.741416908039167,40.47436411720309,0 -3.741471205153795,40.47436692291596,0 -3.742258380422213,40.4744067411316,0 -3.743226657367428,40.47442665276194,0 -3.743646013670781,40.47443503994898,0 -3.744686578993913,40.47445240305701,0 -3.745702455790973,40.47446676205422,0 -3.746260510546733,40.4744720835582,0 -3.746617219621567,40.47447996354575,0 -3.747294035110059,40.47448208131402,0 -3.747468089671848,40.47447591260166,0 -3.747888142441255,40.47441941462235,0 -3.748137218342774,40.4743806876056,0 -3.748352938832598,40.47434469853044,0 -3.748605178934825,40.47428288713283,0 -3.748851570315562,40.4741936358138,0 -3.749002115826197,40.4741314905132,0 -3.74919081517205,40.47404189161024,0 -3.74931818561249,40.47397503129,0 -3.749439239944511,40.47390235507243,0 -3.749571030198625,40.47381915963268,0 -3.749717889291579,40.47371208269566,0 -3.749846374358441,40.47360755719192,0 -3.749960953762972,40.47350438212565,0 -3.750053932460205,40.47341071732367,0 -3.750184893208351,40.47326374236349,0 -3.750269681572795,40.47315499552514,0 -3.750374885143774,40.47300449387581,0 -3.750469353602192,40.47284343128171,0 -3.750566067617453,40.47261911125522,0 -3.750661777234348,40.47231524780585,0 -3.75068767278741,40.47207697327688,0 -3.75068966197948,40.47184236569173,0 -3.750658257332608,40.47155392222589,0 -3.750426372203976,40.47058146476749,0 -3.750362276640883,40.47031269182047,0 -3.750315874194265,40.47011794849099,0 -3.750586642484899,40.47065195690425,0 -3.750717129130943,40.47107768565997,0 -3.751346720458378,40.47313359286574,0 -3.751470745104656,40.47365602939838,0 -3.751498975289985,40.47380746720232,0 -3.751520932936509,40.47392534243742,0 -3.751557513831464,40.47413798670598,0 -3.751627143383727,40.47454266858659,0 -3.751747811151124,40.47561007891569,0 -3.751787115413715,40.47617270429726,0 -3.75175883251539,40.47659874153906,0 -3.751723936045644,40.47685473307506,0 -3.751511795126906,40.47841916713401,0 -3.751510353634231,40.47845917616645,0 -3.753559396336251,40.47823981649734,0 -3.753553637407899,40.47821012456996,0 -3.753541126468516,40.47814633281181,0 -3.754084582039862,40.47809873911672,0 -3.754368569942087,40.47806895998934,0 -3.754449171267505,40.47806050691723,0 -3.754499440879066,40.47818810649413,0 -3.754488186808803,40.47831043116378,0 -3.754487031354206,40.47832314130007,0 -3.754484518025024,40.47852027402612,0 -3.754413969896991,40.47865749011857,0 -3.754339514233398,40.47885680320219,0 -3.754328048038097,40.47890750913033,0 -3.754286219064844,40.47909156430994,0 -3.754248558333351,40.47925793476422,0 -3.754245288158485,40.47937696407144,0 -3.754258797266369,40.47938228216937,0 -3.754311885893554,40.4794031976712,0 -3.754347572403643,40.4794082800243,0 -3.754365415156454,40.47941077615536,0 -3.754391062936961,40.47941502312457,0 -3.754416594948555,40.47941936183395,0 -3.75444726018438,40.47942907148651,0 -3.754465731120762,40.47943498689474,0 -3.754470624379932,40.47943999995269,0 -3.754485661098482,40.47945530706295,0 -3.754506523736375,40.47946409060984,0 -3.754531179576201,40.47947447009568,0 -3.754590846288334,40.4794929101127,0 -3.754632757104092,40.47950596968639,0 -3.754800658438021,40.47954973955105,0 -3.754889637661774,40.47959402378167,0 -3.754948200716364,40.47961913652875,0 -3.755047898313013,40.47966182000576,0 -3.755081273037024,40.47967115143106,0 -3.75511701425025,40.47968109801021,0 -3.7551688710405,40.47968679607396,0 -3.755314318534953,40.47967449528125,0 -3.755353615905901,40.47967540961761,0 -3.755411136317204,40.47969179118305,0 -3.755470695754078,40.4797110422488,0 -3.755490431207887,40.47971397628034,0 -3.755518555717318,40.47971802663021,0 -3.755529410038692,40.47971804576422,0 -3.755548642305076,40.47971819030717,0 -3.755590291889293,40.47971854955103,0 -3.755600086493748,40.47971875578499,0 -3.755613635962153,40.47971713568369,0 -3.7556680738211,40.47971101495165,0 -3.755763600610321,40.4796972372928,0 -3.755776793127197,40.4796953492387,0 -3.755833172634067,40.47968363019605,0 -3.755853707378014,40.47967367616992,0 -3.755878230889951,40.47966171408886,0 -3.755908429618734,40.47962980515153,0 -3.755912119299038,40.47960113262516,0 -3.755910544688953,40.47952375622249,0 -3.755910275153167,40.47951024459154,0 -3.755966216338661,40.47946987905498,0 -3.756043021395586,40.47944901737806,0 -3.756054548122861,40.479445878939,0 -3.756104119899106,40.47944771679079,0 -3.75613362865269,40.47944896606835,0 -3.756195653311369,40.47946711866058,0 -3.75622764665878,40.47947961281919,0 -3.756240564056622,40.47948475347706,0 -3.756373609703096,40.47959739715709,0 -3.756511897059504,40.47971450993409,0 -3.756563715907023,40.47972732467354,0 -3.756658681201428,40.47972670388749,0 -3.756750332981703,40.47971457329063,0 -3.756768711126899,40.47971220072301,0 -3.75683917995274,40.47971543294457,0 -3.75687140418477,40.47971684442977,0 -3.756943498470274,40.47971763353227,0 -3.757033939206776,40.47973433921343,0 -3.757055009281127,40.47975104879706,0 -3.757058818753788,40.47975408687946,0 -3.757083199674989,40.4797609541378,0 -3.757120480915074,40.47977143054396,0 -3.757137735018271,40.47977402019174,0 -3.75718465143181,40.47978101096463,0 -3.757343865874948,40.47976546429914,0 -3.75734916848719,40.47976488901634,0 -3.757420712504909,40.47974820500673,0 -3.757574742164195,40.47971224173427,0 -3.75745290712798,40.47930601417301,0 -3.757473240358248,40.47913110768722,0 -3.757500137005295,40.47903642683638,0 -3.757510802892078,40.4789986996052,0 -3.757596916968854,40.4788613796117,0 -3.757697286847592,40.47870126449165,0 -3.757733634229138,40.47861823413287,0 -3.757762614859899,40.47855155822467,0 -3.757765977678751,40.47853586063833,0 -3.75780243343242,40.47836805461066,0 -3.758154566471311,40.4746514405026,0 -3.758185371443065,40.474558355398,0 -3.75820362532332,40.47450301087455,0 -3.758257979892557,40.47440598840719,0 -3.758274863777634,40.47437578779157,0 -3.758304204936752,40.47434136223299,0 -3.758367196977778,40.47426761618765,0 -3.758398902949803,40.47424416508959,0 -3.758456351524628,40.47420198664746,0 -3.758562045254714,40.47414904208113,0 -3.758572251084189,40.47414393009387,0 -3.758691770208887,40.47410341709059,0 -3.75885057237408,40.47408390714251,0 -3.758985625198568,40.47408203117399,0 -3.759174021120595,40.47410295674486,0 -3.759189022451088,40.47410466089671,0 -3.759104239283476,40.47406593790584,0 -3.758595421825228,40.47383368951068,0 -3.758452448048242,40.47375003209813,0 -3.75837179575362,40.47366957007786,0 -3.758290755480921,40.47353352540041,0 -3.758262301843781,40.47335308197198,0 -3.758288172039932,40.47256940126308,0 -3.758391164129244,40.47255953729795,0 -3.758424748760467,40.47255634397388,0 -3.758613018605022,40.47256646147723,0 -3.758714482405389,40.4726095798159,0 -3.758773431468068,40.47262748188178,0 -3.758799589318488,40.47263532811013,0 -3.758860213805101,40.47263439045008,0 -3.758894889484951,40.47263380241814,0 -3.759010457595269,40.47260944102463,0 -3.759046314147199,40.47259848491294,0 -3.759098631079655,40.47258264684724,0 -3.759174736228628,40.47255268775395,0 -3.759230052025683,40.47253079394202,0 -3.759331551860442,40.47248283113031,0 -3.759433605061089,40.47247342285188,0 -3.759474233805352,40.47245675961962,0 -3.759498776386306,40.47244677860486,0 -3.759505205203865,40.47244151117514,0 -3.759601079887157,40.47236547720138,0 -3.759662924874552,40.47233678266665,0 -3.75972770352212,40.47230671747456,0 -3.759838370520217,40.47228707211789,0 -3.759870862703907,40.47228127386436,0 -3.759902811961209,40.47227953229295,0 -3.759961522365858,40.47227626341535,0 -3.760096013978374,40.47229817344653,0 -3.760211211783322,40.47230372296566,0 -3.760240601531063,40.47230515126421,0 -3.760251354819435,40.47230688232062,0 -3.760390083061529,40.47232777315842,0 -3.76048069373772,40.47232897969301,0 -3.760807630690695,40.4723127768472,0 -3.761064985538023,40.47230874199699,0 -3.761561415057693,40.47230088111696,0 -3.761971853334276,40.47229358504132,0 -3.762269303402909,40.47228838317844,0 -3.762411460644632,40.47228906805113,0 -3.762513095589421,40.47230542537667,0 -3.762589675825314,40.4723176236344,0 -3.762772514214928,40.47235858076582,0 -3.763031395296959,40.4724164237675,0 -3.763135036535617,40.47242240702144,0 -3.763210583583524,40.47242668292259,0 -3.763362961462222,40.47242369645942,0 -3.763413676172687,40.47242273087087,0 -3.763475782574849,40.47243808717892,0 -3.76359487721752,40.47251694033355,0 -3.763549562051022,40.47339074981609,0 -3.763632742288282,40.47340227314964,0 -3.765867944142019,40.47392768001843,0 -3.765915612008451,40.47393889558035,0 -3.766431097439412,40.47406016748147,0 -3.766450969966781,40.47407526079892,0 -3.766460325730518,40.47407844197291,0 -3.76647311464516,40.47408268145099,0 -3.766864456025778,40.47411720598014,0 -3.767620256148828,40.47418741968583,0 -3.768093576244629,40.47423139637257,0 -3.768108575747758,40.47423291829848,0 -3.768328014837814,40.47425506495792,0 -3.768555012807335,40.47427797174076,0 -3.768737983567706,40.47428837823485,0 -3.768917971661923,40.47430619160708,0 -3.769050836882343,40.47431936244588,0 -3.769344613278006,40.4743325450193,0 -3.769446576959745,40.47434628145064,0 -3.769583395900468,40.47436465053616,0 -3.770329336455855,40.47442842572529,0 -3.7708553364579,40.47447780568363,0 -3.771062359293429,40.47449723718674,0 -3.771467827360337,40.47450813855613,0 -3.771551012566452,40.47450965623382,0 -3.771711602004125,40.47451254983032,0 -3.772025918650701,40.47451648851386,0 -3.772248203906255,40.47451915032022,0 -3.772351422918919,40.47451882096442,0 -3.772471629543633,40.4745183797824,0 -3.772746315247215,40.47452303182039,0 -3.775685333410362,40.4745677835473,0 -3.776735329948826,40.47458380287007,0 -3.77678971734149,40.47458406887721,0 -3.77686935258462,40.47458452551329,0 -3.776997471817027,40.47458492642985,0 -3.777338652737582,40.47458605836956,0 -3.777746767548207,40.4745910640988,0 -3.77788150820359,40.47459277081774,0 -3.778128802564158,40.47459534217728,0 -3.778216933100448,40.47459592086856,0 -3.778399799861264,40.47459712365082,0 -3.778737464862826,40.47460025710391,0 -3.778842234174665,40.474601263745,0 -3.778955020545279,40.47460194599153,0 -3.77911771073976,40.47460283227109,0 -3.779903630899815,40.47461357478395,0 -3.780262929939752,40.47462052172286,0 -3.78096653328911,40.47463352348841,0 -3.781943836973203,40.47431169959043,0 -3.782676736858702,40.47402341345446,0 -3.782865337296163,40.47394961515967,0 -3.783228211931173,40.47380770116746,0 -3.784008667114599,40.47361304744451,0 -3.785480877267322,40.47324594937623,0 -3.785873213144467,40.4731506687876,0 -3.7860418753456,40.47310970779625,0 -3.786753267739676,40.47291190165193,0 -3.787245635271619,40.47277837361693,0 -3.787456656877596,40.47271603753496,0 -3.78746958801802,40.47271216568261,0 -3.787546021437702,40.47269128471895,0 -3.787663142996778,40.47265931661212,0 -3.788112834727252,40.47252850812035,0 -3.788248741451067,40.47248893391574,0 -3.788499485282553,40.47241389269792,0 -3.788819185576963,40.47231423640615,0 -3.789299247142472,40.47215808111431,0 -3.789905517590296,40.47196061215942,0 -3.790941923176991,40.47156542695509,0 -3.79099669975088,40.4715387460186,0 -3.79100561362864,40.47153436072806,0 -3.791079890908508,40.47149079058361,0 -3.791499549073982,40.47124458901301,0 -3.791716343671848,40.47112211516159,0 -3.791898685435069,40.47101906598264,0 -3.792128079729782,40.47091488414887,0 -3.792172667377087,40.47089457873484,0 -3.792187913573753,40.47088699682647,0 -3.792264729931447,40.47084881387475,0 -3.792300896786483,40.47083469220516,0 -3.792343051770958,40.47081818805277,0 -3.792400993519492,40.47079995314634,0 -3.792443303463726,40.47078660011973,0 -3.792499614870504,40.47077026911805,0 -3.793323406760446,40.4705043551109,0 -3.793379429975781,40.47048352119378,0 -3.793394471830205,40.47047864230714,0 -3.794359000575287,40.47016401013286,0 -3.794457396933922,40.47013540615233,0 -3.794592118666594,40.47009610290669,0 -3.795001470407917,40.4699981572805,0 -3.795146636064941,40.46996436708901,0 -3.795273217261339,40.46993502887678,0 -3.795429076989906,40.46989783144381,0 -3.795506575947563,40.46987765950194,0 -3.795524098772815,40.46987312452074,0 -3.795626380316725,40.46985395308271,0 -3.795634502021194,40.46985245574608,0 -3.796099775197242,40.46976529234286,0 -3.796261444687862,40.4697305762723,0 -3.796814071632383,40.4696287542338,0 -3.797644718076294,40.46947591436302,0 -3.798337863087498,40.46943653989258,0 -3.798888371396894,40.46940526250088,0 -3.799160083062108,40.46938933200329,0 -3.799234222222532,40.46938440588654,0 -3.799364130936525,40.46937738233481,0 -3.79938580836787,40.46937507026769,0 -3.799407474047554,40.4693717672955,0 -3.800004435620963,40.46925908382248,0 -3.800137331683684,40.46921546246956,0 -3.800179397811468,40.46920165785497,0 -3.801039662381235,40.46944795620255,0 -3.801821929498272,40.46967190655974,0 -3.802092851716712,40.46974822607103,0 -3.802358797937492,40.46982277860309,0 -3.802628426022293,40.469899286016,0 -3.8028665828168,40.46996790337749,0 -3.803069579317293,40.47002604392561,0 -3.803800845956376,40.47023546954583,0 -3.805056012998044,40.47059502944385,0 -3.80554534065452,40.47073468632422,0 -3.806057043300271,40.47088085168754,0 -3.810253934260577,40.47207702616005,0 -3.810727297292658,40.47221163693655,0 -3.8119424994657,40.47255743821966,0 -3.81233390644285,40.4726646895447,0 -3.812387644501553,40.47267971799485,0 -3.812488492290586,40.47270792864128,0 -3.812545917475521,40.47272545269475,0 -3.812582266003786,40.47273645920175,0 -3.812652338697581,40.47275605642341,0 -3.812758156109643,40.47278549314007,0 -3.812917232379623,40.4728294207973,0 -3.813087567024259,40.4728775023249,0 -3.813249971612263,40.47292338807009,0 -3.813522935520579,40.47300065818948,0 -3.81364037005569,40.47303469696317,0 -3.813740049096964,40.47306372554323,0 -3.814140875099846,40.473178742167,0 -3.814450078797607,40.47326746640132,0 -3.814563834617555,40.47329972927253,0 -3.814732989833304,40.47334763649853,0 -3.815634916033757,40.47360623552755,0 -3.815875442598328,40.47367363808343,0 -3.815978898192767,40.473702638065,0 -3.816148284779454,40.47375000194298,0 -3.816458349827356,40.47384132638378,0 -3.816812424250259,40.47394279111988,0 -3.817316132989797,40.47408725121831,0 -3.81749082078247,40.47413394410724,0 -3.817604319595429,40.47416413283908,0 -3.817655343646702,40.47417890776096,0 -3.817841324492571,40.47423254808019,0 -3.818302080377085,40.47436595565884,0 -3.818711796033627,40.47448314655067,0 -3.818879778586548,40.47453114697787,0 -3.81890142893841,40.47453730432591,0 -3.819165664440988,40.47461245535855,0 -3.819247226790688,40.47463566168615,0 -3.819328317439858,40.47465878121065,0 -3.81970855172614,40.47476680737064,0 -3.820100364803332,40.47487628253172,0 -3.820215074104454,40.47490880241744,0 -3.820217323027879,40.47490941708153,0 -3.820567240366904,40.47500774664576,0 -3.820867585069418,40.47509417331355,0 -3.821247840598835,40.47520363656354,0 -3.821737706118708,40.47534322076875,0 -3.821932213999311,40.47539904517694,0 -3.822501889621952,40.4755627438493,0 -3.8226961562408,40.47561802904924,0 -3.822956718170346,40.475692301139,0 -3.823324195435718,40.47579806477032,0 -3.823383271959686,40.4758151212054,0 -3.823506857887222,40.47584982679908,0 -3.823827309845338,40.47593988801615,0 -3.824567697054333,40.47615145897413,0 -3.824689869740837,40.47618626346901,0 -3.825186143643946,40.4763276782373,0 -3.825678264339821,40.47646704938752,0 -3.826126355611299,40.47659457023058,0 -3.826504362287335,40.47670205022403,0 -3.826592916054908,40.47672727339712,0 -3.826700530527394,40.47675794568845,0 -3.827111689356054,40.47687500625984,0 -3.827516218244899,40.47698995069422,0 -3.827743511071998,40.47705372954382,0 -3.827823415646468,40.47707586059646,0 -3.828201275428841,40.47718045231635,0 -3.828472273348105,40.47725815150832,0 -3.828482217792015,40.47726096307432,0 -3.828526382407297,40.47727397966356,0 -3.828705290137804,40.47732666214841,0 -3.828731097229459,40.47733386440655,0 -3.82886332883059,40.47737084456968,0 -3.829245594222532,40.47747846519443,0 -3.82927163957463,40.47748584579999,0 -3.829574817293373,40.47757069879973,0 -3.829784615289437,40.47763126589489,0 -3.829964819211708,40.47768366684793,0 -3.830251418060074,40.4777633218645,0 -3.830574890267365,40.47785766596891,0 -3.830689144276329,40.47789080930882,0 -3.830880345911891,40.47794520183051,0 -3.8312546972374,40.47805161052791,0 -3.831728618199591,40.47818631197985,0 -3.831838721158178,40.47821759218092,0 -3.832233610488754,40.4783340299341,0 -3.832669694749557,40.47845215330734,0 -3.832718359236067,40.47846639711421,0 -3.83272771085894,40.47846894231751,0 -3.832759670866995,40.47847754076433,0 -3.833081487108741,40.4785615295141,0 -3.83336896699204,40.47864495415538,0 -3.833600088114428,40.47871202712685,0 -3.834123186349359,40.47886357101307,0 -3.834212932084336,40.47888932025347,0 -3.834667695891154,40.47901955333386,0 -3.834890039682522,40.47908272318565,0 -3.835191709091973,40.47916838308363,0 -3.835741055695737,40.47932396411318,0 -3.836650021175122,40.479581302486,0 -3.836650188114215,40.4795813499256,0 -3.836747984121371,40.47908667035738,0 -3.83677326503672,40.47892433609908,0 -3.83680461274822,40.47875026164761,0 -3.836852029664311,40.47851098781594,0 -3.836919922756764,40.47818444778897,0 -3.836950437468019,40.47799474706105,0 -3.836994724732301,40.47774825895438,0 -3.837065323294043,40.47737768711016,0 -3.837141703973644,40.47706180331762,0 -3.837170693005559,40.47693770017877,0 -3.837197411567873,40.47681811162323,0 -3.837215075756617,40.47671069571597,0 -3.837225337763057,40.47665082206793,0 -3.837246555211785,40.47653837146198,0 -3.837295131060277,40.4762840846391,0 -3.83730600599301,40.47622769208526,0 -3.837308066216742,40.4762161403548,0 -3.837315058256211,40.47617576493595,0 -3.837334672590733,40.4760624934967,0 -3.837349441620965,40.47598691078102,0 -3.837389780666443,40.47578927662207,0 -3.837398249229299,40.47574450135829,0 -3.836725825672495,40.47512327394326,0 -3.836114961274705,40.47489399913383,0 -3.836232750740932,40.47471699216322,0 -3.836594370659009,40.47416503623817,0 -3.836870022654049,40.47374175519674,0 -3.837383153132124,40.47296178225104,0 -3.837343398412142,40.47294765151164,0 -3.837527399239391,40.47258452044301,0 -3.838133756557701,40.47092464449675,0 -3.838256944704568,40.4677674656654,0 -3.836915372762332,40.46697574065193,0 -3.835636651238422,40.46583706324883,0 -3.834352725960624,40.46441732686342,0 -3.830784791584118,40.46589190929858,0 -3.828922055240138,40.46635301416634,0 -3.827124683066828,40.46608659929036,0 -3.825820482518848,40.46534727147448,0 -3.824850052586974,40.46479563752094,0 -3.823662276572127,40.46460319883399,0 -3.822233849258801,40.46469804315169,0 -3.820944447895288,40.46439278597718,0 -3.819841938501965,40.46432402736173,0 -3.818784558561415,40.46437745999775,0 -3.817454313861337,40.46430127998973,0 -3.815211169158126,40.4636432355021,0 -3.812867444518561,40.46363990511595,0 -3.810123911589538,40.46422941442388,0 -3.807387621966693,40.46345755165973,0 -3.804206704473407,40.46298060697592,0 -3.802547055585215,40.46208042241398,0 -3.80058893981532,40.46027687636864,0 -3.798850083533993,40.45895286163049,0 -3.797583733985244,40.45848412168178,0 -3.79575488798001,40.45782103930109,0 -3.795277944307981,40.45698107686828,0 -3.795488155573023,40.45660485803288,0 -3.795335976607175,40.4563014008784,0 -3.794393096552418,40.45565292305616,0 -3.794058434793147,40.45497504114981,0 -3.793754609220394,40.45471226104818,0 -3.793010871517581,40.45394619028188,0 -3.792913987688492,40.45383063847799,0 -3.792901686951971,40.45378747896574,0 -3.792913505576148,40.4536892002722,0 -3.793084314438592,40.45367271413568,0 -3.793372932819991,40.45324461079292,0 -3.792422957108201,40.45168535575885,0 -3.79207818857442,40.45064537480901,0 -3.791381388114527,40.44935104508711,0 -3.791121599510433,40.44801318222019,0 -3.790992686853078,40.44747802823137,0 -3.790393347612539,40.44765419367855,0 -3.790217075955917,40.44659864245131,0 -3.790178802732999,40.44584755248967,0 -3.788854865061051,40.44577189888744,0 -3.790096523002401,40.44234451127995,0 -3.787241899799202,40.44315765597766,0 -3.784568860571072,40.44438211346053,0 -3.779458258853538,40.44416979649291,0 -3.778585766104793,40.44376846066473,0 -3.777527953574039,40.44365665300155,0 -3.776041289783564,40.44367834200893,0 -3.770926787850698,40.44404675471066,0 -3.770846651585123,40.44405089180569,0 -3.770838523494082,40.43765994873154,0 -3.770883204538554,40.43393171666154,0 -3.770942550008604,40.42931959876817,0 -3.779130729108327,40.42427106518493,0 -3.780376574469362,40.42191041228138,0 -3.781399319449753,40.41759358463398,0 -3.781239385580451,40.41680997743963,0 -3.780935885514419,40.41553634281217,0 -3.780622165047876,40.41429520946519,0 -3.779457110847797,40.41210124567541,0 -3.779029508346262,40.40976987710911,0 -3.778575707548214,40.4080260730503,0 -3.777796046510667,40.40653580942561,0 -3.776908622421266,40.40520211875047,0 -3.776408413398244,40.40402708946764,0 -3.774373320595137,40.40208214747892,0 -3.774600529205487,40.40031394770017,0</coordinates>
        </LineString>
      </MultiGeometry>
    </Placemark>
    <Placemark id="ID_00009">
      <name>10</name>
      <snippet></snippet>
      <description><![CDATA[<html xmlns:fo="http://www.w3.org/1999/XSL/Format" xmlns:msxsl="urn:schemas-microsoft-com:xslt">
<head>
<META http-equiv="Content-Type" content="text/html">
<meta http-equiv="content-type" content="text/html; charset=UTF-8">
</head>
<body style="margin:0px 0px 0px 0px;overflow:auto;background:#FFFFFF;">
<table style="font-family:Arial,Verdana,Times;font-size:12px;text-align:left;width:100%;border-collapse:collapse;padding:3px 3px 3px 3px">
<tr style="text-align:center;font-weight:bold;background:#9CBCE2">
<td>10</td>
</tr>
<tr>
<td>
<table style="font-family:Arial,Verdana,Times;font-size:12px;text-align:left;width:100%;border-spacing:0px; padding:3px 3px 3px 3px">
<tr>
<td>FID</td>
<td>9</td>
</tr>
<tr bgcolor="#D4E4F3">
<td>COD_DIS</td>
<td>10</td>
</tr>
<tr>
<td>COD_DIS_TX</td>
<td>10</td>
</tr>
<tr bgcolor="#D4E4F3">
<td>NOMBRE</td>
<td>Latina</td>
</tr>
<tr>
<td>DISTRI_MAY</td>
<td>LATINA</td>
</tr>
<tr bgcolor="#D4E4F3">
<td>DISTRI_MT</td>
<td>LATINA</td>
</tr>
<tr>
<td>Area</td>
<td>25410387,5903</td>
</tr>
</table>
</td>
</tr>
</table>
</body><script type="text/javascript">
				function changeImage(attElement, nameElement) {
				document.getElementById('imageAttachment').src = attElement;
				document.getElementById('imageName').innerHTML = nameElement;}
			</script></html>
]]></description>
      <styleUrl>#LineStyle00</styleUrl>
      <MultiGeometry>
        <LineString>
          <extrude>0</extrude>
          <tessellate>1</tessellate><altitudeMode>clampToGround</altitudeMode>
          <coordinates> -3.771623710212717,40.35982462801782,0 -3.770744499208578,40.3605472814503,0 -3.770524754004102,40.36062099784461,0 -3.768960945050674,40.36204817097356,0 -3.766720139625972,40.36409297080544,0 -3.763682718878496,40.36577793318214,0 -3.761805640771091,40.36689599031252,0 -3.762159186261543,40.36748961729975,0 -3.762909454230155,40.36878595341343,0 -3.762942971837999,40.36902195081123,0 -3.762587338058922,40.37086329514775,0 -3.762247460196575,40.37262297110448,0 -3.761845332620586,40.37443554804955,0 -3.760015960919933,40.37488469464716,0 -3.758890290136739,40.37522974066233,0 -3.757877187587654,40.37554025396722,0 -3.757930502748599,40.37583071880754,0 -3.757910763906332,40.37591949760013,0 -3.75786199198905,40.3761401795198,0 -3.757813739902526,40.37631265938913,0 -3.757750767225682,40.37653811903257,0 -3.757581871447822,40.37690895852793,0 -3.757422390762858,40.3771739685229,0 -3.757241859978637,40.37747389120216,0 -3.756771545394484,40.37799562031259,0 -3.755950211717128,40.37855234293642,0 -3.756400909771792,40.37959544676966,0 -3.756833618776867,40.38045064504111,0 -3.757435498328393,40.38146284563555,0 -3.757876864084354,40.38220509921761,0 -3.758366047525229,40.38281901932954,0 -3.758852844627348,40.38322988747192,0 -3.759306070409526,40.38363007298447,0 -3.758649811530697,40.38410879462047,0 -3.755631995611406,40.38364762347513,0 -3.754782784814386,40.38359190152782,0 -3.753589528355533,40.38353237716705,0 -3.753037410736788,40.38354822176817,0 -3.751707528129889,40.38410695881017,0 -3.751587450788849,40.38415746852931,0 -3.749546694880802,40.38532548363379,0 -3.749516034377855,40.38534415007509,0 -3.746868309044507,40.3869470401086,0 -3.746184589503109,40.38736100215197,0 -3.745351991150677,40.38786501781529,0 -3.745132479007636,40.38791697253564,0 -3.744898629505927,40.38797217147462,0 -3.744735639811215,40.38801069636018,0 -3.744432376238511,40.38865301493568,0 -3.743814436008563,40.38996204473668,0 -3.743570970247324,40.39040784785669,0 -3.743274427272817,40.39075236841909,0 -3.742847687807887,40.39135448226554,0 -3.742249702743293,40.39189949347927,0 -3.740878622958969,40.39300098998373,0 -3.740839945499232,40.39303051726239,0 -3.73976109229003,40.39385733414004,0 -3.739164580997123,40.39429367232242,0 -3.739150203157982,40.39430421474798,0 -3.738978133133462,40.39443009011429,0 -3.738706238278842,40.39471561210325,0 -3.738630866318215,40.39479474183374,0 -3.738565597846832,40.39489281790948,0 -3.73843123551139,40.39509457729403,0 -3.738321102003326,40.39525996717595,0 -3.737865031512167,40.39594531499876,0 -3.737594842967404,40.39622631890667,0 -3.737508742107546,40.39631596684485,0 -3.737113533219711,40.39672695692082,0 -3.734763838637058,40.39854074327067,0 -3.734114659347523,40.39902775144888,0 -3.733506381149297,40.39948404408264,0 -3.732125217962056,40.40052000599646,0 -3.730902872496138,40.40143692975627,0 -3.730313778581281,40.40188407518249,0 -3.730308752544834,40.40188789073177,0 -3.729592360941399,40.40243160270101,0 -3.728618010665188,40.40288918603695,0 -3.72832700441835,40.40319093003431,0 -3.728326538892818,40.40319147351003,0 -3.728156735320941,40.40336758893665,0 -3.727790765878438,40.40369052355992,0 -3.727587059089615,40.40387018398783,0 -3.727076802098948,40.40413483471715,0 -3.726818945620454,40.40434231189783,0 -3.726630019245868,40.40449421992274,0 -3.726338287976696,40.40482875638166,0 -3.726186526660717,40.40495196159179,0 -3.725999016318802,40.40510422094678,0 -3.725656616109421,40.40531907231667,0 -3.72552047267555,40.40540434060548,0 -3.725179798114384,40.40549476471025,0 -3.725071214978675,40.40552355393005,0 -3.724650872037138,40.40549294212116,0 -3.724771387915798,40.40503822053659,0 -3.724763728687787,40.40454366966735,0 -3.723600180797738,40.40455095096545,0 -3.722720742513619,40.40454536480363,0 -3.722742897665076,40.40521775405742,0 -3.722648639543169,40.40582591379954,0 -3.72236687598634,40.40674263568636,0 -3.722261267690549,40.40705023293476,0 -3.722218864617664,40.40717374253305,0 -3.721822842567634,40.40850541176741,0 -3.722611132008237,40.41137889092994,0 -3.722764982438266,40.411713608076,0 -3.722871125541019,40.41190736057158,0 -3.722900467593473,40.41197294403715,0 -3.722918456511343,40.4120130118964,0 -3.72292482333474,40.41236576712976,0 -3.722924932273358,40.4123759466674,0 -3.72295386006238,40.41398928970051,0 -3.722850118962111,40.41533165732553,0 -3.72237914805328,40.41717496888727,0 -3.724860541879786,40.41616458392438,0 -3.726217733216538,40.41566598351477,0 -3.729575053991653,40.41443242840168,0 -3.732799787720247,40.41328718500589,0 -3.734184283259289,40.41279552347409,0 -3.737919421777519,40.41146599540369,0 -3.73852795471578,40.4110583265807,0 -3.741853510909682,40.40920596793532,0 -3.741986174098314,40.40925592855172,0 -3.742072804965996,40.40928870692704,0 -3.742233291464248,40.40935020133486,0 -3.742363893577457,40.40939476932154,0 -3.74245079896015,40.40942042850666,0 -3.742543025405241,40.40944767508054,0 -3.742878593786227,40.40953651350646,0 -3.743046131722203,40.40956381720807,0 -3.743135435033656,40.40957171265546,0 -3.743183916367848,40.40957554519604,0 -3.743202435446233,40.40957695859547,0 -3.743255663346049,40.40957301281999,0 -3.743328791604697,40.40956758862599,0 -3.743558683426067,40.40952070664655,0 -3.74385906373616,40.40945337066379,0 -3.743937113654287,40.40943458104064,0 -3.744404231192655,40.40932193809444,0 -3.744468433818343,40.40929801112109,0 -3.74449671805202,40.40928719832996,0 -3.744574507773845,40.40925552702376,0 -3.744607601289262,40.40922125972808,0 -3.744667208291604,40.40914384853689,0 -3.747475141023857,40.40877412929461,0 -3.747888678568831,40.40871965669967,0 -3.749866301454478,40.4084459602071,0 -3.750542037863587,40.40835770784252,0 -3.750641950015696,40.40834462765439,0 -3.750750531869928,40.40832680638515,0 -3.750879463824307,40.40830560960118,0 -3.752063934449282,40.40773746600783,0 -3.752654520365184,40.40745416616372,0 -3.754911893678144,40.40630711745891,0 -3.755689041812485,40.40589997260355,0 -3.755950952782443,40.40580961422517,0 -3.756115261743749,40.40576989194897,0 -3.756279903118108,40.40574935652555,0 -3.756501569582141,40.40573817844134,0 -3.75672319036739,40.4057124055827,0 -3.756881189689765,40.40567758929772,0 -3.757058006608297,40.40561832427196,0 -3.757354059184095,40.40545152176499,0 -3.757658894974792,40.40527979606096,0 -3.759755257385415,40.40406010292764,0 -3.759860014699313,40.40396499974608,0 -3.760226634020121,40.40364024800424,0 -3.760444468331654,40.40336241895432,0 -3.760805306481301,40.40288049554314,0 -3.762274968985746,40.40099153330564,0 -3.762392132162175,40.40093148220031,0 -3.762736795814662,40.40068948013896,0 -3.764358797267947,40.39940147517144,0 -3.764745460901943,40.39930063242328,0 -3.76550339606198,40.39910309902736,0 -3.765625293531893,40.39927436658687,0 -3.767010634719782,40.39923645803786,0 -3.769280807437315,40.39962229894846,0 -3.770646965690233,40.39953447332839,0 -3.77369292324162,40.40028254225246,0 -3.773844923204793,40.40030197649846,0 -3.774554343403914,40.40031462016398,0 -3.774600529205487,40.40031394770017,0 -3.775818471297591,40.40006344684787,0 -3.777605675415642,40.39910550338978,0 -3.7781712704536,40.39797736934683,0 -3.778050682958612,40.39763583524492,0 -3.778827180429718,40.39732610722312,0 -3.779127360521717,40.39719796005705,0 -3.779244197468559,40.39711158676745,0 -3.779351766240916,40.39703879030167,0 -3.779450836484894,40.39694442930954,0 -3.779580650259358,40.39675706686087,0 -3.779925424149371,40.39600068444986,0 -3.7800804062801,40.39574828739614,0 -3.780757249481697,40.39528065667719,0 -3.781514515494742,40.39412598875531,0 -3.786852751284384,40.3927600883669,0 -3.789395218694648,40.39233737077102,0 -3.789170592270233,40.39388756433456,0 -3.793785848249652,40.39358033318167,0 -3.796497376438023,40.39220674326371,0 -3.800447958423305,40.39209841035317,0 -3.804284652281921,40.39202496907873,0 -3.807810369521443,40.39235357415877,0 -3.810870852574364,40.39279253907677,0 -3.812595135821171,40.39332279408218,0 -3.814887953827146,40.39399857250384,0 -3.818289333024541,40.39591783411612,0 -3.818495259547381,40.39599205430461,0 -3.819351772608857,40.3962733826385,0 -3.819378198450082,40.39641193631481,0 -3.819558618898865,40.39642327119614,0 -3.819643582892419,40.39643348068778,0 -3.81974395019058,40.3964507881431,0 -3.819967269304451,40.39650145889816,0 -3.820404634530469,40.3966154784532,0 -3.82051198538152,40.39662552666069,0 -3.820817201363806,40.3966278685073,0 -3.822237778075995,40.39668445300183,0 -3.823051939353155,40.39658226928858,0 -3.823201409638831,40.39656769349097,0 -3.823380467417293,40.39656371584923,0 -3.823508839099088,40.39655829892855,0 -3.823683118026508,40.39654895033475,0 -3.823790293558328,40.39654458409535,0 -3.823902267507332,40.39654739079176,0 -3.82415926447959,40.39655727281508,0 -3.824699277554344,40.39658495770018,0 -3.825146100398353,40.39660429699877,0 -3.82525214048199,40.39660354111994,0 -3.825614715743443,40.39657482929212,0 -3.826097172190616,40.39652093641367,0 -3.826246608569901,40.39650365331266,0 -3.826480843471745,40.39648306121607,0 -3.826725705559107,40.39646419627021,0 -3.827089533576731,40.39644177628426,0 -3.82722266285822,40.39643992392122,0 -3.829005658025862,40.3964550957262,0 -3.829409279719409,40.39641076325588,0 -3.829842136580338,40.39634819970029,0 -3.83047475677126,40.39624096018333,0 -3.830846266185915,40.39617252805382,0 -3.831252599707703,40.39606150103844,0 -3.831424009910324,40.39601071986277,0 -3.831516790390152,40.39598572920035,0 -3.831601388561003,40.39596620273021,0 -3.831737795226281,40.39594360082845,0 -3.831842489576129,40.39592933504169,0 -3.831995479897409,40.39591382075395,0 -3.83210732227102,40.39590580871442,0 -3.832235769481856,40.3959066878859,0 -3.832318332576182,40.39591330082731,0 -3.832451636906983,40.39592585563472,0 -3.832679465435279,40.39595935309435,0 -3.832881450952748,40.39599934077776,0 -3.833188830492055,40.39608181385132,0 -3.833296369848927,40.39610716688075,0 -3.833363707563942,40.39612109602285,0 -3.833427486068802,40.39613324987497,0 -3.833507748646349,40.39614438396319,0 -3.833561991474112,40.39614759744945,0 -3.833641021477636,40.39615423491494,0 -3.833704655601351,40.39615467701523,0 -3.833774147528022,40.3961523750327,0 -3.833848264623238,40.39614283243018,0 -3.834161949083862,40.39605814174383,0 -3.8334563444852,40.39547322228048,0 -3.833459679277218,40.39546339191278,0 -3.833438386149795,40.39541267049601,0 -3.833408876352201,40.3953404226599,0 -3.833383614943893,40.39527547844741,0 -3.833362261478734,40.39522367636582,0 -3.833314059273144,40.39509467118901,0 -3.833283573783869,40.39502268350168,0 -3.833249551433115,40.39493418881882,0 -3.833224811077424,40.39486847414283,0 -3.83319236884603,40.39478780591179,0 -3.833158443602982,40.39469866184788,0 -3.833117887680077,40.39460297994499,0 -3.833078983249897,40.39450179962655,0 -3.833019017024336,40.39436086101512,0 -3.832971452351402,40.39424523850298,0 -3.832909726001935,40.39408563588044,0 -3.832904991883612,40.39407341769657,0 -3.832817140401511,40.39387342651572,0 -3.832813867523733,40.39386600051875,0 -3.832757401077301,40.39374890147666,0 -3.832703536544282,40.39365371075415,0 -3.832657596095548,40.39358950897487,0 -3.832652135535572,40.39359119965288,0 -3.832512322557041,40.39332734346669,0 -3.832407984856995,40.39314537609751,0 -3.832376934690005,40.39309302019169,0 -3.832301716576553,40.39296877118754,0 -3.832199093820334,40.39280829133453,0 -3.832126875952681,40.39269933417441,0 -3.832093756201807,40.39264689938715,0 -3.832010842459467,40.39252770647643,0 -3.831926546014395,40.3924086324606,0 -3.831840170097193,40.3922908877582,0 -3.83178105852289,40.39221146680306,0 -3.831682011640146,40.39207587072734,0 -3.831655088557095,40.39204121291316,0 -3.830913830219669,40.39103447205311,0 -3.830909303710686,40.39103650909135,0 -3.830907312832978,40.39103375762272,0 -3.830906402524518,40.39103417948077,0 -3.830868142007894,40.39105186077333,0 -3.830850892895944,40.39102964770597,0 -3.830827166433849,40.39099914331181,0 -3.83077712291794,40.39093480265947,0 -3.83068793974949,40.39081917543049,0 -3.83062719458714,40.39074150614017,0 -3.830540100147695,40.39062945839437,0 -3.830335193487828,40.39036489485543,0 -3.830317183802015,40.39034193130803,0 -3.830253672741704,40.3902609771581,0 -3.83023907779325,40.3902422494545,0 -3.830193100637122,40.39018330999058,0 -3.830190112873726,40.39018467108597,0 -3.830186180338427,40.39017520379176,0 -3.830186872167226,40.3901701357441,0 -3.830204980679266,40.39015279846367,0 -3.830232500545854,40.39012852871845,0 -3.830235626653216,40.39011732605396,0 -3.830234921035122,40.39010879865827,0 -3.830229679892457,40.39009840472198,0 -3.830175213871055,40.3900256594838,0 -3.830169981820277,40.39001686818764,0 -3.830082719602813,40.3899089609375,0 -3.830075737971009,40.38989883084047,0 -3.829958787805106,40.3897450914011,0 -3.829856162342543,40.38961213289262,0 -3.829849531707066,40.38960467594744,0 -3.829729805718697,40.38945306430278,0 -3.829614960119841,40.3893065166314,0 -3.829609016755144,40.38929639707366,0 -3.829500801556132,40.3891591711167,0 -3.829496950292504,40.38915064916336,0 -3.829373375934199,40.38898677640636,0 -3.829368139686935,40.38897772383972,0 -3.82920024231376,40.38875710551235,0 -3.829087835793795,40.38861028664874,0 -3.828962528862892,40.38844908262155,0 -3.828861806205851,40.38832877626427,0 -3.823728854026871,40.38213697419219,0 -3.823671516415803,40.38193162390984,0 -3.823675094942736,40.38186262148943,0 -3.823601670129352,40.38172828971948,0 -3.823405917956792,40.38135819804724,0 -3.823354947877631,40.38129901651813,0 -3.823213688782681,40.38106578404903,0 -3.822939356477248,40.38071201586333,0 -3.822767484061888,40.38048899442339,0 -3.822524851915381,40.38021396945573,0 -3.822142056862663,40.379810293888,0 -3.821957833274579,40.379676183829,0 -3.821611704678939,40.37936613734139,0 -3.821448564712611,40.37922497931669,0 -3.821370710382836,40.3791647202794,0 -3.821194254152098,40.3789422929426,0 -3.820776512925565,40.37850930035302,0 -3.820135163986271,40.37781986283154,0 -3.819513667402504,40.37715759012389,0 -3.81940130844961,40.37705956680969,0 -3.81915665546673,40.37678272002096,0 -3.818652108936824,40.37621618129538,0 -3.818074527303922,40.37557583128125,0 -3.818001275339236,40.37546188926539,0 -3.817877867271657,40.37534378930184,0 -3.817827134395939,40.37528464140999,0 -3.817744190780535,40.37519865623378,0 -3.817714952317932,40.37518548812529,0 -3.817709187166302,40.37516539993135,0 -3.817544318244387,40.37500130237601,0 -3.817212278738922,40.37461977470368,0 -3.817071455169928,40.37448070579323,0 -3.816647789376925,40.37400958986265,0 -3.815368998184975,40.372496767764,0 -3.814947746928544,40.37191243114567,0 -3.814208413138314,40.37101378640057,0 -3.813459843516751,40.37004324800664,0 -3.813289468917148,40.36983273120205,0 -3.813211597565358,40.36960335003831,0 -3.812811192442142,40.36873233120024,0 -3.812200925602086,40.36733597617077,0 -3.812076293371474,40.36697944221072,0 -3.811820978705575,40.36637550997779,0 -3.811424943086729,40.36562292815525,0 -3.81089516031918,40.36459607947824,0 -3.810515235823156,40.36371650630402,0 -3.80693035125414,40.36645285093579,0 -3.80421059622838,40.36446139125623,0 -3.804093108521966,40.36436906322682,0 -3.803940554566781,40.36422999104066,0 -3.803847677849952,40.36414277189529,0 -3.803740569353123,40.36405001549662,0 -3.803629377950549,40.36395617925014,0 -3.803552649384541,40.36388692438815,0 -3.803461967006363,40.3638058852299,0 -3.803396019792352,40.36374394821754,0 -3.803324837124638,40.36368535026612,0 -3.803249624581506,40.36362429825547,0 -3.803163401294495,40.36355451717806,0 -3.803094575154357,40.36349835138707,0 -3.803012216136421,40.36343648577474,0 -3.802900156591464,40.36335358466926,0 -3.802857845900232,40.36333157730196,0 -3.802678984748618,40.36328654816086,0 -3.802536520750794,40.36325547621272,0 -3.802053876985072,40.36315795147556,0 -3.801842085228623,40.36310822143965,0 -3.80154047234731,40.36304756122279,0 -3.801364069009852,40.36300307787661,0 -3.801121951837037,40.36295112329082,0 -3.800823637495371,40.36289002212919,0 -3.800486644575313,40.36281015441244,0 -3.800204046913729,40.36274194730002,0 -3.799881539689845,40.36267435878002,0 -3.79961248139176,40.36262329367084,0 -3.79926165120805,40.36256124884181,0 -3.799002425131989,40.36252460368374,0 -3.798749121817929,40.36250359015818,0 -3.798510629943882,40.36247129442659,0 -3.798184882657463,40.36241672726126,0 -3.797842234417792,40.36236128837699,0 -3.797512661990581,40.36231154214487,0 -3.79731458676812,40.36227434806303,0 -3.797135080419425,40.36224638520221,0 -3.796968031401971,40.36221774071536,0 -3.79686888460105,40.36219995076627,0 -3.796726748979611,40.3621699423616,0 -3.796500610874278,40.362121695055,0 -3.796048967724417,40.36200424590339,0 -3.795831133691667,40.36196981863607,0 -3.795670743869305,40.36193898948823,0 -3.795416135506007,40.36188352594484,0 -3.79515790928875,40.36181611182316,0 -3.795030487680846,40.36177840188741,0 -3.794698571643479,40.36165694050681,0 -3.794273990993693,40.36149486466331,0 -3.794025779700185,40.3613914536424,0 -3.793751248216257,40.36126826397807,0 -3.793571110677346,40.36118401376015,0 -3.793414425643727,40.36110881146686,0 -3.793220085937243,40.36101122286168,0 -3.793006926329839,40.36090303674217,0 -3.792785825032326,40.36078179372506,0 -3.792644734492181,40.36070767538131,0 -3.792519264843538,40.36063702463007,0 -3.792412658788652,40.36058054824059,0 -3.79230923745263,40.36053000765111,0 -3.792143124890254,40.36044771768309,0 -3.791984871198561,40.36037133227502,0 -3.791840680362089,40.36029842607527,0 -3.791612913842468,40.36019591490466,0 -3.791469356285469,40.36012100117997,0 -3.791157778165622,40.35998964793519,0 -3.790838354506825,40.35985358077844,0 -3.790351335307223,40.35964118802368,0 -3.789970908565828,40.35948408195292,0 -3.789554609934247,40.35932364381215,0 -3.788912953502535,40.35907654613761,0 -3.788418698710772,40.35891067700906,0 -3.788044691484096,40.35876901375114,0 -3.787908658710311,40.35872703473235,0 -3.78784142195371,40.35870604030215,0 -3.787764551297442,40.35869592868528,0 -3.787506497560954,40.35875661738122,0 -3.787391705247543,40.35879486513608,0 -3.787219619643322,40.35886105081222,0 -3.787080558002515,40.35891819608149,0 -3.786874286698885,40.35901767189775,0 -3.786677671489328,40.35910637884953,0 -3.786017665114998,40.35940270190055,0 -3.785592904527288,40.35958615022226,0 -3.785142540523531,40.35977870963713,0 -3.784868094886741,40.3598926051872,0 -3.784709754471985,40.35995327126813,0 -3.784459219546068,40.36009470479759,0 -3.784077687387645,40.36028047417597,0 -3.783817922208159,40.3604071318017,0 -3.783393003596053,40.36060667868682,0 -3.782932435244799,40.3608323800397,0 -3.782493363861682,40.36105203314913,0 -3.781996636235577,40.36127880245756,0 -3.781855242661744,40.36134766363883,0 -3.781701953330689,40.36141608072354,0 -3.781630368506304,40.36145369196486,0 -3.7815513423922,40.36148933811338,0 -3.781451425611064,40.36152936865516,0 -3.781352886155185,40.36155599327109,0 -3.781238132059599,40.36157571825587,0 -3.781124489147954,40.36158233728882,0 -3.781015285800843,40.36160116239068,0 -3.780934278546793,40.36162509795301,0 -3.780768597545494,40.36168296943877,0 -3.780318136035377,40.3618648763828,0 -3.776747455561784,40.36127446647798,0 -3.773431158433818,40.36054449772332,0 -3.772353638325385,40.35976600462381,0 -3.771623710212717,40.35982462801782,0</coordinates>
        </LineString>
      </MultiGeometry>
    </Placemark>
    <Placemark id="ID_00010">
      <name>11</name>
      <snippet></snippet>
      <description><![CDATA[<html xmlns:fo="http://www.w3.org/1999/XSL/Format" xmlns:msxsl="urn:schemas-microsoft-com:xslt">
<head>
<META http-equiv="Content-Type" content="text/html">
<meta http-equiv="content-type" content="text/html; charset=UTF-8">
</head>
<body style="margin:0px 0px 0px 0px;overflow:auto;background:#FFFFFF;">
<table style="font-family:Arial,Verdana,Times;font-size:12px;text-align:left;width:100%;border-collapse:collapse;padding:3px 3px 3px 3px">
<tr style="text-align:center;font-weight:bold;background:#9CBCE2">
<td>11</td>
</tr>
<tr>
<td>
<table style="font-family:Arial,Verdana,Times;font-size:12px;text-align:left;width:100%;border-spacing:0px; padding:3px 3px 3px 3px">
<tr>
<td>FID</td>
<td>10</td>
</tr>
<tr bgcolor="#D4E4F3">
<td>COD_DIS</td>
<td>11</td>
</tr>
<tr>
<td>COD_DIS_TX</td>
<td>11</td>
</tr>
<tr bgcolor="#D4E4F3">
<td>NOMBRE</td>
<td>Carabanchel</td>
</tr>
<tr>
<td>DISTRI_MAY</td>
<td>CARABANCHEL</td>
</tr>
<tr bgcolor="#D4E4F3">
<td>DISTRI_MT</td>
<td>CARABANCHEL</td>
</tr>
<tr>
<td>Area</td>
<td>14048315,7884</td>
</tr>
</table>
</td>
</tr>
</table>
</body><script type="text/javascript">
				function changeImage(attElement, nameElement) {
				document.getElementById('imageAttachment').src = attElement;
				document.getElementById('imageName').innerHTML = nameElement;}
			</script></html>
]]></description>
      <styleUrl>#LineStyle00</styleUrl>
      <MultiGeometry>
        <LineString>
          <extrude>0</extrude>
          <tessellate>1</tessellate><altitudeMode>clampToGround</altitudeMode>
          <coordinates> -3.720891409751199,40.3655477989149,0 -3.720891266151182,40.36554802864158,0 -3.720716601030059,40.36644232330129,0 -3.720437248542737,40.36787327054969,0 -3.720193594615143,40.370691129745,0 -3.719764409380045,40.37380933434729,0 -3.719712405472519,40.37414767956191,0 -3.719712296311414,40.37414849106055,0 -3.71936724015023,40.37639633852417,0 -3.719034995777846,40.37965330607383,0 -3.718959565389423,40.38039333251116,0 -3.718727881974977,40.38154027976874,0 -3.718351680020712,40.38289091882644,0 -3.718215624981774,40.38331437942934,0 -3.71755563759183,40.38528083714372,0 -3.716870726736255,40.38592067351637,0 -3.716391362241666,40.38636842104102,0 -3.715428645880541,40.38726744918438,0 -3.715022880219259,40.38764644674639,0 -3.714596111935185,40.38804503318504,0 -3.714231820334701,40.38840251109966,0 -3.713897427907538,40.38871313531947,0 -3.713684845857922,40.38890895544533,0 -3.713683076896995,40.38891058529528,0 -3.713356645969935,40.38918341164588,0 -3.713012371392829,40.38942904957879,0 -3.712878710924582,40.38952482848885,0 -3.712009026896676,40.38994586221784,0 -3.711883476922879,40.38999528335745,0 -3.71024844193657,40.39064452480513,0 -3.709484356153664,40.39094759264778,0 -3.709483535216713,40.390947958048,0 -3.709105428784077,40.39109315957713,0 -3.709006550090002,40.39113583830339,0 -3.708794834611118,40.39122713606336,0 -3.708778190481298,40.39123543634895,0 -3.708688405031757,40.39128013025252,0 -3.708450344135676,40.39139852599374,0 -3.708279367300916,40.39148732093699,0 -3.708132805023043,40.39157839946736,0 -3.707937115031597,40.39170392120764,0 -3.707535562288873,40.39201881292279,0 -3.707229444061144,40.3922886147262,0 -3.706776984282567,40.39275012167465,0 -3.706299972160635,40.39326438891803,0 -3.704640740335106,40.39523398075495,0 -3.707343988055154,40.39589479417095,0 -3.708228801313986,40.39610929587361,0 -3.708785669849809,40.39627696871136,0 -3.70969810622735,40.39655165058554,0 -3.710294369104457,40.39680069741478,0 -3.710804236648581,40.39701360536011,0 -3.711386617335397,40.39733129087747,0 -3.712164564374087,40.39789074638324,0 -3.712737202489432,40.39835596346644,0 -3.713184007248812,40.3987438452458,0 -3.713447525866053,40.39895924980576,0 -3.714053408842503,40.39934614740756,0 -3.714899239190444,40.39966795629465,0 -3.715901289004865,40.39991879140111,0 -3.716419776436624,40.39998495253347,0 -3.716774244578062,40.39999672247023,0 -3.717073861207183,40.39998090160077,0 -3.717309893328191,40.39995862844172,0 -3.718963264029027,40.39983341302253,0 -3.719007300692496,40.39983007701522,0 -3.71931621150704,40.39983509447089,0 -3.719734706717535,40.39989501585276,0 -3.719989696620794,40.39994892508346,0 -3.720354569939999,40.40008557495379,0 -3.721131315811658,40.40051137180108,0 -3.721708181128477,40.40094534722649,0 -3.721835398642677,40.40115023086022,0 -3.721948708478702,40.40133276952339,0 -3.722218819053678,40.40196316192864,0 -3.722251581166433,40.40207367862459,0 -3.722397786078799,40.40256628421052,0 -3.722579204500184,40.4037851733834,0 -3.722657590468349,40.4041828729654,0 -3.722720742513619,40.40454536480363,0 -3.723600180797738,40.40455095096545,0 -3.724763728687787,40.40454366966735,0 -3.724771387915798,40.40503822053659,0 -3.724650872037138,40.40549294212116,0 -3.725071214978675,40.40552355393005,0 -3.725179798114384,40.40549476471025,0 -3.72552047267555,40.40540434060548,0 -3.725656616109421,40.40531907231667,0 -3.725999016318802,40.40510422094678,0 -3.726186526660717,40.40495196159179,0 -3.726338287976696,40.40482875638166,0 -3.726630019245868,40.40449421992274,0 -3.726818945620454,40.40434231189783,0 -3.727076802098948,40.40413483471715,0 -3.727587059089615,40.40387018398783,0 -3.727790765878438,40.40369052355992,0 -3.728156735320941,40.40336758893665,0 -3.728326538892818,40.40319147351003,0 -3.72832700441835,40.40319093003431,0 -3.728618010665188,40.40288918603695,0 -3.729592360941399,40.40243160270101,0 -3.730308752544834,40.40188789073177,0 -3.730313778581281,40.40188407518249,0 -3.730902872496138,40.40143692975627,0 -3.732125217962056,40.40052000599646,0 -3.733506381149297,40.39948404408264,0 -3.734114659347523,40.39902775144888,0 -3.734763838637058,40.39854074327067,0 -3.737113533219711,40.39672695692082,0 -3.737508742107546,40.39631596684485,0 -3.737594842967404,40.39622631890667,0 -3.737865031512167,40.39594531499876,0 -3.738321102003326,40.39525996717595,0 -3.73843123551139,40.39509457729403,0 -3.738565597846832,40.39489281790948,0 -3.738630866318215,40.39479474183374,0 -3.738706238278842,40.39471561210325,0 -3.738978133133462,40.39443009011429,0 -3.739150203157982,40.39430421474798,0 -3.739164580997123,40.39429367232242,0 -3.73976109229003,40.39385733414004,0 -3.740839945499232,40.39303051726239,0 -3.740878622958969,40.39300098998373,0 -3.742249702743293,40.39189949347927,0 -3.742847687807887,40.39135448226554,0 -3.743274427272817,40.39075236841909,0 -3.743570970247324,40.39040784785669,0 -3.743814436008563,40.38996204473668,0 -3.744432376238511,40.38865301493568,0 -3.744735639811215,40.38801069636018,0 -3.744898629505927,40.38797217147462,0 -3.745132479007636,40.38791697253564,0 -3.745351991150677,40.38786501781529,0 -3.746184589503109,40.38736100215197,0 -3.746868309044507,40.3869470401086,0 -3.749516034377855,40.38534415007509,0 -3.749546694880802,40.38532548363379,0 -3.751587450788849,40.38415746852931,0 -3.751707528129889,40.38410695881017,0 -3.753037410736788,40.38354822176817,0 -3.753589528355533,40.38353237716705,0 -3.754782784814386,40.38359190152782,0 -3.755631995611406,40.38364762347513,0 -3.758649811530697,40.38410879462047,0 -3.759306070409526,40.38363007298447,0 -3.758852844627348,40.38322988747192,0 -3.758366047525229,40.38281901932954,0 -3.757876864084354,40.38220509921761,0 -3.757435498328393,40.38146284563555,0 -3.756833618776867,40.38045064504111,0 -3.756400909771792,40.37959544676966,0 -3.755950211717128,40.37855234293642,0 -3.756771545394484,40.37799562031259,0 -3.757241859978637,40.37747389120216,0 -3.757422390762858,40.3771739685229,0 -3.757581871447822,40.37690895852793,0 -3.757750767225682,40.37653811903257,0 -3.757813739902526,40.37631265938913,0 -3.75786199198905,40.3761401795198,0 -3.757910763906332,40.37591949760013,0 -3.757930502748599,40.37583071880754,0 -3.757877187587654,40.37554025396722,0 -3.758890290136739,40.37522974066233,0 -3.760015960919933,40.37488469464716,0 -3.761845332620586,40.37443554804955,0 -3.762247460196575,40.37262297110448,0 -3.762587338058922,40.37086329514775,0 -3.762942971837999,40.36902195081123,0 -3.762909454230155,40.36878595341343,0 -3.762159186261543,40.36748961729975,0 -3.761805640771091,40.36689599031252,0 -3.763682718878496,40.36577793318214,0 -3.766720139625972,40.36409297080544,0 -3.768960945050674,40.36204817097356,0 -3.770524754004102,40.36062099784461,0 -3.770744499208578,40.3605472814503,0 -3.771623709035107,40.35982462802568,0 -3.771148669499731,40.35986277796027,0 -3.766247553110992,40.35876575845341,0 -3.761518879946766,40.35794055162111,0 -3.757707210466366,40.35726077841777,0 -3.754415653982954,40.35798723985965,0 -3.750365028676755,40.35895934517038,0 -3.746675328947663,40.35977834665116,0 -3.743384095456741,40.36047034774381,0 -3.738556297582306,40.36154729783345,0 -3.734126558127544,40.36255062139485,0 -3.730557022493326,40.36334483421385,0 -3.72711480543977,40.36454219717395,0 -3.72345995446748,40.36537213419423,0 -3.720891409751199,40.3655477989149,0</coordinates>
        </LineString>
      </MultiGeometry>
    </Placemark>
    <Placemark id="ID_00011">
      <name>12</name>
      <snippet></snippet>
      <description><![CDATA[<html xmlns:fo="http://www.w3.org/1999/XSL/Format" xmlns:msxsl="urn:schemas-microsoft-com:xslt">
<head>
<META http-equiv="Content-Type" content="text/html">
<meta http-equiv="content-type" content="text/html; charset=UTF-8">
</head>
<body style="margin:0px 0px 0px 0px;overflow:auto;background:#FFFFFF;">
<table style="font-family:Arial,Verdana,Times;font-size:12px;text-align:left;width:100%;border-collapse:collapse;padding:3px 3px 3px 3px">
<tr style="text-align:center;font-weight:bold;background:#9CBCE2">
<td>12</td>
</tr>
<tr>
<td>
<table style="font-family:Arial,Verdana,Times;font-size:12px;text-align:left;width:100%;border-spacing:0px; padding:3px 3px 3px 3px">
<tr>
<td>FID</td>
<td>11</td>
</tr>
<tr bgcolor="#D4E4F3">
<td>COD_DIS</td>
<td>12</td>
</tr>
<tr>
<td>COD_DIS_TX</td>
<td>12</td>
</tr>
<tr bgcolor="#D4E4F3">
<td>NOMBRE</td>
<td>Usera</td>
</tr>
<tr>
<td>DISTRI_MAY</td>
<td>USERA</td>
</tr>
<tr bgcolor="#D4E4F3">
<td>DISTRI_MT</td>
<td>USERA</td>
</tr>
<tr>
<td>Area</td>
<td>7777716,75017</td>
</tr>
</table>
</td>
</tr>
</table>
</body><script type="text/javascript">
				function changeImage(attElement, nameElement) {
				document.getElementById('imageAttachment').src = attElement;
				document.getElementById('imageName').innerHTML = nameElement;}
			</script></html>
]]></description>
      <styleUrl>#LineStyle00</styleUrl>
      <MultiGeometry>
        <LineString>
          <extrude>0</extrude>
          <tessellate>1</tessellate><altitudeMode>clampToGround</altitudeMode>
          <coordinates> -3.72098487257947,40.36478526215281,0 -3.720984350459998,40.36478522847045,0 -3.714153079999711,40.36435918610965,0 -3.709766225508969,40.36402219588697,0 -3.708093676113118,40.36394342760203,0 -3.70798762589212,40.36393849121347,0 -3.707102053953764,40.36388128941113,0 -3.707097102912399,40.36388086922626,0 -3.706367047994837,40.36381712698522,0 -3.705145578910633,40.36368051701086,0 -3.704900576189187,40.36365525258771,0 -3.70450410617936,40.36361784540113,0 -3.704281084018422,40.36359965216211,0 -3.704084939655165,40.36358381831825,0 -3.704016951068189,40.36358080784759,0 -3.704015890206108,40.36358072421428,0 -3.703660160446558,40.3635648691023,0 -3.703235631920012,40.36355879984911,0 -3.702617407767451,40.36357985044587,0 -3.702103349158209,40.36361729445346,0 -3.701651298340356,40.36367165751205,0 -3.701123783789454,40.36375197214728,0 -3.701073103639174,40.36375975605445,0 -3.700792446070261,40.36380578015423,0 -3.700700318066383,40.36382588817555,0 -3.700046352525755,40.36396741429701,0 -3.699339566484653,40.36412646266967,0 -3.699120227649821,40.36416841816082,0 -3.698747609566088,40.36423976917285,0 -3.698160962778123,40.36433141779116,0 -3.697447200381006,40.36442004536441,0 -3.697134640374987,40.36444499144702,0 -3.696903150907452,40.36446242106756,0 -3.696759689918214,40.36447319550755,0 -3.69659923574842,40.36448064685722,0 -3.6962286491772,40.36449792186978,0 -3.695526521695559,40.36451565582484,0 -3.694004025288389,40.36452884729205,0 -3.693869643101322,40.36451767058944,0 -3.693244055752115,40.36446484043942,0 -3.692228703830084,40.36438514913941,0 -3.691652201684011,40.36431778303881,0 -3.691247860343732,40.36427046653176,0 -3.69061452299471,40.36417334445921,0 -3.690044730724479,40.36405899270935,0 -3.689443365870407,40.36390896913608,0 -3.689024910061448,40.36379371096545,0 -3.687239759749704,40.36320034722279,0 -3.685404299322653,40.36254377201649,0 -3.683141298676498,40.36172973387023,0 -3.681924744974139,40.36129631637721,0 -3.682749897647638,40.3633597080095,0 -3.683081604206897,40.36418174418531,0 -3.683144706800021,40.36449061793827,0 -3.68314816648004,40.36473612690272,0 -3.683107220451425,40.36491181344106,0 -3.68301060503446,40.36515977925185,0 -3.682875229453341,40.36544388693321,0 -3.682787656974667,40.36555413606744,0 -3.682694929576854,40.36567040032775,0 -3.682537339675041,40.36582096399701,0 -3.682257244321386,40.3659802296026,0 -3.682000842456273,40.36616130104046,0 -3.681815423201061,40.36639781904281,0 -3.681752466116119,40.36662164446258,0 -3.681736055529642,40.36680529404359,0 -3.681754293954345,40.36706255924076,0 -3.681791131997281,40.3673536323284,0 -3.681857962788803,40.3675148449052,0 -3.682268392505166,40.36864167476038,0 -3.682350055800588,40.36898036661364,0 -3.682359588996472,40.36914989718677,0 -3.682345768243932,40.36933153597099,0 -3.682295248569673,40.36949543518976,0 -3.682270853741714,40.36966316949817,0 -3.682277818250587,40.36983670535258,0 -3.682339717902767,40.3700258785453,0 -3.682462133179584,40.37026656911137,0 -3.682586272537312,40.37041946268952,0 -3.682775821534169,40.37059192246727,0 -3.683046473231177,40.37078784557119,0 -3.683523568192137,40.37102045750947,0 -3.684272320047587,40.37128937076811,0 -3.684913368461307,40.37148309994485,0 -3.685318817557323,40.37159442275227,0 -3.68556192257807,40.37164485725017,0 -3.685747684020774,40.37169962051959,0 -3.685883784605685,40.37174470223885,0 -3.686048840611437,40.37181554927565,0 -3.686161768384504,40.37189069461773,0 -3.686232842773231,40.37195411779751,0 -3.686333093028029,40.37206525123855,0 -3.686420261983351,40.3721724711969,0 -3.686510524877026,40.37232755617332,0 -3.686632978278135,40.37257023657737,0 -3.686804508796816,40.37302211434215,0 -3.686891256247591,40.37334481102734,0 -3.686981743512407,40.37352184136936,0 -3.687050393763152,40.37360323358821,0 -3.68712939556518,40.37367658488661,0 -3.687336686209967,40.3738826437295,0 -3.687590244691963,40.37407411342372,0 -3.687595117958252,40.37407840882271,0 -3.687607271535836,40.37409203041148,0 -3.687678409271461,40.37417232906525,0 -3.687741894778589,40.3743985712595,0 -3.687761533013453,40.37460924607876,0 -3.687728948294823,40.37484699753907,0 -3.687610977684962,40.37529270051559,0 -3.68731779044917,40.37614764315465,0 -3.687268248222078,40.37643902914494,0 -3.687252650337225,40.37662649150135,0 -3.68728052750482,40.3767869285145,0 -3.687361580497381,40.37701396731682,0 -3.687837074866572,40.37805965066094,0 -3.687875392925043,40.37821954700009,0 -3.687859952826583,40.37839957322426,0 -3.687894089414129,40.37857270086847,0 -3.687981632186101,40.37869103632037,0 -3.688209925391146,40.37885310489374,0 -3.688375305672502,40.37898418322899,0 -3.688544516436363,40.37919788354169,0 -3.688652955105384,40.37941237615273,0 -3.688758788942101,40.37959057747662,0 -3.688829415949198,40.37970121653058,0 -3.688865178539068,40.37983508329275,0 -3.688888976977036,40.38003926979971,0 -3.688899391561354,40.38021418977321,0 -3.688951604748921,40.38046644621731,0 -3.689012805048562,40.38075331610525,0 -3.68918528936792,40.38136967662047,0 -3.689326372898957,40.38165772064579,0 -3.689432181262846,40.38187334162513,0 -3.689544265081781,40.38206911496763,0 -3.689746062121086,40.38233113487353,0 -3.692151256870431,40.38410574525237,0 -3.694637941873029,40.3861690044476,0 -3.695618591081003,40.38698262233547,0 -3.698090402457381,40.3890960497329,0 -3.699556930210582,40.39064639919901,0 -3.702393329986288,40.39364474501593,0 -3.703377004970467,40.39445301230325,0 -3.704399400081609,40.39508481856802,0 -3.704640740335106,40.39523398075495,0 -3.706299972160635,40.39326438891803,0 -3.706776984282567,40.39275012167465,0 -3.707229444061144,40.3922886147262,0 -3.707535562288873,40.39201881292279,0 -3.707937115031597,40.39170392120764,0 -3.708132805023043,40.39157839946736,0 -3.708279367300916,40.39148732093699,0 -3.708450344135676,40.39139852599374,0 -3.708688405031757,40.39128013025252,0 -3.708778190481298,40.39123543634895,0 -3.708794834611118,40.39122713606336,0 -3.709006550090002,40.39113583830339,0 -3.709105428784077,40.39109315957713,0 -3.709483535216713,40.390947958048,0 -3.709484356153664,40.39094759264778,0 -3.71024844193657,40.39064452480513,0 -3.711883476922879,40.38999528335745,0 -3.712009026896676,40.38994586221784,0 -3.712878710924582,40.38952482848885,0 -3.713012371392829,40.38942904957879,0 -3.713356645969935,40.38918341164588,0 -3.713683076896995,40.38891058529528,0 -3.713684845857922,40.38890895544533,0 -3.713897427907538,40.38871313531947,0 -3.714231820334701,40.38840251109966,0 -3.714596111935185,40.38804503318504,0 -3.715022880219259,40.38764644674639,0 -3.715428645880541,40.38726744918438,0 -3.716391362241666,40.38636842104102,0 -3.716870726736255,40.38592067351637,0 -3.71755563759183,40.38528083714372,0 -3.718215624981774,40.38331437942934,0 -3.718351680020712,40.38289091882644,0 -3.718727881974977,40.38154027976874,0 -3.718959565389423,40.38039333251116,0 -3.719034995777846,40.37965330607383,0 -3.71936724015023,40.37639633852417,0 -3.719712296311414,40.37414849106055,0 -3.719712405472519,40.37414767956191,0 -3.719764409380045,40.37380933434729,0 -3.720193594615143,40.370691129745,0 -3.720437248542737,40.36787327054969,0 -3.720716601030059,40.36644232330129,0 -3.720891266151182,40.36554802864158,0 -3.720891409751199,40.3655477989149,0 -3.72098487257947,40.36478526215281,0</coordinates>
        </LineString>
      </MultiGeometry>
    </Placemark>
    <Placemark id="ID_00012">
      <name>13</name>
      <snippet></snippet>
      <description><![CDATA[<html xmlns:fo="http://www.w3.org/1999/XSL/Format" xmlns:msxsl="urn:schemas-microsoft-com:xslt">
<head>
<META http-equiv="Content-Type" content="text/html">
<meta http-equiv="content-type" content="text/html; charset=UTF-8">
</head>
<body style="margin:0px 0px 0px 0px;overflow:auto;background:#FFFFFF;">
<table style="font-family:Arial,Verdana,Times;font-size:12px;text-align:left;width:100%;border-collapse:collapse;padding:3px 3px 3px 3px">
<tr style="text-align:center;font-weight:bold;background:#9CBCE2">
<td>13</td>
</tr>
<tr>
<td>
<table style="font-family:Arial,Verdana,Times;font-size:12px;text-align:left;width:100%;border-spacing:0px; padding:3px 3px 3px 3px">
<tr>
<td>FID</td>
<td>12</td>
</tr>
<tr bgcolor="#D4E4F3">
<td>COD_DIS</td>
<td>13</td>
</tr>
<tr>
<td>COD_DIS_TX</td>
<td>13</td>
</tr>
<tr bgcolor="#D4E4F3">
<td>NOMBRE</td>
<td>Puente de Vallecas</td>
</tr>
<tr>
<td>DISTRI_MAY</td>
<td>PUENTE DE VALLECAS</td>
</tr>
<tr bgcolor="#D4E4F3">
<td>DISTRI_MT</td>
<td>PUENTE DE VALLECAS</td>
</tr>
<tr>
<td>Area</td>
<td>14968605,8714</td>
</tr>
</table>
</td>
</tr>
</table>
</body><script type="text/javascript">
				function changeImage(attElement, nameElement) {
				document.getElementById('imageAttachment').src = attElement;
				document.getElementById('imageName').innerHTML = nameElement;}
			</script></html>
]]></description>
      <styleUrl>#LineStyle00</styleUrl>
      <MultiGeometry>
        <LineString>
          <extrude>0</extrude>
          <tessellate>1</tessellate><altitudeMode>clampToGround</altitudeMode>
          <coordinates> -3.678069075291673,40.36068715317515,0 -3.677572583403621,40.36070755606967,0 -3.677027054684727,40.36072574386792,0 -3.676677626384594,40.36074778285899,0 -3.675936318448088,40.3607946058265,0 -3.675169142166628,40.36086907185183,0 -3.674467265956809,40.3609381528191,0 -3.673709987466145,40.36102254978775,0 -3.67302642192121,40.36111971034573,0 -3.672152495302008,40.36125631715948,0 -3.671509877009449,40.36136995623772,0 -3.671172406077701,40.36143596656064,0 -3.670811424903707,40.36150652674439,0 -3.670121276649002,40.3616614244629,0 -3.669541982461615,40.3618195511842,0 -3.669440415908918,40.36185067921176,0 -3.668874690887348,40.36202358912466,0 -3.668246098123662,40.3622470404384,0 -3.667888549562544,40.36239180696199,0 -3.667563493378525,40.36252341257585,0 -3.667245004690662,40.36266425879642,0 -3.667175232477979,40.36269511130393,0 -3.666696079831318,40.36292994622761,0 -3.666502517032895,40.36303178224376,0 -3.666023761574234,40.36328363845663,0 -3.664447288033427,40.36414396622615,0 -3.657069533467442,40.36877665856827,0 -3.655996972099993,40.36937193472242,0 -3.655603324058254,40.36959038248977,0 -3.654715704051874,40.37036045905207,0 -3.654404870522446,40.37088573702305,0 -3.653589026733687,40.37362858185345,0 -3.653304799902746,40.37432560122181,0 -3.652766131625885,40.37564649474505,0 -3.652361344919616,40.37604643791217,0 -3.651505232930509,40.37609990444669,0 -3.649907340535451,40.3763127557326,0 -3.648576004956401,40.37652418308658,0 -3.645067607134399,40.37722981504943,0 -3.641510662599388,40.37795407865043,0 -3.6343762181247,40.37977311499233,0 -3.633026665163631,40.38010204050098,0 -3.63258624927932,40.38020939326545,0 -3.630191382482335,40.38077866778134,0 -3.62716175951781,40.38150447851683,0 -3.625904706041653,40.38179289894368,0 -3.624585660710788,40.3820926298793,0 -3.625323434897348,40.38323362326039,0 -3.624764730806649,40.38416079202459,0 -3.624328662659085,40.38501180134699,0 -3.623700465906915,40.38642979604307,0 -3.621888685420236,40.39083856624325,0 -3.623021366719542,40.39108489880385,0 -3.62511705163694,40.39154519985748,0 -3.62746429638661,40.39205700401676,0 -3.629791855365516,40.39256219097944,0 -3.632611870378733,40.39324824781374,0 -3.639014457369217,40.39460042476225,0 -3.639469332782543,40.39469296145534,0 -3.639980874424034,40.39479680447315,0 -3.642282025884964,40.39534650935794,0 -3.642634269631957,40.39545050279958,0 -3.643107941695538,40.39563517378965,0 -3.643419017007179,40.39577119588813,0 -3.643767161634345,40.39593926331973,0 -3.644295497145281,40.39620858170483,0 -3.644911853873819,40.39662578739529,0 -3.644913994555076,40.39662784754687,0 -3.645440385995453,40.39707519111693,0 -3.645439682461396,40.39707555540764,0 -3.64706080820634,40.39853652782983,0 -3.648918245870455,40.40030155990134,0 -3.65132941704358,40.40238552625098,0 -3.652967235390244,40.40370568823798,0 -3.652969848775052,40.40370783565817,0 -3.654015163507463,40.40455041432259,0 -3.654427904491345,40.40478565371722,0 -3.654856881850848,40.40502998802261,0 -3.655326154366118,40.40522454333426,0 -3.655814719674303,40.40542727565116,0 -3.655964842626506,40.40548624612008,0 -3.656114966713572,40.40554530647722,0 -3.656429039247889,40.40563064518117,0 -3.656714382425166,40.40569434334829,0 -3.657370319769794,40.40577774088599,0 -3.657770285401155,40.40581231783987,0 -3.658553112552875,40.40587985238857,0 -3.658670212684057,40.40588747551754,0 -3.658883064143778,40.40590112955182,0 -3.665210512290011,40.40634019639904,0 -3.665565417690788,40.40555607926879,0 -3.666330439627612,40.40386455036418,0 -3.666694186361404,40.4028920888758,0 -3.666784620645095,40.40262201676723,0 -3.668276465923441,40.39963528686472,0 -3.669257455406619,40.3983236666441,0 -3.669626696456639,40.39782990690773,0 -3.670055019223635,40.3973888680053,0 -3.670396081259374,40.39707274798447,0 -3.670963092304674,40.39657315328948,0 -3.671080949828577,40.3964351907242,0 -3.672043430795847,40.39530850220152,0 -3.6729243599769,40.39467121947736,0 -3.673519853206427,40.39431424309034,0 -3.674540750551888,40.39374928823223,0 -3.675256652232359,40.39326295154658,0 -3.676444504700022,40.3923316763211,0 -3.677564981113086,40.39148360059129,0 -3.678287968257391,40.39090945409468,0 -3.678717920010212,40.39049990506506,0 -3.679149242174521,40.38999259773145,0 -3.682347548699404,40.3851224447829,0 -3.682726339442842,40.38465063499233,0 -3.682942827076724,40.3844411635794,0 -3.683149838195344,40.38427733918723,0 -3.683349161002333,40.38413939254635,0 -3.683598175775761,40.38400267345123,0 -3.683968589693771,40.38388347205528,0 -3.684310991335434,40.38378953729854,0 -3.684865791728002,40.38367768776768,0 -3.686977170452991,40.38327608517681,0 -3.687453035440863,40.38316338492981,0 -3.688220762973578,40.38297111105967,0 -3.688755661848136,40.38279453544519,0 -3.689114138829843,40.382657185788,0 -3.68948059653214,40.3824863816942,0 -3.689746062121086,40.38233113487353,0 -3.689544265081781,40.38206911496763,0 -3.689432181262846,40.38187334162513,0 -3.689326372898957,40.38165772064579,0 -3.68918528936792,40.38136967662047,0 -3.689012805048562,40.38075331610525,0 -3.688951604748921,40.38046644621731,0 -3.688899391561354,40.38021418977321,0 -3.688888976977036,40.38003926979971,0 -3.688865178539068,40.37983508329275,0 -3.688829415949198,40.37970121653058,0 -3.688758788942101,40.37959057747662,0 -3.688652955105384,40.37941237615273,0 -3.688544516436363,40.37919788354169,0 -3.688375305672502,40.37898418322899,0 -3.688209925391146,40.37885310489374,0 -3.687981632186101,40.37869103632037,0 -3.687894089414129,40.37857270086847,0 -3.687859952826583,40.37839957322426,0 -3.687875392925043,40.37821954700009,0 -3.687837074866572,40.37805965066094,0 -3.687361580497381,40.37701396731682,0 -3.68728052750482,40.3767869285145,0 -3.687252650337225,40.37662649150135,0 -3.687268248222078,40.37643902914494,0 -3.68731779044917,40.37614764315465,0 -3.687610977684962,40.37529270051559,0 -3.687728948294823,40.37484699753907,0 -3.687761533013453,40.37460924607876,0 -3.687741894778589,40.3743985712595,0 -3.687678409271461,40.37417232906525,0 -3.687607271535836,40.37409203041148,0 -3.687595117958252,40.37407840882271,0 -3.687590244691963,40.37407411342372,0 -3.687336686209967,40.3738826437295,0 -3.68712939556518,40.37367658488661,0 -3.687050393763152,40.37360323358821,0 -3.686981743512407,40.37352184136936,0 -3.686891256247591,40.37334481102734,0 -3.686804508796816,40.37302211434215,0 -3.686632978278135,40.37257023657737,0 -3.686510524877026,40.37232755617332,0 -3.686420261983351,40.3721724711969,0 -3.686333093028029,40.37206525123855,0 -3.686232842773231,40.37195411779751,0 -3.686161768384504,40.37189069461773,0 -3.686048840611437,40.37181554927565,0 -3.685883784605685,40.37174470223885,0 -3.685747684020774,40.37169962051959,0 -3.68556192257807,40.37164485725017,0 -3.685318817557323,40.37159442275227,0 -3.684913368461307,40.37148309994485,0 -3.684272320047587,40.37128937076811,0 -3.683523568192137,40.37102045750947,0 -3.683046473231177,40.37078784557119,0 -3.682775821534169,40.37059192246727,0 -3.682586272537312,40.37041946268952,0 -3.682462133179584,40.37026656911137,0 -3.682339717902767,40.3700258785453,0 -3.682277818250587,40.36983670535258,0 -3.682270853741714,40.36966316949817,0 -3.682295248569673,40.36949543518976,0 -3.682345768243932,40.36933153597099,0 -3.682359588996472,40.36914989718677,0 -3.682350055800588,40.36898036661364,0 -3.682268392505166,40.36864167476038,0 -3.681857962788803,40.3675148449052,0 -3.681791131997281,40.3673536323284,0 -3.681754293954345,40.36706255924076,0 -3.681736055529642,40.36680529404359,0 -3.681752466116119,40.36662164446258,0 -3.681815423201061,40.36639781904281,0 -3.682000842456273,40.36616130104046,0 -3.682257244321386,40.3659802296026,0 -3.682537339675041,40.36582096399701,0 -3.682694929576854,40.36567040032775,0 -3.682787656974667,40.36555413606744,0 -3.682875229453341,40.36544388693321,0 -3.68301060503446,40.36515977925185,0 -3.683107220451425,40.36491181344106,0 -3.68314816648004,40.36473612690272,0 -3.683144706800021,40.36449061793827,0 -3.683081604206897,40.36418174418531,0 -3.682749897647638,40.3633597080095,0 -3.681924744974139,40.36129631637721,0 -3.681206462417806,40.36104870531764,0 -3.680773940136282,40.36093126124189,0 -3.680328499341813,40.36082888994607,0 -3.67980167223783,40.36075699036139,0 -3.679350175964409,40.3607021452469,0 -3.678745405113716,40.36067819302954,0 -3.678069075291673,40.36068715317515,0</coordinates>
        </LineString>
      </MultiGeometry>
    </Placemark>
    <Placemark id="ID_00013">
      <name>14</name>
      <snippet></snippet>
      <description><![CDATA[<html xmlns:fo="http://www.w3.org/1999/XSL/Format" xmlns:msxsl="urn:schemas-microsoft-com:xslt">
<head>
<META http-equiv="Content-Type" content="text/html">
<meta http-equiv="content-type" content="text/html; charset=UTF-8">
</head>
<body style="margin:0px 0px 0px 0px;overflow:auto;background:#FFFFFF;">
<table style="font-family:Arial,Verdana,Times;font-size:12px;text-align:left;width:100%;border-collapse:collapse;padding:3px 3px 3px 3px">
<tr style="text-align:center;font-weight:bold;background:#9CBCE2">
<td>14</td>
</tr>
<tr>
<td>
<table style="font-family:Arial,Verdana,Times;font-size:12px;text-align:left;width:100%;border-spacing:0px; padding:3px 3px 3px 3px">
<tr>
<td>FID</td>
<td>13</td>
</tr>
<tr bgcolor="#D4E4F3">
<td>COD_DIS</td>
<td>14</td>
</tr>
<tr>
<td>COD_DIS_TX</td>
<td>14</td>
</tr>
<tr bgcolor="#D4E4F3">
<td>NOMBRE</td>
<td>Moratalaz</td>
</tr>
<tr>
<td>DISTRI_MAY</td>
<td>MORATALAZ</td>
</tr>
<tr bgcolor="#D4E4F3">
<td>DISTRI_MT</td>
<td>MORATALAZ</td>
</tr>
<tr>
<td>Area</td>
<td>6103167,7543</td>
</tr>
</table>
</td>
</tr>
</table>
</body><script type="text/javascript">
				function changeImage(attElement, nameElement) {
				document.getElementById('imageAttachment').src = attElement;
				document.getElementById('imageName').innerHTML = nameElement;}
			</script></html>
]]></description>
      <styleUrl>#LineStyle00</styleUrl>
      <MultiGeometry>
        <LineString>
          <extrude>0</extrude>
          <tessellate>1</tessellate><altitudeMode>clampToGround</altitudeMode>
          <coordinates> -3.64288514202624,40.41451279656145,0 -3.644108690456871,40.41464780195614,0 -3.645417568693256,40.41485574374683,0 -3.646084832773338,40.41498175465804,0 -3.646471542007693,40.4150548232238,0 -3.647720139992336,40.41536658915106,0 -3.650134078189534,40.41609244018875,0 -3.654013206637886,40.41745412551975,0 -3.656292358896237,40.41804997667705,0 -3.658695477181217,40.41867435777414,0 -3.658971308620908,40.4174426014337,0 -3.65944206138892,40.41654667401146,0 -3.66058532843637,40.41469573315099,0 -3.661053849449361,40.41393728893664,0 -3.661159456004497,40.41376866791546,0 -3.661482193235801,40.41325357845072,0 -3.662487511553616,40.41164908337278,0 -3.662534277914141,40.41157449153068,0 -3.662916757001465,40.41096410003141,0 -3.66291721693036,40.41096292711701,0 -3.663389659051951,40.40990066491064,0 -3.663763404218507,40.40917077117685,0 -3.664094464012126,40.40852328313204,0 -3.665151426625906,40.40645576142467,0 -3.665210512290011,40.40634019639904,0 -3.658883064143778,40.40590112955182,0 -3.658670212684057,40.40588747551754,0 -3.658553112552875,40.40587985238857,0 -3.657770285401155,40.40581231783987,0 -3.657370319769794,40.40577774088599,0 -3.656714382425166,40.40569434334829,0 -3.656429039247889,40.40563064518117,0 -3.656114966713572,40.40554530647722,0 -3.655964842626506,40.40548624612008,0 -3.655814719674303,40.40542727565116,0 -3.655326154366118,40.40522454333426,0 -3.654856881850848,40.40502998802261,0 -3.654427904491345,40.40478565371722,0 -3.654015163507463,40.40455041432259,0 -3.652969848775052,40.40370783565817,0 -3.652967235390244,40.40370568823798,0 -3.65132941704358,40.40238552625098,0 -3.648918245870455,40.40030155990134,0 -3.64706080820634,40.39853652782983,0 -3.645439682461396,40.39707555540764,0 -3.645440385995453,40.39707519111693,0 -3.644913994555076,40.39662784754687,0 -3.644911853873819,40.39662578739529,0 -3.644295497145281,40.39620858170483,0 -3.643767161634345,40.39593926331973,0 -3.643419017007179,40.39577119588813,0 -3.643107941695538,40.39563517378965,0 -3.642634269631957,40.39545050279958,0 -3.642282025884964,40.39534650935794,0 -3.639980874424034,40.39479680447315,0 -3.639469332782543,40.39469296145534,0 -3.639014457369217,40.39460042476225,0 -3.632611870378733,40.39324824781374,0 -3.629791855365516,40.39256219097944,0 -3.627977456743162,40.39580270845941,0 -3.627713053070841,40.39633411233333,0 -3.627488664925898,40.39682596380536,0 -3.627291596535129,40.39730883858877,0 -3.627070392324062,40.39794614805873,0 -3.626885058353122,40.39860070148085,0 -3.6267920874168,40.39902710945252,0 -3.626606683317986,40.39988033929204,0 -3.626408754171134,40.40074960969051,0 -3.626245964537225,40.40131876773802,0 -3.626107589205058,40.40176502646029,0 -3.625917586125144,40.40227483169259,0 -3.62566424568024,40.40286600614275,0 -3.625447678462443,40.40331203208831,0 -3.625273181923296,40.40365613824356,0 -3.623950583502797,40.40617838501456,0 -3.62393283878471,40.4062122242878,0 -3.620361624623705,40.41308331689014,0 -3.621373031091335,40.41306024057251,0 -3.62181236653908,40.41306671382738,0 -3.622159951517068,40.41308025398619,0 -3.622476975807512,40.41310287571732,0 -3.623304086972939,40.41318671945449,0 -3.6242357668643,40.41334954464606,0 -3.625075295651804,40.41353925622543,0 -3.625648897019859,40.41371291890397,0 -3.626698169636254,40.41407382969788,0 -3.627590324935729,40.41438242856988,0 -3.628047303054572,40.41453616980059,0 -3.628612229047001,40.41470058639874,0 -3.629033798042989,40.41482325475982,0 -3.629937344201446,40.41501149971736,0 -3.630669288866341,40.41511211283996,0 -3.631448723506048,40.41518615549236,0 -3.631897147879149,40.41519272003065,0 -3.631899976545481,40.4151927045709,0 -3.632487385374263,40.4152013008431,0 -3.633437235938215,40.41514719149373,0 -3.63380513593306,40.41512625986552,0 -3.634504396451433,40.41502153016961,0 -3.634906461083355,40.41496130909668,0 -3.637533043624747,40.41459237598421,0 -3.639086895113803,40.41445867775519,0 -3.64094717819624,40.41442326454071,0 -3.64288514202624,40.41451279656145,0</coordinates>
        </LineString>
      </MultiGeometry>
    </Placemark>
    <Placemark id="ID_00014">
      <name>15</name>
      <snippet></snippet>
      <description><![CDATA[<html xmlns:fo="http://www.w3.org/1999/XSL/Format" xmlns:msxsl="urn:schemas-microsoft-com:xslt">
<head>
<META http-equiv="Content-Type" content="text/html">
<meta http-equiv="content-type" content="text/html; charset=UTF-8">
</head>
<body style="margin:0px 0px 0px 0px;overflow:auto;background:#FFFFFF;">
<table style="font-family:Arial,Verdana,Times;font-size:12px;text-align:left;width:100%;border-collapse:collapse;padding:3px 3px 3px 3px">
<tr style="text-align:center;font-weight:bold;background:#9CBCE2">
<td>15</td>
</tr>
<tr>
<td>
<table style="font-family:Arial,Verdana,Times;font-size:12px;text-align:left;width:100%;border-spacing:0px; padding:3px 3px 3px 3px">
<tr>
<td>FID</td>
<td>14</td>
</tr>
<tr bgcolor="#D4E4F3">
<td>COD_DIS</td>
<td>15</td>
</tr>
<tr>
<td>COD_DIS_TX</td>
<td>15</td>
</tr>
<tr bgcolor="#D4E4F3">
<td>NOMBRE</td>
<td>Ciudad Lineal</td>
</tr>
<tr>
<td>DISTRI_MAY</td>
<td>CIUDAD LINEAL</td>
</tr>
<tr bgcolor="#D4E4F3">
<td>DISTRI_MT</td>
<td>CIUDAD LINEAL</td>
</tr>
<tr>
<td>Area</td>
<td>11425677,9594</td>
</tr>
</table>
</td>
</tr>
</table>
</body><script type="text/javascript">
				function changeImage(attElement, nameElement) {
				document.getElementById('imageAttachment').src = attElement;
				document.getElementById('imageName').innerHTML = nameElement;}
			</script></html>
]]></description>
      <styleUrl>#LineStyle00</styleUrl>
      <MultiGeometry>
        <LineString>
          <extrude>0</extrude>
          <tessellate>1</tessellate><altitudeMode>clampToGround</altitudeMode>
          <coordinates> -3.621886960348243,40.41552507261554,0 -3.622100661768686,40.41584618003323,0 -3.622319951637088,40.41614662709073,0 -3.622824721802494,40.41686914701187,0 -3.623848719844291,40.41822968516772,0 -3.624113080642378,40.41867358092133,0 -3.624172516246096,40.41876596422239,0 -3.624300025951787,40.41895419761624,0 -3.62445916509528,40.41915946824061,0 -3.624569001867184,40.41932293086324,0 -3.625402717981509,40.42045583056866,0 -3.626165044658833,40.42151424447625,0 -3.626599595948822,40.42211748618912,0 -3.627414746701757,40.42324938933001,0 -3.628408992859643,40.42448310911374,0 -3.629401851341574,40.42599439640733,0 -3.629521073994414,40.42617582108694,0 -3.630065942879406,40.4268838542829,0 -3.630701836387615,40.4277691376637,0 -3.631273967270529,40.42856584538186,0 -3.631645320009232,40.42908274256719,0 -3.632023537463972,40.42960203341526,0 -3.632106896312465,40.42971644388039,0 -3.632362947390854,40.43006802062857,0 -3.633072473311299,40.43104189780701,0 -3.633703614428472,40.43192727999436,0 -3.63383813651341,40.43211600353844,0 -3.633919587419002,40.43222745101269,0 -3.634443417625884,40.43294476632154,0 -3.634858071556496,40.43352258731676,0 -3.63517106290593,40.43395835051306,0 -3.635689945769911,40.43464811853797,0 -3.636571436204578,40.4358685984816,0 -3.63802938718397,40.43788679946502,0 -3.635467650211531,40.43857719218289,0 -3.636589989323805,40.44012589886432,0 -3.637315389574205,40.44112722816876,0 -3.637522712803101,40.44141806928615,0 -3.638358725158668,40.44259193690884,0 -3.638987789629387,40.44343820043703,0 -3.639165163718471,40.44367803367177,0 -3.63944785343818,40.44394413189047,0 -3.639718988023656,40.44421020325636,0 -3.640013184241696,40.44445830843512,0 -3.640224908889705,40.44462659837735,0 -3.640471570843807,40.4447858664253,0 -3.643122372281467,40.44607343338061,0 -3.644905075304724,40.4469109112277,0 -3.646473579875837,40.44768946664665,0 -3.647442394284624,40.44857036365006,0 -3.648116432955386,40.44945281265303,0 -3.649325662467285,40.45114631444012,0 -3.649664468217166,40.45159919078645,0 -3.649665185306019,40.45160017774682,0 -3.64993028405258,40.45195454682488,0 -3.649995033203441,40.45204085027719,0 -3.65008125996366,40.45207964554662,0 -3.651307034310975,40.45370528490043,0 -3.652867840830598,40.45544415839866,0 -3.654206674536213,40.45691804721671,0 -3.655145571437176,40.45800976743899,0 -3.655454409795723,40.4583689213627,0 -3.655872500744523,40.45890160019052,0 -3.656249841513627,40.45934252610573,0 -3.656283844319638,40.45943107251604,0 -3.660336577083229,40.46218605410883,0 -3.660431092518652,40.46225028962525,0 -3.662041978366499,40.46337442526856,0 -3.662487164137002,40.46406332026883,0 -3.662937149936611,40.46567209738683,0 -3.663449965229137,40.46747825867961,0 -3.664643283909213,40.47195042181377,0 -3.665157604089869,40.47380386270393,0 -3.665424621560711,40.47476602016633,0 -3.665434166973169,40.47480083080452,0 -3.66543942176441,40.47481926892819,0 -3.665555734445956,40.4753447263213,0 -3.665732472099337,40.47636235729733,0 -3.665758635425518,40.47678995299967,0 -3.665675211415204,40.47705124383842,0 -3.665641586795804,40.4771467523016,0 -3.665527064262959,40.47747263528489,0 -3.665525438492068,40.47747525724496,0 -3.665227806183707,40.47795570503249,0 -3.664876164296947,40.47836727302506,0 -3.663421859306033,40.47984227848041,0 -3.661180116656415,40.48200716871133,0 -3.661006260611393,40.48210870220144,0 -3.659586785926665,40.48279481311889,0 -3.659346993046813,40.48291059327894,0 -3.663727772699115,40.48361763344616,0 -3.664004182028117,40.48366226346099,0 -3.664695996571265,40.4837642401209,0 -3.664723881671472,40.48376831485174,0 -3.666118268389252,40.48397372311167,0 -3.666266512992947,40.48399097839376,0 -3.667211021552698,40.48410076398215,0 -3.669045789210264,40.48417909454122,0 -3.670268293743566,40.48418310475738,0 -3.671087213470712,40.48414457711239,0 -3.671344776236465,40.4841324534183,0 -3.673461406299208,40.48405565655839,0 -3.673524884456446,40.48341799183346,0 -3.673616278824807,40.48270476029335,0 -3.673648187854051,40.48245550206311,0 -3.673682054547042,40.48219095502413,0 -3.673709806121951,40.48205187523599,0 -3.673879802505323,40.48119998689237,0 -3.674038835487036,40.48042724631969,0 -3.674077720908565,40.48023829727329,0 -3.674166851369324,40.47976003167075,0 -3.674199601947176,40.47956632828689,0 -3.674232470038099,40.47937271429178,0 -3.674359158819248,40.47873359968703,0 -3.674390559620798,40.47835783128342,0 -3.674404985828386,40.4781851048672,0 -3.674438393656591,40.47778512214141,0 -3.67443259109949,40.47720479713794,0 -3.674388608485433,40.47660523460584,0 -3.674367383690873,40.47641752074492,0 -3.674367253104989,40.47641626025251,0 -3.674332949596925,40.47611213593623,0 -3.674226300686759,40.47558086639239,0 -3.674182262917363,40.47544760957383,0 -3.67408263348643,40.47514638866969,0 -3.673743249023664,40.47413259980527,0 -3.673564799891677,40.47374661120851,0 -3.673248421828635,40.47306241646983,0 -3.671998961802915,40.47142174950299,0 -3.671106101796103,40.47024936131624,0 -3.668406555454722,40.46670425777772,0 -3.668227858225638,40.46635952288753,0 -3.667721459129691,40.46538064289802,0 -3.664937273898472,40.46003035434736,0 -3.664850561351597,40.45982454641593,0 -3.664354653216363,40.45853540870309,0 -3.663806177830872,40.45681602887409,0 -3.66341870088067,40.45508338144965,0 -3.663300524252324,40.4543027048904,0 -3.663127745240494,40.45316171024563,0 -3.662897362855468,40.45172644933319,0 -3.662840452693473,40.45137127869009,0 -3.662582063777876,40.45014509696664,0 -3.662337323710648,40.44910712439446,0 -3.66229300250573,40.44895278200273,0 -3.662155148358569,40.44847194758281,0 -3.661883689354081,40.44767836186946,0 -3.661688218119858,40.44698497199154,0 -3.661476432161482,40.44638338676754,0 -3.661195053343818,40.44567084688718,0 -3.660601525931759,40.44460630292807,0 -3.66012055447082,40.44394444836417,0 -3.659751628258368,40.44328429553937,0 -3.659485053514039,40.44262365038421,0 -3.659354247178918,40.44213673668363,0 -3.659310986077159,40.4417395947805,0 -3.659245257719677,40.44082879483879,0 -3.659238978926903,40.44068081336495,0 -3.659231465640251,40.44050301817204,0 -3.659287552674632,40.43924332647297,0 -3.659301359254993,40.43893054459731,0 -3.659399286621599,40.43827304816264,0 -3.65959148236434,40.43698222079861,0 -3.659601842101936,40.43692026969004,0 -3.659690264976801,40.43638877410344,0 -3.659714668952553,40.43624367961873,0 -3.659825784294305,40.43558520637528,0 -3.659903757530687,40.4351188144305,0 -3.66001831254227,40.43465572797242,0 -3.660192987282325,40.43393869389106,0 -3.660809964859236,40.43142156365165,0 -3.660589040869447,40.42945795132029,0 -3.660111830260677,40.42693822934928,0 -3.659652180930828,40.42451092692566,0 -3.659540493640023,40.42382939748519,0 -3.659152434263843,40.42146195380788,0 -3.658695477181217,40.41867435777414,0 -3.656292358896237,40.41804997667705,0 -3.654013206637886,40.41745412551975,0 -3.650134078189534,40.41609244018875,0 -3.647720139992336,40.41536658915106,0 -3.646471542007693,40.4150548232238,0 -3.646084832773338,40.41498175465804,0 -3.645417568693256,40.41485574374683,0 -3.644108690456871,40.41464780195614,0 -3.64288514202624,40.41451279656145,0 -3.64094717819624,40.41442326454071,0 -3.639086895113803,40.41445867775519,0 -3.637533043624747,40.41459237598421,0 -3.634906461083355,40.41496130909668,0 -3.634504396451433,40.41502153016961,0 -3.63380513593306,40.41512625986552,0 -3.633437235938215,40.41514719149373,0 -3.632487385374263,40.4152013008431,0 -3.631899976545481,40.4151927045709,0 -3.631897147879149,40.41519272003065,0 -3.631448723506048,40.41518615549236,0 -3.630669288866341,40.41511211283996,0 -3.629937344201446,40.41501149971736,0 -3.629033798042989,40.41482325475982,0 -3.628612229047001,40.41470058639874,0 -3.628047303054572,40.41453616980059,0 -3.627590324935729,40.41438242856988,0 -3.626698169636254,40.41407382969788,0 -3.625648897019859,40.41371291890397,0 -3.625075295651804,40.41353925622543,0 -3.6242357668643,40.41334954464606,0 -3.623304086972939,40.41318671945449,0 -3.622476975807512,40.41310287571732,0 -3.622159951517068,40.41308025398619,0 -3.62181236653908,40.41306671382738,0 -3.621373031091335,40.41306024057251,0 -3.620361624623705,40.41308331689014,0 -3.621360210597176,40.41478140511232,0 -3.621620132563101,40.41515596001357,0 -3.621886960348243,40.41552507261554,0</coordinates>
        </LineString>
      </MultiGeometry>
    </Placemark>
    <Placemark id="ID_00015">
      <name>16</name>
      <snippet></snippet>
      <description><![CDATA[<html xmlns:fo="http://www.w3.org/1999/XSL/Format" xmlns:msxsl="urn:schemas-microsoft-com:xslt">
<head>
<META http-equiv="Content-Type" content="text/html">
<meta http-equiv="content-type" content="text/html; charset=UTF-8">
</head>
<body style="margin:0px 0px 0px 0px;overflow:auto;background:#FFFFFF;">
<table style="font-family:Arial,Verdana,Times;font-size:12px;text-align:left;width:100%;border-collapse:collapse;padding:3px 3px 3px 3px">
<tr style="text-align:center;font-weight:bold;background:#9CBCE2">
<td>16</td>
</tr>
<tr>
<td>
<table style="font-family:Arial,Verdana,Times;font-size:12px;text-align:left;width:100%;border-spacing:0px; padding:3px 3px 3px 3px">
<tr>
<td>FID</td>
<td>15</td>
</tr>
<tr bgcolor="#D4E4F3">
<td>COD_DIS</td>
<td>16</td>
</tr>
<tr>
<td>COD_DIS_TX</td>
<td>16</td>
</tr>
<tr bgcolor="#D4E4F3">
<td>NOMBRE</td>
<td>Hortaleza</td>
</tr>
<tr>
<td>DISTRI_MAY</td>
<td>HORTALEZA</td>
</tr>
<tr bgcolor="#D4E4F3">
<td>DISTRI_MT</td>
<td>HORTALEZA</td>
</tr>
<tr>
<td>Area</td>
<td>27623983,9816</td>
</tr>
</table>
</td>
</tr>
</table>
</body><script type="text/javascript">
				function changeImage(attElement, nameElement) {
				document.getElementById('imageAttachment').src = attElement;
				document.getElementById('imageName').innerHTML = nameElement;}
			</script></html>
]]></description>
      <styleUrl>#LineStyle00</styleUrl>
      <MultiGeometry>
        <LineString>
          <extrude>0</extrude>
          <tessellate>1</tessellate><altitudeMode>clampToGround</altitudeMode>
          <coordinates> -3.601900959944331,40.50146466217725,0 -3.601944287081916,40.50147565714179,0 -3.602004586282967,40.50148795646167,0 -3.602031753355783,40.50149051762049,0 -3.60205651185266,40.50148768595636,0 -3.602078885939201,40.50148216492813,0 -3.602096531453854,40.50147576673679,0 -3.602115332926735,40.50146665983768,0 -3.602138782401917,40.50144942067072,0 -3.602151636081037,40.50143493939147,0 -3.6021702844786,40.50140871629314,0 -3.602183032238194,40.5013825239389,0 -3.602192199335868,40.50135184577105,0 -3.602209467348952,40.50130310750627,0 -3.602212959382042,40.50129768394447,0 -3.60222113969012,40.50128863327588,0 -3.602228155969666,40.50128138865912,0 -3.602234024366679,40.50127775540209,0 -3.602242253000591,40.50127410894395,0 -3.602251661756326,40.50127045633517,0 -3.602263430756359,40.50126679142527,0 -3.602276395991639,40.5012649220681,0 -3.602288189160731,40.50126395971207,0 -3.602303530754573,40.50126387975519,0 -3.602340154852205,40.50126819424199,0 -3.602414875199094,40.50127713802684,0 -3.602836662902561,40.50133413541169,0 -3.602803561046143,40.50144749551324,0 -3.603349026931867,40.50176249250775,0 -3.604654403723658,40.50302279786015,0 -3.604643671225239,40.5030324278128,0 -3.604794352679372,40.50311844134416,0 -3.604958967885773,40.50325040929873,0 -3.605256158953113,40.50348130445807,0 -3.605413786655304,40.50362048667027,0 -3.605552733512578,40.50377412949987,0 -3.605653645515682,40.5038821961946,0 -3.605770003710709,40.50400813303794,0 -3.605856703681163,40.50410460837598,0 -3.605928134445063,40.50420295828874,0 -3.605966735635501,40.50431135229744,0 -3.606011811953234,40.50448612710724,0 -3.606040178113062,40.50463316723368,0 -3.606074673318113,40.50480799749828,0 -3.606116765152795,40.50504292073852,0 -3.606182629981403,40.50530643793375,0 -3.606228813178139,40.50549140673509,0 -3.606272824682117,40.50555038165604,0 -3.606334753535243,40.50561707149474,0 -3.606420256671246,40.50571085898621,0 -3.606512740178583,40.50579653326842,0 -3.606625261525345,40.5058874869298,0 -3.606790203039939,40.50600264521658,0 -3.606959914381982,40.50610259635918,0 -3.607141136909324,40.50617671491985,0 -3.607541748805983,40.50632475233638,0 -3.607816637274705,40.50644879765145,0 -3.608020112455815,40.50654856963152,0 -3.608238428523343,40.5066661900109,0 -3.608528433490687,40.50683833562015,0 -3.60880599419629,40.50701390638509,0 -3.609125785948219,40.50723295349874,0 -3.609373839528151,40.50739187135176,0 -3.609592637478664,40.50756214830217,0 -3.60992090305284,40.50782484629428,0 -3.610111182174001,40.50800647716663,0 -3.6102608710674,40.50816367184805,0 -3.610432518353186,40.50831402787709,0 -3.610644196622823,40.50850787082535,0 -3.61082704815961,40.5086794551453,0 -3.611009752674664,40.50880638629786,0 -3.61107673187369,40.50885516862348,0 -3.611201731511763,40.50892108803602,0 -3.611298734973103,40.50894885666253,0 -3.611388937114217,40.508950973137,0 -3.611450278578205,40.50894987471578,0 -3.611528607340325,40.5089553007224,0 -3.611695660875272,40.50897639114694,0 -3.611820442369491,40.50898990251176,0 -3.612088542998495,40.50904192461785,0 -3.612253607939844,40.5090722129718,0 -3.612393743550342,40.50910599893712,0 -3.612513354917087,40.50914407906809,0 -3.612655089606927,40.50920296862144,0 -3.612844114578508,40.50928293044273,0 -3.612961685461964,40.50933355414625,0 -3.613112295035402,40.50941141480302,0 -3.613283443167697,40.50951538584041,0 -3.613432313000493,40.50959614627317,0 -3.61358786551508,40.50970726534096,0 -3.613735196418951,40.5098075126481,0 -3.613917718448765,40.50993756892977,0 -3.61401023157635,40.51000720287729,0 -3.614098009133839,40.5100879347842,0 -3.614144383122476,40.51013566896646,0 -3.614178668795039,40.51018346827882,0 -3.614212972529895,40.51023311251218,0 -3.614240189509148,40.5103012473831,0 -3.614260255945865,40.51038049402545,0 -3.614256110694393,40.51045617840774,0 -3.614218613674667,40.51063651024653,0 -3.614222599123628,40.51067926793619,0 -3.61422768744707,40.51069645874486,0 -3.614264772651056,40.51072841176494,0 -3.614352462986337,40.51077125329935,0 -3.614444736968979,40.51079188051592,0 -3.614519949628244,40.51080338226066,0 -3.614749569775297,40.51086743510366,0 -3.614917241669243,40.51091527496467,0 -3.615073973108941,40.51095949176815,0 -3.615195231440475,40.510973450656,0 -3.615355139763208,40.51097882801377,0 -3.615478548672924,40.51096966636452,0 -3.615581319521554,40.51095602447865,0 -3.615758688905033,40.510926582468,0 -3.615920878970983,40.5108976661321,0 -3.61604999015538,40.51085577109049,0 -3.616274578364209,40.51080062814681,0 -3.61634817876611,40.51077794213103,0 -3.616471250438549,40.51074013014392,0 -3.616659428575864,40.51067797444682,0 -3.616828281619656,40.5106203053403,0 -3.616940521485569,40.51058811187904,0 -3.61703528696576,40.51056680700855,0 -3.617132381949768,40.51054738689899,0 -3.617230971581751,40.5105214443724,0 -3.617330481541468,40.51048839421038,0 -3.617444968273242,40.51044139740651,0 -3.617560545379189,40.51038422538971,0 -3.617691809243554,40.51032232530842,0 -3.617866510435807,40.51024718665394,0 -3.618007408514565,40.51017085375724,0 -3.618118936544404,40.51012645226376,0 -3.618221070445891,40.51010765833458,0 -3.618349864786252,40.51009738283825,0 -3.618447963051139,40.5100991488463,0 -3.618563914505694,40.51010766689027,0 -3.618689846444381,40.51011613768998,0 -3.618783018164519,40.51012998823322,0 -3.618929898639313,40.51016040404312,0 -3.619132522637293,40.51019413269771,0 -3.619330270481328,40.5102251240933,0 -3.619472232743116,40.51024910347094,0 -3.619604344520657,40.51025928607394,0 -3.619731526773426,40.51026210764599,0 -3.619901033120896,40.51026001920506,0 -3.620114381380758,40.51025019623086,0 -3.620293201732626,40.5102329952157,0 -3.620492876940525,40.51020973515576,0 -3.620652999390717,40.51019457900739,0 -3.62076592892676,40.51018126083041,0 -3.62086201987202,40.5101699996608,0 -3.62097588865709,40.51015217987921,0 -3.621129239414146,40.51011426598518,0 -3.621188418176708,40.51009883721791,0 -3.621269286646859,40.51007483513816,0 -3.62133002860406,40.51004795115734,0 -3.621372593976055,40.51002342882578,0 -3.621419581429575,40.50999718091327,0 -3.621548558530316,40.50990578272875,0 -3.62159186558299,40.50988145362234,0 -3.62164943768021,40.50983484437062,0 -3.621727245800802,40.50975852019521,0 -3.621842281726301,40.50965605985532,0 -3.621948875824721,40.50955643039379,0 -3.622067237479203,40.50942806839087,0 -3.622154850826733,40.50936184239599,0 -3.622277243805706,40.50928354628392,0 -3.622370187918278,40.50924205334625,0 -3.622484994232145,40.50919397686594,0 -3.622562946118963,40.50916682115255,0 -3.622721971312243,40.50911426119914,0 -3.622833124514748,40.50907682017414,0 -3.622944377819715,40.50904765950523,0 -3.6230458574271,40.50903590531482,0 -3.623166098991449,40.50903049844855,0 -3.623290385692418,40.50903429477682,0 -3.623412866506974,40.50904446191461,0 -3.623545118424491,40.5090666544628,0 -3.623669016465453,40.50909907202864,0 -3.623818637817315,40.50915626478032,0 -3.62395064093158,40.50920633541815,0 -3.624010632174307,40.50923313014614,0 -3.62418422494152,40.50929806226983,0 -3.624298581789845,40.50933465497835,0 -3.624439969459826,40.50936325383893,0 -3.624544766202005,40.50937468018547,0 -3.624641695321659,40.50938003821245,0 -3.624784793140012,40.50939308070859,0 -3.624894785365759,40.50941985147272,0 -3.624961660961897,40.50943890764996,0 -3.625071436659444,40.50947602976743,0 -3.625116941523681,40.50946267833829,0 -3.625233820637208,40.50945062991497,0 -3.625381522513052,40.50942358047966,0 -3.625544751107281,40.50939878912724,0 -3.625677924447134,40.50938840338439,0 -3.625847571500953,40.50938190370322,0 -3.62597112849504,40.50934496545399,0 -3.626254556206292,40.50926137204024,0 -3.626381136178653,40.50921790532099,0 -3.626543151583411,40.50915644741524,0 -3.626707365496663,40.50908432611007,0 -3.62700481117166,40.50894943099922,0 -3.627170078712567,40.50887484118053,0 -3.627374994701634,40.50879770527137,0 -3.627502566553497,40.50876471201842,0 -3.627580287043711,40.50872642635827,0 -3.627801907903058,40.50859445715034,0 -3.627921736651304,40.50853846337794,0 -3.628045322604885,40.5084947957906,0 -3.628162473504926,40.50845227925671,0 -3.62828419073172,40.50842012146239,0 -3.628382690326988,40.5084106202095,0 -3.628467513187464,40.50840864633608,0 -3.628626591116112,40.50840021719463,0 -3.628758177618666,40.50838688070933,0 -3.628865848253928,40.50838258314887,0 -3.629031573956396,40.50837255782866,0 -3.629139264664656,40.50837003376117,0 -3.629258687120774,40.50837630238303,0 -3.629433268225636,40.50839401628881,0 -3.629678711783422,40.5084217608438,0 -3.629820866736393,40.50843695898119,0 -3.62995179630732,40.50844248850063,0 -3.630385052900727,40.50844091415151,0 -3.630794463264579,40.50843902871214,0 -3.630951256063645,40.50844006280752,0 -3.631125132956541,40.5084350953359,0 -3.631328581389137,40.5083910132719,0 -3.631613891099483,40.50835869594532,0 -3.631972405991259,40.50820853007401,0 -3.632116063463973,40.50816514205815,0 -3.632191560391352,40.50813941489123,0 -3.632317258815693,40.50807963133676,0 -3.632417783961765,40.50801271521189,0 -3.632534612475873,40.50792797839968,0 -3.632753542661162,40.5078149466809,0 -3.632942670571356,40.50772497125789,0 -3.633084576915937,40.50767138632094,0 -3.633149783579242,40.50766063818238,0 -3.633206322935944,40.50765787616245,0 -3.633265414447181,40.50767146663954,0 -3.63327646768948,40.50765061977963,0 -3.633647103462233,40.50781669998198,0 -3.63955446112102,40.50788079420735,0 -3.641100497982058,40.50800242349344,0 -3.641081518960514,40.50805313098751,0 -3.6411875603563,40.5080841270345,0 -3.641276733412182,40.5081140454331,0 -3.64135051435056,40.50813703124045,0 -3.641460264968548,40.50815036248039,0 -3.641610757182951,40.50815986024597,0 -3.641754504607315,40.50816978896224,0 -3.641914993611177,40.50818716587079,0 -3.642027548559005,40.50820084225145,0 -3.642105448978654,40.50821193633776,0 -3.642181955380776,40.50821151120556,0 -3.642256854850895,40.50820632743343,0 -3.642339504717433,40.50819514203292,0 -3.642411143498185,40.50818197095938,0 -3.642498484359199,40.50816255674593,0 -3.642705119490094,40.50810907577986,0 -3.643060671172248,40.50800878433098,0 -3.643256831110966,40.50794810218344,0 -3.643365989698188,40.50793319284662,0 -3.64345479267683,40.5079423406586,0 -3.643621370991735,40.50797147667004,0 -3.643869710143238,40.50800794963428,0 -3.644144423373449,40.50805652448213,0 -3.644343360352178,40.50811331393274,0 -3.644375140976717,40.50805658503558,0 -3.644841172141801,40.50788220427545,0 -3.644997895967074,40.50796301349759,0 -3.645532707787668,40.50822073180094,0 -3.64561127282957,40.50826303841545,0 -3.645705978099723,40.50831981770797,0 -3.645772243692463,40.50836313346733,0 -3.6458478853839,40.50842142816686,0 -3.645936010501097,40.50849797267384,0 -3.646024828528917,40.50858249874347,0 -3.646245268400973,40.50878701274744,0 -3.6463769006758,40.50890793836829,0 -3.646631618327842,40.50914482351343,0 -3.646827607694387,40.50933025627387,0 -3.647143876263015,40.50964251566465,0 -3.647487390622546,40.51002812795232,0 -3.647730004221682,40.5102395327542,0 -3.647767777081998,40.51027042700412,0 -3.647821586646893,40.51031267266233,0 -3.647894636071306,40.51035838606363,0 -3.647949290015466,40.5103909738752,0 -3.648014737009894,40.51042564615953,0 -3.648099907416293,40.51046521314363,0 -3.648207130260287,40.51050858875756,0 -3.648456823296392,40.51060694267577,0 -3.648629375949729,40.51067247716603,0 -3.64877325102657,40.51072744549062,0 -3.648878977142945,40.51076117582919,0 -3.648971012685828,40.51078389929089,0 -3.649034346191308,40.51079355519954,0 -3.649104458427752,40.51080174238105,0 -3.649213721880258,40.51081364196263,0 -3.649574529818809,40.51084844188777,0 -3.649860089840988,40.51087686935749,0 -3.650384083260854,40.51092862532104,0 -3.650853677412441,40.51097424934356,0 -3.651587748018776,40.5110476990775,0 -3.651684134139525,40.5110600274853,0 -3.651783166081539,40.51107949126322,0 -3.651985021995413,40.51111214138022,0 -3.652104800595271,40.51112509600248,0 -3.652199651229772,40.51112986515822,0 -3.652264994278951,40.5111314611916,0 -3.652337592801196,40.51112878023963,0 -3.652448383800809,40.51112170888034,0 -3.65238062057883,40.51143758535927,0 -3.654532885938802,40.51278776909997,0 -3.656169890475049,40.51309714922771,0 -3.657614183010512,40.51171885423106,0 -3.657614551199849,40.51171787917351,0 -3.657752447790916,40.51146709709353,0 -3.657866980426085,40.51122933149643,0 -3.657953681619109,40.51101820954298,0 -3.658011110042513,40.51086761301098,0 -3.65807382135107,40.51067788858821,0 -3.658140129839525,40.51044553148672,0 -3.658174503392969,40.51030317508486,0 -3.658216742591866,40.51009599888798,0 -3.658243112907744,40.50991981363213,0 -3.658266543914667,40.50975688911136,0 -3.658282325163175,40.50959625948624,0 -3.658296405874172,40.50945473933896,0 -3.658298362000346,40.50937716055168,0 -3.65829990007958,40.50931706233774,0 -3.658304755898775,40.50912550427284,0 -3.658308206043313,40.50898332395862,0 -3.658301772285995,40.50875966837232,0 -3.658300026988346,40.50858094055227,0 -3.658291506491056,40.50838540465158,0 -3.658280713073006,40.50818663758094,0 -3.658268007594518,40.5079975218346,0 -3.65825049907945,40.50776392939582,0 -3.658237526030337,40.50757157194641,0 -3.658224738896713,40.50739822224367,0 -3.658199981052046,40.50699025753256,0 -3.658173945563008,40.50658437121401,0 -3.658160378519774,40.50618607233037,0 -3.658154023679625,40.50582539052389,0 -3.65816329191877,40.50549344735749,0 -3.658192460122654,40.50521715694521,0 -3.658235710918531,40.50495682217755,0 -3.658327759030529,40.50460531029809,0 -3.658392197953261,40.50439980915894,0 -3.658462432864801,40.50421968101133,0 -3.658557447696719,40.50401508751658,0 -3.658640324186234,40.50384858167106,0 -3.658734201155973,40.50367255278817,0 -3.658826836862886,40.50351445865648,0 -3.65893320874457,40.50334889880837,0 -3.659112222725336,40.50309310650789,0 -3.659205156617694,40.50296564159907,0 -3.659575548556918,40.50248776874185,0 -3.660050250321625,40.50191218273764,0 -3.660414639846907,40.50147424914849,0 -3.661077724483131,40.50069749750887,0 -3.661523031054283,40.50018360535149,0 -3.661777284436432,40.4998999909693,0 -3.662267164172725,40.49937160653619,0 -3.662886412107231,40.49878653346224,0 -3.663464971029698,40.49828907815044,0 -3.664116289071852,40.49775111208301,0 -3.664864511175798,40.49713240718091,0 -3.666011017857561,40.49620492073028,0 -3.666500411639659,40.49581246663105,0 -3.666987118132425,40.49542389619197,0 -3.667114743859374,40.49532199373352,0 -3.667580298403855,40.4949544472046,0 -3.667892926162119,40.4947074204217,0 -3.668538822375723,40.49420090176132,0 -3.669246190953058,40.49364717794507,0 -3.670019807884892,40.49302820227774,0 -3.670192530377325,40.49289431988107,0 -3.670474680632454,40.4926576420016,0 -3.670651133688472,40.49250752208862,0 -3.670986617992282,40.49219981329087,0 -3.671183895533561,40.49199623874722,0 -3.671440348751779,40.49171565402469,0 -3.671631516683223,40.49147950094881,0 -3.671805282289964,40.49124966487762,0 -3.671959739045241,40.49102426509812,0 -3.67210639315316,40.49078566734408,0 -3.672220419536344,40.49057662742,0 -3.672349416615456,40.49031885291641,0 -3.672464931867154,40.49006998456582,0 -3.672600787257353,40.48973099841217,0 -3.672707998253452,40.48941866510066,0 -3.672795451186541,40.48913671673773,0 -3.672837257244543,40.48899836630005,0 -3.672892978684012,40.48876471032104,0 -3.672981943774647,40.48837419434038,0 -3.673062810030257,40.48794093385946,0 -3.673138793652481,40.48742049336251,0 -3.673168246251264,40.48720311619836,0 -3.673220115532841,40.48673759132065,0 -3.673326924046983,40.48560589338699,0 -3.673353345241689,40.4852506059071,0 -3.673418096926127,40.48455104247972,0 -3.673461406299208,40.48405565655839,0 -3.671344776236465,40.4841324534183,0 -3.671087213470712,40.48414457711239,0 -3.670268293743566,40.48418310475738,0 -3.669045789210264,40.48417909454122,0 -3.667211021552698,40.48410076398215,0 -3.666266512992947,40.48399097839376,0 -3.666118268389252,40.48397372311167,0 -3.664723881671472,40.48376831485174,0 -3.664695996571265,40.4837642401209,0 -3.664004182028117,40.48366226346099,0 -3.663727772699115,40.48361763344616,0 -3.659346993046813,40.48291059327894,0 -3.659586785926665,40.48279481311889,0 -3.661006260611393,40.48210870220144,0 -3.661180116656415,40.48200716871133,0 -3.663421859306033,40.47984227848041,0 -3.664876164296947,40.47836727302506,0 -3.665227806183707,40.47795570503249,0 -3.665525438492068,40.47747525724496,0 -3.665527064262959,40.47747263528489,0 -3.665641586795804,40.4771467523016,0 -3.665675211415204,40.47705124383842,0 -3.665758635425518,40.47678995299967,0 -3.665732472099337,40.47636235729733,0 -3.665555734445956,40.4753447263213,0 -3.66543942176441,40.47481926892819,0 -3.665434166973169,40.47480083080452,0 -3.665424621560711,40.47476602016633,0 -3.665157604089869,40.47380386270393,0 -3.664643283909213,40.47195042181377,0 -3.663449965229137,40.46747825867961,0 -3.662937149936611,40.46567209738683,0 -3.662487164137002,40.46406332026883,0 -3.662041978366499,40.46337442526856,0 -3.660431092518652,40.46225028962525,0 -3.660336577083229,40.46218605410883,0 -3.656283844319638,40.45943107251604,0 -3.656249841513627,40.45934252610573,0 -3.655872500744523,40.45890160019052,0 -3.655454409795723,40.4583689213627,0 -3.655145571437176,40.45800976743899,0 -3.654206674536213,40.45691804721671,0 -3.652867840830598,40.45544415839866,0 -3.651307034310975,40.45370528490043,0 -3.65008125996366,40.45207964554662,0 -3.649995033203441,40.45204085027719,0 -3.64993028405258,40.45195454682488,0 -3.649665185306019,40.45160017774682,0 -3.649664468217166,40.45159919078645,0 -3.649325662467285,40.45114631444012,0 -3.648116432955386,40.44945281265303,0 -3.64782792898911,40.44953307579625,0 -3.647825341654092,40.44953381101691,0 -3.647277619935633,40.44968633331023,0 -3.646693489512224,40.44980100445032,0 -3.646057323005872,40.44982569321076,0 -3.64507673584511,40.44971278478236,0 -3.643835266859273,40.44951676638708,0 -3.642754439255267,40.44933675324355,0 -3.639831902098118,40.4488714222672,0 -3.637993955931636,40.44861055359588,0 -3.637307435692998,40.44857628466893,0 -3.636654476477082,40.44857987639716,0 -3.636090413224064,40.4486210248761,0 -3.635733802412286,40.44866489025399,0 -3.635101098243571,40.44875328437822,0 -3.634388340173796,40.44887133693609,0 -3.633493209040451,40.44901574956195,0 -3.631961029853129,40.44925651093715,0 -3.630681033562821,40.44939267816056,0 -3.629442020981041,40.44943491431668,0 -3.628411788303553,40.44947005735611,0 -3.627665493322653,40.44948959848282,0 -3.626287735371498,40.44952570185158,0 -3.622311542189627,40.44967352289092,0 -3.619937995323831,40.44968354401009,0 -3.616673073146127,40.44969745251623,0 -3.614788703694439,40.44970926716611,0 -3.60907811018863,40.44968681252154,0 -3.607757285766222,40.44967028056723,0 -3.60702581682005,40.4501140055792,0 -3.606978842469269,40.45014257840094,0 -3.606861274010111,40.4502139083646,0 -3.606232628703267,40.45062416863225,0 -3.605301770170928,40.45123685540242,0 -3.604488316916572,40.45176522157889,0 -3.604530877605883,40.45183134321056,0 -3.604593349501019,40.45192584179281,0 -3.604677069426828,40.45204101029226,0 -3.604776486262395,40.45216682274053,0 -3.604885252617358,40.45229139518428,0 -3.604971880083975,40.45238271219181,0 -3.605078926619631,40.45248941505601,0 -3.605181230012525,40.45258899309576,0 -3.60525826195063,40.4526541393783,0 -3.605399837008617,40.45276838096645,0 -3.605413580708984,40.45277558646903,0 -3.605434578617412,40.45275889449965,0 -3.605707899103984,40.45297710693978,0 -3.606184310084883,40.45327497735561,0 -3.606627630910573,40.45349905453807,0 -3.607715021490764,40.45388353859511,0 -3.608976414394086,40.45421953003532,0 -3.612337457145989,40.45528677547918,0 -3.613896565770122,40.45615375352877,0 -3.617390576384774,40.45814861848451,0 -3.620251140499166,40.45974019140204,0 -3.620926647312233,40.46014170934161,0 -3.621513961564919,40.46058414702897,0 -3.622173908844244,40.46121520042706,0 -3.622751191238127,40.46184612599244,0 -3.623424423442519,40.46266890920719,0 -3.627686047665613,40.46813124566871,0 -3.627971314891707,40.46848211866141,0 -3.624419685118057,40.46870493162744,0 -3.624502241115307,40.4690262262034,0 -3.624550315622624,40.46915553366871,0 -3.624591975508734,40.46927936047375,0 -3.624628290867541,40.46942599536045,0 -3.624651873371371,40.46954600272177,0 -3.62467572335617,40.46969461305517,0 -3.624681793065915,40.4698109015486,0 -3.624685280848788,40.46991766978627,0 -3.624681435031678,40.47004163977059,0 -3.624674987197495,40.47015418060431,0 -3.624668221325926,40.47023240073044,0 -3.624649253495243,40.47034119662081,0 -3.624623946349271,40.47047877803233,0 -3.624586722850641,40.47059896712359,0 -3.624547904581214,40.47072121886588,0 -3.624496673284698,40.47085116556643,0 -3.624430637650976,40.4710002606336,0 -3.62436692114133,40.47113027472122,0 -3.624280859115828,40.47127375717213,0 -3.624211918123594,40.47137900937302,0 -3.624132902178564,40.47147478082937,0 -3.624068079690313,40.4715527179935,0 -3.623849511826071,40.47181697096345,0 -3.62398917225127,40.47219958523227,0 -3.624122923347854,40.47252962237545,0 -3.624272819772221,40.47289979362914,0 -3.624366016141679,40.47294009009083,0 -3.624448935084421,40.47296228710823,0 -3.624522755214206,40.4730131349361,0 -3.62457176215499,40.4730808050346,0 -3.624591260491365,40.47316412641597,0 -3.624581099079103,40.47324641528327,0 -3.624613589252526,40.47329649539376,0 -3.624699103217463,40.47336277535273,0 -3.624739476676476,40.47340832274371,0 -3.624831361775579,40.47362330639235,0 -3.624895322358463,40.47378886093005,0 -3.625111977171274,40.47453329032673,0 -3.625155745867413,40.47456245349179,0 -3.625225058254494,40.47458150462885,0 -3.625265178692852,40.47459940374419,0 -3.625318056397341,40.47464678957479,0 -3.625343458311855,40.47469337089041,0 -3.625343820969749,40.47473246067715,0 -3.625369494058956,40.47483700066645,0 -3.625490090153378,40.47491643789225,0 -3.625633265198808,40.47500719417275,0 -3.625718870852567,40.47508300705353,0 -3.625777148760683,40.47517422362952,0 -3.625797850986732,40.47525229503152,0 -3.625801969762011,40.47534115167481,0 -3.625804651473572,40.47544676197989,0 -3.625805518965671,40.47554019476512,0 -3.62590630353228,40.47608601988865,0 -3.625782464566409,40.47616889373587,0 -3.62571289979126,40.47624077818578,0 -3.625685650077081,40.47633150372558,0 -3.625716132327623,40.47642072574131,0 -3.625787000581178,40.4764894661088,0 -3.625882183254067,40.47657012156661,0 -3.62576131229789,40.47696489157033,0 -3.625747268493674,40.4770660338602,0 -3.625744136617327,40.47722186099014,0 -3.625653402595406,40.48157008770507,0 -3.625833206767527,40.48222524704432,0 -3.618200119526279,40.48226850394882,0 -3.61763846404504,40.48283977255426,0 -3.616888076336019,40.48363168807581,0 -3.616748756439882,40.4837582868515,0 -3.616612089298287,40.48386770922777,0 -3.616471806626012,40.48399145155604,0 -3.615542552593147,40.48495455003685,0 -3.615541016750815,40.48495614109142,0 -3.614888050528817,40.48495948806576,0 -3.611542546377777,40.48497657917785,0 -3.604463283134421,40.48501242463513,0 -3.601711525332224,40.48501785586672,0 -3.601721343024552,40.48545449456607,0 -3.601735559120354,40.48617248913364,0 -3.601739922996944,40.48666110903277,0 -3.601769696275081,40.48737306211614,0 -3.601814286704549,40.48792344690225,0 -3.60184959196906,40.48894011891353,0 -3.601860395760847,40.48931047865759,0 -3.60186260606561,40.48955788741154,0 -3.601866023356874,40.48973091911031,0 -3.601861556422336,40.48982131124119,0 -3.601865876849945,40.4899239944769,0 -3.601866085721076,40.49015711100512,0 -3.601862483267202,40.49038309786324,0 -3.601856843318373,40.49059050263602,0 -3.601850162447831,40.49089087445176,0 -3.601838715822167,40.49127779309092,0 -3.601837213069244,40.49132857539656,0 -3.601825230563814,40.4917522082921,0 -3.601785349978964,40.49287987048252,0 -3.601775149283157,40.49336655755908,0 -3.601776054163593,40.49352952931901,0 -3.601776895928248,40.49368081228641,0 -3.601773494163252,40.49399904242873,0 -3.601764875123893,40.49460691229675,0 -3.601776010911478,40.49495727909642,0 -3.601784418429016,40.49522178496144,0 -3.601797288054207,40.49592836738079,0 -3.601820111290517,40.49638590315075,0 -3.601843213666795,40.49687490207815,0 -3.601868282164755,40.49737390146203,0 -3.601887179694375,40.49781143606523,0 -3.601901882267069,40.49819893697489,0 -3.601916533730354,40.49870244000555,0 -3.601925386788699,40.49936154504794,0 -3.601921476828079,40.50039128944873,0 -3.601900959944331,40.50146466217725,0</coordinates>
        </LineString>
      </MultiGeometry>
    </Placemark>
    <Placemark id="ID_00016">
      <name>17</name>
      <snippet></snippet>
      <description><![CDATA[<html xmlns:fo="http://www.w3.org/1999/XSL/Format" xmlns:msxsl="urn:schemas-microsoft-com:xslt">
<head>
<META http-equiv="Content-Type" content="text/html">
<meta http-equiv="content-type" content="text/html; charset=UTF-8">
</head>
<body style="margin:0px 0px 0px 0px;overflow:auto;background:#FFFFFF;">
<table style="font-family:Arial,Verdana,Times;font-size:12px;text-align:left;width:100%;border-collapse:collapse;padding:3px 3px 3px 3px">
<tr style="text-align:center;font-weight:bold;background:#9CBCE2">
<td>17</td>
</tr>
<tr>
<td>
<table style="font-family:Arial,Verdana,Times;font-size:12px;text-align:left;width:100%;border-spacing:0px; padding:3px 3px 3px 3px">
<tr>
<td>FID</td>
<td>16</td>
</tr>
<tr bgcolor="#D4E4F3">
<td>COD_DIS</td>
<td>17</td>
</tr>
<tr>
<td>COD_DIS_TX</td>
<td>17</td>
</tr>
<tr bgcolor="#D4E4F3">
<td>NOMBRE</td>
<td>Villaverde</td>
</tr>
<tr>
<td>DISTRI_MAY</td>
<td>VILLAVERDE</td>
</tr>
<tr bgcolor="#D4E4F3">
<td>DISTRI_MT</td>
<td>VILLAVERDE</td>
</tr>
<tr>
<td>Area</td>
<td>20194322,953</td>
</tr>
</table>
</td>
</tr>
</table>
</body><script type="text/javascript">
				function changeImage(attElement, nameElement) {
				document.getElementById('imageAttachment').src = attElement;
				document.getElementById('imageName').innerHTML = nameElement;}
			</script></html>
]]></description>
      <styleUrl>#LineStyle00</styleUrl>
      <MultiGeometry>
        <LineString>
          <extrude>0</extrude>
          <tessellate>1</tessellate><altitudeMode>clampToGround</altitudeMode>
          <coordinates> -3.657513635019404,40.32892569027143,0 -3.657513638882936,40.3289257244844,0 -3.657518882263102,40.32928443438366,0 -3.657607012864161,40.32983872026802,0 -3.657757788610751,40.33056050273403,0 -3.65797103867984,40.33104411220923,0 -3.658297122428889,40.33160289507252,0 -3.658380512389908,40.33186777526539,0 -3.658406647620953,40.3321429571672,0 -3.658514408678554,40.33250147062684,0 -3.658587778227092,40.3328083066904,0 -3.658640340026808,40.33338859533788,0 -3.658850550624919,40.33382633285318,0 -3.659193119306841,40.33420146678361,0 -3.659934921936933,40.33487958432093,0 -3.660534483329131,40.33540687672797,0 -3.660956339436847,40.33595258457191,0 -3.661314094675888,40.33648379847434,0 -3.661449894165159,40.33704166403679,0 -3.661429194064133,40.33759244227469,0 -3.66153401027919,40.33785734600503,0 -3.661692123805477,40.33808573776493,0 -3.662002817141769,40.3383659417955,0 -3.662200821372612,40.33854229004726,0 -3.662377154040793,40.3386625222809,0 -3.66266155532581,40.33883835151505,0 -3.662837559882853,40.33897301491215,0 -3.662959477398221,40.33917582263554,0 -3.663022368165646,40.33947473430698,0 -3.663028915167009,40.33987771585643,0 -3.663030429749541,40.34056603230415,0 -3.663087600034123,40.34081310274604,0 -3.663273386930347,40.34133684337941,0 -3.663543897978414,40.34187988809345,0 -3.663658313582856,40.34211466019047,0 -3.663827424455169,40.34234313257509,0 -3.664006092449643,40.34259695749408,0 -3.66402045194663,40.34261735650289,0 -3.664113816998868,40.3428322963553,0 -3.664219076860908,40.34319680469126,0 -3.664337816134691,40.34347205013399,0 -3.664579126473286,40.34375138501638,0 -3.664938521880523,40.3439727792182,0 -3.665237050084845,40.34410274510578,0 -3.665500880322326,40.34415110844109,0 -3.666579458613086,40.34432247539235,0 -3.66737206277323,40.34451751549109,0 -3.667970066381698,40.34466960131521,0 -3.668524164088647,40.34480207531408,0 -3.668934780370157,40.34492739444162,0 -3.669136748359317,40.34504793188098,0 -3.669249342187211,40.34513553330976,0 -3.669368068626513,40.34523613359361,0 -3.669439709343981,40.34536141391243,0 -3.669441107371419,40.34550306139346,0 -3.66937477274971,40.3456510847661,0 -3.669248447588344,40.34579746060287,0 -3.669124464395684,40.34618124389979,0 -3.669015683214483,40.34678440497795,0 -3.669008836573475,40.3471475606022,0 -3.669029765124997,40.34741877923304,0 -3.669108557654168,40.34770494985635,0 -3.669418481810018,40.34862407811436,0 -3.669577056672581,40.34897182812448,0 -3.669727813838234,40.34918643268638,0 -3.669950854405176,40.34932679824058,0 -3.670147856590394,40.34943699481619,0 -3.670537468184185,40.34957878230458,0 -3.671292906052439,40.34976195100084,0 -3.672056903767382,40.35001888512534,0 -3.672509871587828,40.35020379938431,0 -3.67271394309557,40.35030709448513,0 -3.672912719798059,40.3504384646241,0 -3.673043912388699,40.35055860591279,0 -3.67311485676544,40.35062360040989,0 -3.673148017194106,40.35067827406496,0 -3.673254907127477,40.35091373316904,0 -3.673423724433974,40.35136963963429,0 -3.673611292711747,40.35187531487335,0 -3.67366811247587,40.35213338621776,0 -3.673717546006023,40.35247454689958,0 -3.673761035082884,40.35277447935962,0 -3.673855385199661,40.35301402533871,0 -3.674158511000855,40.35329992459255,0 -3.674246471334282,40.35333481870317,0 -3.674612138886232,40.35347963012587,0 -3.675042358448215,40.35361433376038,0 -3.675046492373316,40.35361557091316,0 -3.675115126039827,40.35362535154388,0 -3.675498850256962,40.35367924163042,0 -3.675703996476028,40.35373921810718,0 -3.67593571637557,40.35380705615788,0 -3.676175586898843,40.3539835883063,0 -3.676338835056757,40.35420770390525,0 -3.6765147475418,40.35458774847173,0 -3.676661311261155,40.35494743621332,0 -3.6768235679486,40.35547631825366,0 -3.677086587702827,40.35635443702053,0 -3.677204972579083,40.35681735711443,0 -3.677391797741163,40.35710518894159,0 -3.677413687236221,40.35713911529121,0 -3.67766806799577,40.35741078584831,0 -3.677786506367131,40.35747802164039,0 -3.678054765857238,40.35762996859091,0 -3.678415662486622,40.35776551546312,0 -3.678776794901435,40.35790106071968,0 -3.679189117492758,40.3580995078602,0 -3.679351965289265,40.35821427111372,0 -3.679593850545592,40.35840837539457,0 -3.679994231182101,40.35880305930824,0 -3.680682305955694,40.35953721957645,0 -3.680947855408914,40.35974492872526,0 -3.681319382681916,40.35991698185229,0 -3.681466903981733,40.36008827910781,0 -3.681508862568237,40.36018515125912,0 -3.681522484428952,40.36021642278364,0 -3.681924744974139,40.36129631637721,0 -3.683141298676498,40.36172973387023,0 -3.685404299322653,40.36254377201649,0 -3.687239759749704,40.36320034722279,0 -3.689024910061448,40.36379371096545,0 -3.689443365870407,40.36390896913608,0 -3.690044730724479,40.36405899270935,0 -3.69061452299471,40.36417334445921,0 -3.691247860343732,40.36427046653176,0 -3.691652201684011,40.36431778303881,0 -3.692228703830084,40.36438514913941,0 -3.693244055752115,40.36446484043942,0 -3.693869643101322,40.36451767058944,0 -3.694004025288389,40.36452884729205,0 -3.695526521695559,40.36451565582484,0 -3.6962286491772,40.36449792186978,0 -3.69659923574842,40.36448064685722,0 -3.696759689918214,40.36447319550755,0 -3.696903150907452,40.36446242106756,0 -3.697134640374987,40.36444499144702,0 -3.697447200381006,40.36442004536441,0 -3.698160962778123,40.36433141779116,0 -3.698747609566088,40.36423976917285,0 -3.699120227649821,40.36416841816082,0 -3.699339566484653,40.36412646266967,0 -3.700046352525755,40.36396741429701,0 -3.700700318066383,40.36382588817555,0 -3.700792446070261,40.36380578015423,0 -3.701073103639174,40.36375975605445,0 -3.701123783789454,40.36375197214728,0 -3.701651298340356,40.36367165751205,0 -3.702103349158209,40.36361729445346,0 -3.702617407767451,40.36357985044587,0 -3.703235631920012,40.36355879984911,0 -3.703660160446558,40.3635648691023,0 -3.704015890206108,40.36358072421428,0 -3.704016951068189,40.36358080784759,0 -3.704084939655165,40.36358381831825,0 -3.704281084018422,40.36359965216211,0 -3.70450410617936,40.36361784540113,0 -3.704900576189187,40.36365525258771,0 -3.705145578910633,40.36368051701086,0 -3.706367047994837,40.36381712698522,0 -3.707097102912399,40.36388086922626,0 -3.707102053953764,40.36388128941113,0 -3.70798762589212,40.36393849121347,0 -3.708093676113118,40.36394342760203,0 -3.709766225508969,40.36402219588697,0 -3.714153079999711,40.36435918610965,0 -3.720984350459998,40.36478522847045,0 -3.72098487257947,40.36478526215281,0 -3.721163937536358,40.36332426224465,0 -3.721777872455319,40.35893117435272,0 -3.722409542195382,40.35433075837963,0 -3.723502789967404,40.3455435897673,0 -3.72399360749656,40.34188729710191,0 -3.724419262479246,40.33874853480658,0 -3.724926339963099,40.33498616929483,0 -3.723665620335949,40.33355276517531,0 -3.720168796056416,40.33080684991096,0 -3.714445432861521,40.32805863702544,0 -3.712907857446799,40.32562850927982,0 -3.712542792974807,40.3234944933604,0 -3.710077749091425,40.32340107167988,0 -3.708041160737358,40.32301425201369,0 -3.70312487778781,40.3221212112129,0 -3.699625391288747,40.32234682167739,0 -3.696161551104894,40.32221751096644,0 -3.693019206744006,40.32010928181789,0 -3.692998894048503,40.3200528978381,0 -3.692868026370037,40.32011284513648,0 -3.692745232983883,40.32020528514484,0 -3.692541862540252,40.32036033575237,0 -3.692329831562797,40.32048759221592,0 -3.692138750366659,40.3205123487664,0 -3.691874332393004,40.32060835862226,0 -3.691266626256562,40.32093306768986,0 -3.691000662352907,40.32102527119467,0 -3.689862258474973,40.32136258340929,0 -3.68878513861203,40.32165702317106,0 -3.6878248914283,40.32191298519275,0 -3.687498016935518,40.32193854233793,0 -3.686935174784177,40.32193248406749,0 -3.686597356718694,40.3219882340022,0 -3.686240604435401,40.3220233254816,0 -3.685730275571614,40.3220922927981,0 -3.68523258193927,40.32219415216371,0 -3.685066973707569,40.32225636403489,0 -3.684913907369927,40.32234205504662,0 -3.684697877844219,40.32244582071791,0 -3.684432830814554,40.32259963199353,0 -3.684257757231106,40.32273854171935,0 -3.68387647228322,40.32303211414749,0 -3.683601039542366,40.32320566188865,0 -3.683366303423024,40.32333026576753,0 -3.683224529517425,40.32338554937123,0 -3.682992912514349,40.32344708864025,0 -3.682731250225533,40.32350020820716,0 -3.682439989077593,40.32359075481747,0 -3.682112057093235,40.32375888788289,0 -3.68181747472704,40.32395590242363,0 -3.681606637633586,40.32412328976056,0 -3.681267440122618,40.32437200465655,0 -3.681050501367598,40.32451919676951,0 -3.680956715959665,40.3246043992625,0 -3.680917357828354,40.32474816087974,0 -3.680841022195802,40.32493491666708,0 -3.68076047357547,40.32517172973336,0 -3.680670973378069,40.32535917819853,0 -3.680507891337185,40.32561996906153,0 -3.680232709579931,40.32585289945558,0 -3.679932275743416,40.3260479552396,0 -3.679494920881628,40.32622163039101,0 -3.679214337190714,40.32633101463838,0 -3.678919148525464,40.32632684471374,0 -3.678555862323332,40.32636453200785,0 -3.678259641058002,40.32644184106311,0 -3.67800052415787,40.32645782886216,0 -3.677732668584385,40.32643784673877,0 -3.677141763975737,40.32640179029449,0 -3.676870841970981,40.32633097085027,0 -3.676312080378433,40.32617147004364,0 -3.675924805703997,40.3260769470181,0 -3.675419969196171,40.32607988861901,0 -3.674888342461005,40.32605846941303,0 -3.674285345850921,40.32606658151458,0 -3.673622535081624,40.32591840320309,0 -3.672856223711904,40.32569198913163,0 -3.672152171642369,40.32552721488189,0 -3.671445759489059,40.32530875974615,0 -3.671153630560834,40.32524341494256,0 -3.67045338505223,40.32500111925504,0 -3.670152044989433,40.32497407293328,0 -3.669864504574725,40.3249994478953,0 -3.669650018807399,40.3250243992516,0 -3.669518191967868,40.32505121421096,0 -3.669370518502034,40.32510110677754,0 -3.669184220773821,40.32516520397163,0 -3.669017198448455,40.32524022024441,0 -3.668860796076391,40.32531862449005,0 -3.668751372435373,40.32537695112539,0 -3.668510423021,40.32551625480397,0 -3.668374878427965,40.325596034276,0 -3.668304808282824,40.32563836971025,0 -3.668148844677291,40.32575476312734,0 -3.668036939655503,40.32584283105385,0 -3.667945267424746,40.32589885976791,0 -3.667859750461145,40.3259436904808,0 -3.667728572998693,40.32600094081616,0 -3.667503581764902,40.32611451101052,0 -3.667371859501571,40.3261926419891,0 -3.667315039467455,40.32623144264853,0 -3.667276055425516,40.32626262492501,0 -3.667239272643998,40.32629644499553,0 -3.667140124869645,40.32642724294099,0 -3.667066231480029,40.32652821888628,0 -3.667017426068222,40.32659297010629,0 -3.66692227865745,40.32674100550479,0 -3.666867837678849,40.32686408763515,0 -3.66685013338993,40.32692578194301,0 -3.666821712971952,40.3269840613753,0 -3.666790628857597,40.32703470644969,0 -3.666763831925941,40.32708631871567,0 -3.666740491787691,40.32711982509768,0 -3.666726306879229,40.3271400000583,0 -3.66666459722467,40.32718671612473,0 -3.666464652757395,40.32732069080109,0 -3.666218466096196,40.32749659447443,0 -3.666036551448466,40.32762064004168,0 -3.665773896619814,40.32776898747629,0 -3.665600391179825,40.327861519355,0 -3.665486521958934,40.32793749945899,0 -3.665334259350554,40.32803658273191,0 -3.665223001939018,40.32812494239764,0 -3.665104476797067,40.32823431984274,0 -3.664951575815689,40.32839538320466,0 -3.665046667366485,40.3284575756328,0 -3.66413368646676,40.32886858687809,0 -3.663833734234875,40.32903443446779,0 -3.663788422855203,40.32897173827541,0 -3.663746011577186,40.3289344628715,0 -3.663668816656067,40.32892150642922,0 -3.663553206438822,40.32892216877583,0 -3.663434153898263,40.32892821211908,0 -3.663300875705692,40.32891289774426,0 -3.663183378297033,40.32889056917919,0 -3.663040419318485,40.3288101888748,0 -3.662905916959598,40.32872651211552,0 -3.662758366923509,40.32861042912032,0 -3.662719792458834,40.32857167366566,0 -3.662655883364617,40.32854605638919,0 -3.662558246864791,40.32854336786078,0 -3.662500719459379,40.32851933740116,0 -3.662455811221375,40.32848386594613,0 -3.662334596096712,40.32845695230735,0 -3.662283434564014,40.3284328852886,0 -3.662202154112448,40.3283667663957,0 -3.661974927551482,40.32819498329582,0 -3.661828430215784,40.32808033814757,0 -3.661687733354815,40.32798704384869,0 -3.661591971367798,40.32791487930427,0 -3.661501676628525,40.32782985072039,0 -3.661394980920833,40.32778341122053,0 -3.661254744419709,40.32773716336296,0 -3.661131405514237,40.32770364874978,0 -3.661008439930153,40.32770862995382,0 -3.660862986979216,40.32770090680842,0 -3.660712058610566,40.3277060447463,0 -3.660544577092158,40.32773266663887,0 -3.660343421157643,40.32774664513205,0 -3.659888978784883,40.32775257819494,0 -3.65991200065802,40.32786187882304,0 -3.657513635019404,40.32892569027143,0</coordinates>
        </LineString>
      </MultiGeometry>
    </Placemark>
    <Placemark id="ID_00017">
      <name>18</name>
      <snippet></snippet>
      <description><![CDATA[<html xmlns:fo="http://www.w3.org/1999/XSL/Format" xmlns:msxsl="urn:schemas-microsoft-com:xslt">
<head>
<META http-equiv="Content-Type" content="text/html">
<meta http-equiv="content-type" content="text/html; charset=UTF-8">
</head>
<body style="margin:0px 0px 0px 0px;overflow:auto;background:#FFFFFF;">
<table style="font-family:Arial,Verdana,Times;font-size:12px;text-align:left;width:100%;border-collapse:collapse;padding:3px 3px 3px 3px">
<tr style="text-align:center;font-weight:bold;background:#9CBCE2">
<td>18</td>
</tr>
<tr>
<td>
<table style="font-family:Arial,Verdana,Times;font-size:12px;text-align:left;width:100%;border-spacing:0px; padding:3px 3px 3px 3px">
<tr>
<td>FID</td>
<td>17</td>
</tr>
<tr bgcolor="#D4E4F3">
<td>COD_DIS</td>
<td>18</td>
</tr>
<tr>
<td>COD_DIS_TX</td>
<td>18</td>
</tr>
<tr bgcolor="#D4E4F3">
<td>NOMBRE</td>
<td>Villa de Vallecas</td>
</tr>
<tr>
<td>DISTRI_MAY</td>
<td>VILLA DE VALLECAS</td>
</tr>
<tr bgcolor="#D4E4F3">
<td>DISTRI_MT</td>
<td>VILLA DE VALLECAS</td>
</tr>
<tr>
<td>Area</td>
<td>51410558,0469</td>
</tr>
</table>
</td>
</tr>
</table>
</body><script type="text/javascript">
				function changeImage(attElement, nameElement) {
				document.getElementById('imageAttachment').src = attElement;
				document.getElementById('imageName').innerHTML = nameElement;}
			</script></html>
]]></description>
      <styleUrl>#LineStyle00</styleUrl>
      <MultiGeometry>
        <LineString>
          <extrude>0</extrude>
          <tessellate>1</tessellate><altitudeMode>clampToGround</altitudeMode>
          <coordinates> -3.565223566197763,40.36007599265716,0 -3.566124749550644,40.36026602800677,0 -3.566695598999206,40.36039666350334,0 -3.567410473697357,40.36060071529619,0 -3.568090693848977,40.36083161713454,0 -3.568825529152431,40.36110375608673,0 -3.569346528486558,40.36129688687358,0 -3.569805567132983,40.36149624861795,0 -3.570171439753965,40.36167827747427,0 -3.570420789422213,40.36183122896677,0 -3.574139705758168,40.36433604732029,0 -3.576228289943966,40.36573872486105,0 -3.576751642690804,40.36609018947589,0 -3.577016628726242,40.36625490734333,0 -3.577411695036139,40.36647955097853,0 -3.577678619701098,40.36661036879222,0 -3.577952398249167,40.36672397848094,0 -3.578269834603599,40.3668475820082,0 -3.578553575110263,40.36693807971896,0 -3.578926466316772,40.36702813139144,0 -3.579295279347316,40.36709448298349,0 -3.579652313589892,40.36714310205704,0 -3.580109999667862,40.36717639243102,0 -3.581595161477147,40.36724011092188,0 -3.582514081382847,40.36726811273967,0 -3.583320722936221,40.36731149548249,0 -3.583801821873631,40.3673624435194,0 -3.58432206659642,40.36745766545813,0 -3.584893213608372,40.36761192767064,0 -3.585250972143477,40.36775467322028,0 -3.585593405458144,40.36789599253067,0 -3.585939895853541,40.36806917365276,0 -3.587723385225621,40.36900596206862,0 -3.589391227799222,40.36984150519886,0 -3.590752962984268,40.37047224265283,0 -3.592251099587862,40.3711901064622,0 -3.595656752300934,40.37282974535074,0 -3.597418849707164,40.37367631885038,0 -3.598403002512744,40.37416783865496,0 -3.598667135781978,40.37432315764002,0 -3.598830616816124,40.37442790372879,0 -3.599023256612183,40.37455634123301,0 -3.599240692383583,40.37471871257728,0 -3.599516685505207,40.37495571525353,0 -3.599778142641942,40.37523091841359,0 -3.600011629664121,40.37552538527821,0 -3.600214660903556,40.37582066829535,0 -3.600701208843008,40.37671173556328,0 -3.600511529838738,40.37681315540848,0 -3.600319007891536,40.37693755398244,0 -3.600158709164957,40.37705672187589,0 -3.599975817318284,40.3772325183572,0 -3.599676997481802,40.37761400417134,0 -3.599518314631377,40.37792122753529,0 -3.599415230815194,40.37817301038704,0 -3.599326484636761,40.37836343871695,0 -3.599255626604116,40.37850562587527,0 -3.599175579629469,40.37864435874869,0 -3.599093026384352,40.37875859160226,0 -3.599011431790959,40.37885180923441,0 -3.598917205544174,40.37894071559273,0 -3.598758005062974,40.37906059656055,0 -3.598595261713995,40.37916824052598,0 -3.597808669408215,40.37965773044667,0 -3.599500207960051,40.38232930364922,0 -3.5995753856374,40.38235756380995,0 -3.600138282270517,40.38239771473516,0 -3.600551976205994,40.38252458312184,0 -3.600834448272169,40.38266654469024,0 -3.601041903032009,40.38287781529592,0 -3.601155334582074,40.38312759104214,0 -3.601127751829994,40.38340449381522,0 -3.600825230311921,40.38392417710091,0 -3.600861228911706,40.38415723714798,0 -3.601057625677389,40.38464856773122,0 -3.601366734888161,40.38512210621753,0 -3.601709740507891,40.38557817084887,0 -3.60233648477219,40.38619681558286,0 -3.602869766033089,40.38645323613243,0 -3.603028561457811,40.38653015954552,0 -3.603481641277702,40.38665735334901,0 -3.6037414927427,40.38666464841254,0 -3.603910905215708,40.38666376648865,0 -3.604136559514932,40.38662799548669,0 -3.605260342322837,40.38597428764622,0 -3.605556516265161,40.38624914131385,0 -3.605652197748118,40.38643343434737,0 -3.605760692873381,40.38649705601529,0 -3.60586875685191,40.38651253871838,0 -3.605985507631719,40.38649358889727,0 -3.606158866191592,40.38643537149957,0 -3.606355878413146,40.38634035099291,0 -3.606480669101399,40.38625052882942,0 -3.607054286120452,40.38666222305957,0 -3.607612978423107,40.38702127417743,0 -3.608109346408563,40.38730545484365,0 -3.608585572710612,40.38754604965794,0 -3.608658390841573,40.38758283800866,0 -3.60917520163978,40.38781336618306,0 -3.609873307022204,40.38809854386901,0 -3.610300306868209,40.38824072066175,0 -3.610889524543485,40.38841872051459,0 -3.611454493319255,40.3885670434324,0 -3.612088313411228,40.38870353776127,0 -3.61573507627193,40.38948887353482,0 -3.618567711888667,40.39010895184182,0 -3.619388660146505,40.39028816303431,0 -3.621888685420236,40.39083856624325,0 -3.623700465906915,40.38642979604307,0 -3.624328662659085,40.38501180134699,0 -3.624764730806649,40.38416079202459,0 -3.625323434897348,40.38323362326039,0 -3.624585660710788,40.3820926298793,0 -3.625904706041653,40.38179289894368,0 -3.62716175951781,40.38150447851683,0 -3.630191382482335,40.38077866778134,0 -3.63258624927932,40.38020939326545,0 -3.633026665163631,40.38010204050098,0 -3.6343762181247,40.37977311499233,0 -3.641510662599388,40.37795407865043,0 -3.645067607134399,40.37722981504943,0 -3.648576004956401,40.37652418308658,0 -3.649907340535451,40.3763127557326,0 -3.651505232930509,40.37609990444669,0 -3.652361344919616,40.37604643791217,0 -3.652766131625885,40.37564649474505,0 -3.653304799902746,40.37432560122181,0 -3.653589026733687,40.37362858185345,0 -3.654404870522446,40.37088573702305,0 -3.654715704051874,40.37036045905207,0 -3.655603324058254,40.36959038248977,0 -3.655996972099993,40.36937193472242,0 -3.657069533467442,40.36877665856827,0 -3.664447288033427,40.36414396622615,0 -3.666023761574234,40.36328363845663,0 -3.666502517032895,40.36303178224376,0 -3.666696079831318,40.36292994622761,0 -3.667175232477979,40.36269511130393,0 -3.667245004690662,40.36266425879642,0 -3.667563493378525,40.36252341257585,0 -3.667888549562544,40.36239180696199,0 -3.668246098123662,40.3622470404384,0 -3.668874690887348,40.36202358912466,0 -3.669440415908918,40.36185067921176,0 -3.669541982461615,40.3618195511842,0 -3.670121276649002,40.3616614244629,0 -3.670811424903707,40.36150652674439,0 -3.671172406077701,40.36143596656064,0 -3.671509877009449,40.36136995623772,0 -3.672152495302008,40.36125631715948,0 -3.67302642192121,40.36111971034573,0 -3.673709987466145,40.36102254978775,0 -3.674467265956809,40.3609381528191,0 -3.675169142166628,40.36086907185183,0 -3.675936318448088,40.3607946058265,0 -3.676677626384594,40.36074778285899,0 -3.677027054684727,40.36072574386792,0 -3.677572583403621,40.36070755606967,0 -3.678069075291673,40.36068715317515,0 -3.678745405113716,40.36067819302954,0 -3.679350175964409,40.3607021452469,0 -3.67980167223783,40.36075699036139,0 -3.680328499341813,40.36082888994607,0 -3.680773940136282,40.36093126124189,0 -3.681206462417806,40.36104870531764,0 -3.681924744974139,40.36129631637721,0 -3.681522484428952,40.36021642278364,0 -3.681508862568237,40.36018515125912,0 -3.681466903981733,40.36008827910781,0 -3.681319382681916,40.35991698185229,0 -3.680947855408914,40.35974492872526,0 -3.680682305955694,40.35953721957645,0 -3.679994231182101,40.35880305930824,0 -3.679593850545592,40.35840837539457,0 -3.679351965289265,40.35821427111372,0 -3.679189117492758,40.3580995078602,0 -3.678776794901435,40.35790106071968,0 -3.678415662486622,40.35776551546312,0 -3.678054765857238,40.35762996859091,0 -3.677786506367131,40.35747802164039,0 -3.67766806799577,40.35741078584831,0 -3.677413687236221,40.35713911529121,0 -3.677391797741163,40.35710518894159,0 -3.677204972579083,40.35681735711443,0 -3.677086587702827,40.35635443702053,0 -3.6768235679486,40.35547631825366,0 -3.676661311261155,40.35494743621332,0 -3.6765147475418,40.35458774847173,0 -3.676338835056757,40.35420770390525,0 -3.676175586898843,40.3539835883063,0 -3.67593571637557,40.35380705615788,0 -3.675703996476028,40.35373921810718,0 -3.675498850256962,40.35367924163042,0 -3.675115126039827,40.35362535154388,0 -3.675046492373316,40.35361557091316,0 -3.675042358448215,40.35361433376038,0 -3.674612138886232,40.35347963012587,0 -3.674246471334282,40.35333481870317,0 -3.674158511000855,40.35329992459255,0 -3.673855385199661,40.35301402533871,0 -3.673761035082884,40.35277447935962,0 -3.673717546006023,40.35247454689958,0 -3.67366811247587,40.35213338621776,0 -3.673611292711747,40.35187531487335,0 -3.673423724433974,40.35136963963429,0 -3.673254907127477,40.35091373316904,0 -3.673148017194106,40.35067827406496,0 -3.67311485676544,40.35062360040989,0 -3.673043912388699,40.35055860591279,0 -3.672912719798059,40.3504384646241,0 -3.67271394309557,40.35030709448513,0 -3.672509871587828,40.35020379938431,0 -3.672056903767382,40.35001888512534,0 -3.671292906052439,40.34976195100084,0 -3.670537468184185,40.34957878230458,0 -3.670147856590394,40.34943699481619,0 -3.669950854405176,40.34932679824058,0 -3.669727813838234,40.34918643268638,0 -3.669577056672581,40.34897182812448,0 -3.669418481810018,40.34862407811436,0 -3.669108557654168,40.34770494985635,0 -3.669029765124997,40.34741877923304,0 -3.669008836573475,40.3471475606022,0 -3.669015683214483,40.34678440497795,0 -3.669124464395684,40.34618124389979,0 -3.669248447588344,40.34579746060287,0 -3.66937477274971,40.3456510847661,0 -3.669441107371419,40.34550306139346,0 -3.669439709343981,40.34536141391243,0 -3.669368068626513,40.34523613359361,0 -3.669249342187211,40.34513553330976,0 -3.669136748359317,40.34504793188098,0 -3.668934780370157,40.34492739444162,0 -3.668524164088647,40.34480207531408,0 -3.667970066381698,40.34466960131521,0 -3.66737206277323,40.34451751549109,0 -3.666579458613086,40.34432247539235,0 -3.665500880322326,40.34415110844109,0 -3.665237050084845,40.34410274510578,0 -3.664938521880523,40.3439727792182,0 -3.664579126473286,40.34375138501638,0 -3.664337816134691,40.34347205013399,0 -3.664219076860908,40.34319680469126,0 -3.664113816998868,40.3428322963553,0 -3.66402045194663,40.34261735650289,0 -3.664006092449643,40.34259695749408,0 -3.663827424455169,40.34234313257509,0 -3.663658313582856,40.34211466019047,0 -3.663543897978414,40.34187988809345,0 -3.663273386930347,40.34133684337941,0 -3.663087600034123,40.34081310274604,0 -3.663030429749541,40.34056603230415,0 -3.663028915167009,40.33987771585643,0 -3.663022368165646,40.33947473430698,0 -3.662959477398221,40.33917582263554,0 -3.662837559882853,40.33897301491215,0 -3.66266155532581,40.33883835151505,0 -3.662377154040793,40.3386625222809,0 -3.662200821372612,40.33854229004726,0 -3.662002817141769,40.3383659417955,0 -3.661692123805477,40.33808573776493,0 -3.66153401027919,40.33785734600503,0 -3.661429194064133,40.33759244227469,0 -3.661449894165159,40.33704166403679,0 -3.661314094675888,40.33648379847434,0 -3.660956339436847,40.33595258457191,0 -3.660534483329131,40.33540687672797,0 -3.659934921936933,40.33487958432093,0 -3.659193119306841,40.33420146678361,0 -3.658850550624919,40.33382633285318,0 -3.658640340026808,40.33338859533788,0 -3.658587778227092,40.3328083066904,0 -3.658514408678554,40.33250147062684,0 -3.658406647620953,40.3321429571672,0 -3.658380512389908,40.33186777526539,0 -3.658297122428889,40.33160289507252,0 -3.65797103867984,40.33104411220923,0 -3.657757788610751,40.33056050273403,0 -3.657607012864161,40.32983872026802,0 -3.657518882263102,40.32928443438366,0 -3.657513638882936,40.3289257244844,0 -3.657513635019404,40.32892569027143,0 -3.655043229882565,40.33002135606696,0 -3.650312396057785,40.33238156768074,0 -3.650276440946588,40.33241159383519,0 -3.650207210060398,40.33236347033388,0 -3.650169782931988,40.33233506302319,0 -3.650137875167661,40.33231799247294,0 -3.650106196717194,40.33230445222704,0 -3.650074539337688,40.3322931064924,0 -3.65001844619131,40.33227586281316,0 -3.649978643478936,40.33230977904304,0 -3.649949125878009,40.33233630308773,0 -3.649885751952624,40.33240708579427,0 -3.649823752057689,40.33246023066506,0 -3.649773895133185,40.33249508080137,0 -3.649718217614567,40.33252118325483,0 -3.649671756808848,40.33253625982324,0 -3.649639612843209,40.33254906132862,0 -3.649606832068612,40.33257009719605,0 -3.649576929377663,40.33259221421089,0 -3.649544227476685,40.33262148041226,0 -3.649513016024275,40.33265677349057,0 -3.64948615037101,40.33269643323752,0 -3.649456452738041,40.33273994949571,0 -3.649419004767129,40.33279777530912,0 -3.649380721022347,40.33287170251862,0 -3.64933436014241,40.33294366240435,0 -3.649291401723716,40.33302511507268,0 -3.649253371103026,40.33313629020504,0 -3.649233553636695,40.33319883691066,0 -3.649220990023823,40.33323457480071,0 -3.649209127527553,40.33326866277558,0 -3.649211635809194,40.33330596205006,0 -3.649222406409729,40.33334121581217,0 -3.649155991932957,40.33341564317578,0 -3.649042434954431,40.3333479619418,0 -3.64873429848654,40.33320085513363,0 -3.648540763670169,40.33309833563926,0 -3.6483278385401,40.33295393087197,0 -3.64808304041283,40.3327983022603,0 -3.647916286166459,40.33269183248506,0 -3.647686213000498,40.3325232157791,0 -3.647468940415277,40.33236907409625,0 -3.647211184099836,40.33221801984105,0 -3.646900272570419,40.33204464742121,0 -3.646507017572234,40.33184132749648,0 -3.646092279206147,40.33165389230523,0 -3.645730876902709,40.33147141294502,0 -3.645292455643383,40.33125004241407,0 -3.644964893435411,40.33106737185243,0 -3.644710114545272,40.33096199809807,0 -3.644535030284835,40.33086190418391,0 -3.644349671191847,40.33072212408397,0 -3.644160023650246,40.33057917650735,0 -3.643948647589982,40.33037807270904,0 -3.643753926161169,40.33017321629356,0 -3.643625235584147,40.329989434936,0 -3.643507195423962,40.32981206998777,0 -3.643397698555883,40.32966159038147,0 -3.643179675813168,40.32942655113217,0 -3.643032086001099,40.32926394217242,0 -3.642891337272078,40.32916731438445,0 -3.642727545344138,40.32906790629331,0 -3.642555451987365,40.32899115896561,0 -3.642391747300971,40.32893735716401,0 -3.642298647583553,40.32891366193801,0 -3.642171507040437,40.32885623239331,0 -3.642035651609072,40.32877787586757,0 -3.641916668030319,40.32869459302057,0 -3.641844082889261,40.32862562768526,0 -3.641686903190954,40.32850691344541,0 -3.641567495049082,40.32842693265757,0 -3.64142439386368,40.32831330944756,0 -3.641351179044901,40.32827795970361,0 -3.641212519586853,40.32823868162691,0 -3.64098744416239,40.32815125692935,0 -3.640794189573161,40.32806937365786,0 -3.640676060562615,40.32802712348438,0 -3.640518553449414,40.32797078643752,0 -3.640370310410997,40.32790581662827,0 -3.640214267661363,40.32780656565033,0 -3.639977252584423,40.32764197369715,0 -3.639683776231521,40.32743478538269,0 -3.639354824471554,40.32723065371797,0 -3.639163092910462,40.32711157470798,0 -3.638660263534711,40.32683695781748,0 -3.638412371495754,40.32666570090256,0 -3.638102484701238,40.32643716439755,0 -3.637775513439187,40.32622706848447,0 -3.637467172436424,40.32599110715497,0 -3.637252219977977,40.32588319818301,0 -3.636935363422975,40.32567126031956,0 -3.636620355486711,40.32544776881095,0 -3.636198510076472,40.32519497513206,0 -3.63599592414025,40.32506775663128,0 -3.635443974295428,40.32456229693946,0 -3.634965730518073,40.32417246676457,0 -3.634996134076391,40.32415004533152,0 -3.635160732808218,40.32402682187858,0 -3.63449551652504,40.32355862345359,0 -3.634138203711985,40.32329424898899,0 -3.633826777538657,40.32306568134232,0 -3.633732428942642,40.32298051078487,0 -3.633607277896296,40.32286272345869,0 -3.633490433038011,40.32276462247498,0 -3.633399238404787,40.32269315449111,0 -3.633302875922184,40.32261404879091,0 -3.633208804856873,40.32254206575934,0 -3.633129963481181,40.32247759405897,0 -3.633051167421816,40.32241531129366,0 -3.632961487455238,40.32234712393159,0 -3.632903929020513,40.32230548297447,0 -3.632836341749014,40.32226505814003,0 -3.632744351472567,40.32222546946753,0 -3.63266829855082,40.32219230721637,0 -3.63259416325534,40.32214755849484,0 -3.632548069923684,40.32210468166112,0 -3.632493257860008,40.3220569712903,0 -3.632437152699276,40.32201586270419,0 -3.632361581899191,40.32197112978794,0 -3.632279289705434,40.32191384769349,0 -3.632206370658657,40.3218580999349,0 -3.632112521933536,40.32179709700988,0 -3.63201221097736,40.3217361743604,0 -3.6319460229035,40.32169408366019,0 -3.631694882927373,40.32154960884174,0 -3.631603144985571,40.32149663108881,0 -3.631450735501291,40.32141004676489,0 -3.63122302903346,40.32127771894425,0 -3.631057217155967,40.3211737653946,0 -3.630954268704623,40.32111165527733,0 -3.630849001639871,40.32105409204809,0 -3.630746424032605,40.32098714447734,0 -3.630659718125937,40.32092441668964,0 -3.630576718435985,40.32086657865373,0 -3.630510481912805,40.32082174948652,0 -3.630429800410936,40.32077268178945,0 -3.630366008676733,40.32074264945908,0 -3.630289223750358,40.32070894095698,0 -3.630210982180163,40.32067414031439,0 -3.630083581790721,40.3206223268166,0 -3.629936782388431,40.32057018727592,0 -3.629808665638776,40.32051837827542,0 -3.629689173057579,40.32046757536474,0 -3.629275754127123,40.3202960066707,0 -3.629229999449253,40.3202791011151,0 -3.629163375599765,40.32025439084949,0 -3.629118891874986,40.32024087841436,0 -3.629035973321848,40.32020981150043,0 -3.628982306452083,40.32019603362522,0 -3.628941183710048,40.32017851897258,0 -3.628841931622239,40.32014006938073,0 -3.628793785433274,40.32011656388907,0 -3.628745098834151,40.32009570191504,0 -3.628698664496534,40.32007376279071,0 -3.628655049311658,40.32005399936792,0 -3.628489956727587,40.31998002806453,0 -3.628399581758547,40.3199453371548,0 -3.628249528675178,40.31988853735322,0 -3.628168162240998,40.31985937404028,0 -3.628068382217317,40.31982710877043,0 -3.627399922531627,40.31959318116861,0 -3.627082463452962,40.31951084561647,0 -3.626750365721603,40.31944150951949,0 -3.626636108826944,40.31941422696097,0 -3.626466127759849,40.31936985829037,0 -3.626356395307051,40.31933924366944,0 -3.626253821230395,40.31930758296096,0 -3.626152375592742,40.31927320337827,0 -3.625991924868952,40.3192245751184,0 -3.625981875460612,40.31923628021735,0 -3.624692489434342,40.32042677470305,0 -3.623534058557659,40.31984975634062,0 -3.620008102635545,40.31911756997758,0 -3.617449825007213,40.31819165466355,0 -3.615965042774604,40.31776188601261,0 -3.613877317796525,40.31558930912725,0 -3.611150858409883,40.31431287514221,0 -3.60812049245338,40.3136647419775,0 -3.606384933833311,40.31346968513185,0 -3.602130493178473,40.31266733747972,0 -3.600198146380385,40.31233293621244,0 -3.599238713591419,40.31216879582147,0 -3.598258633199113,40.31206475664258,0 -3.595338241577208,40.31234970751093,0 -3.594324622110115,40.31237977311904,0 -3.593328287451597,40.31242190366558,0 -3.589401297417182,40.31269662566213,0 -3.587435412781775,40.31279057024766,0 -3.585579637415868,40.31307050542279,0 -3.584501791857876,40.31320180271131,0 -3.583471616452294,40.31330690384033,0 -3.582527860235669,40.31352597887845,0 -3.581646327869089,40.31359085742326,0 -3.580656025212747,40.31379051018114,0 -3.579691575306312,40.31387614816777,0 -3.578760475024765,40.31385683565047,0 -3.577968238468978,40.31389132873541,0 -3.576126232127492,40.31488574449806,0 -3.577795797284066,40.31464824078218,0 -3.579282312167872,40.31586805727567,0 -3.58048435666466,40.31596808310426,0 -3.581885708932226,40.31588150748947,0 -3.582408856337498,40.31614140933253,0 -3.583817072083632,40.31581305805383,0 -3.585073851752738,40.318355245196,0 -3.585070803016719,40.3204163852558,0 -3.584362971235407,40.32256396374825,0 -3.583243950975881,40.32480910346028,0 -3.58248714669442,40.32625581874459,0 -3.579519624016349,40.32794991181161,0 -3.57676301056065,40.33025135935697,0 -3.57528141232135,40.33186208322172,0 -3.572737679409566,40.33366020710698,0 -3.571882455469379,40.33461516666733,0 -3.569945429583728,40.33763224125487,0 -3.568245958958245,40.34090388920555,0 -3.566219764695346,40.34330861972118,0 -3.565359992838065,40.3443790500064,0 -3.562156569712144,40.34709439964678,0 -3.560741152807627,40.34917669551685,0 -3.558913706896789,40.35027003870696,0 -3.557690301944527,40.35266678347431,0 -3.556635557138934,40.35309870240319,0 -3.555121361074864,40.35405911347376,0 -3.555255128393873,40.35410495963539,0 -3.555425524563544,40.35416189122144,0 -3.555562235455504,40.35420375794992,0 -3.555653038656674,40.35423359349251,0 -3.555768639434842,40.35428601114076,0 -3.555870677664078,40.35433597218724,0 -3.556066901864269,40.35444043635071,0 -3.556166968283254,40.35449401028576,0 -3.556257121058368,40.35454492905933,0 -3.556414182188572,40.35464120243775,0 -3.55649998573199,40.35470736745708,0 -3.556561726911563,40.35475445865261,0 -3.55665677658549,40.35482796748799,0 -3.556747551616673,40.35489717151398,0 -3.556844731693297,40.35497192942037,0 -3.556929205162315,40.35503377611366,0 -3.557011424333528,40.35509356148992,0 -3.556961831369315,40.35512037739769,0 -3.556901581672915,40.35515445194067,0 -3.555199002911416,40.35613508817383,0 -3.555187520813497,40.35614225964115,0 -3.555070999428751,40.35620768589784,0 -3.554987759172517,40.35625313124867,0 -3.554251015689698,40.35665432389295,0 -3.554375107530594,40.35675800677625,0 -3.554803485818769,40.35706678546459,0 -3.555272701308664,40.3573385342747,0 -3.555775979842646,40.35757197263112,0 -3.556307822694011,40.35776484902421,0 -3.556851108205672,40.35793850535256,0 -3.557399462033933,40.35810262100392,0 -3.557949111786932,40.35826418630581,0 -3.558499569267922,40.35842412974061,0 -3.559050816993988,40.35858247750806,0 -3.559602630148302,40.35873967573798,0 -3.560156465937289,40.35889264523696,0 -3.560712863454565,40.35904008243838,0 -3.561270495898162,40.35918475595686,0 -3.5618307144827,40.35932345735147,0 -3.562392073925706,40.35945943331106,0 -3.562956339264491,40.35958811929039,0 -3.563521051500215,40.35971562373455,0 -3.564087808349713,40.35983780003183,0 -3.564655390311803,40.35995770010691,0 -3.565223566197763,40.36007599265716,0</coordinates>
        </LineString>
      </MultiGeometry>
    </Placemark>
    <Placemark id="ID_00018">
      <name>19</name>
      <snippet></snippet>
      <description><![CDATA[<html xmlns:fo="http://www.w3.org/1999/XSL/Format" xmlns:msxsl="urn:schemas-microsoft-com:xslt">
<head>
<META http-equiv="Content-Type" content="text/html">
<meta http-equiv="content-type" content="text/html; charset=UTF-8">
</head>
<body style="margin:0px 0px 0px 0px;overflow:auto;background:#FFFFFF;">
<table style="font-family:Arial,Verdana,Times;font-size:12px;text-align:left;width:100%;border-collapse:collapse;padding:3px 3px 3px 3px">
<tr style="text-align:center;font-weight:bold;background:#9CBCE2">
<td>19</td>
</tr>
<tr>
<td>
<table style="font-family:Arial,Verdana,Times;font-size:12px;text-align:left;width:100%;border-spacing:0px; padding:3px 3px 3px 3px">
<tr>
<td>FID</td>
<td>18</td>
</tr>
<tr bgcolor="#D4E4F3">
<td>COD_DIS</td>
<td>19</td>
</tr>
<tr>
<td>COD_DIS_TX</td>
<td>19</td>
</tr>
<tr bgcolor="#D4E4F3">
<td>NOMBRE</td>
<td>Vicálvaro</td>
</tr>
<tr>
<td>DISTRI_MAY</td>
<td>VICALVARO</td>
</tr>
<tr bgcolor="#D4E4F3">
<td>DISTRI_MT</td>
<td>VICÁLVARO</td>
</tr>
<tr>
<td>Area</td>
<td>34841929,9943</td>
</tr>
</table>
</td>
</tr>
</table>
</body><script type="text/javascript">
				function changeImage(attElement, nameElement) {
				document.getElementById('imageAttachment').src = attElement;
				document.getElementById('imageName').innerHTML = nameElement;}
			</script></html>
]]></description>
      <styleUrl>#LineStyle00</styleUrl>
      <MultiGeometry>
        <LineString>
          <extrude>0</extrude>
          <tessellate>1</tessellate><altitudeMode>clampToGround</altitudeMode>
          <coordinates> -3.577483004499463,40.42601309705487,0 -3.57765345053618,40.42604247906996,0 -3.5777188629055,40.42588688460545,0 -3.57781932054921,40.42568974713111,0 -3.577952530935444,40.42546782766595,0 -3.578112126013997,40.42525382300603,0 -3.578341455246709,40.42498717257973,0 -3.578682097347704,40.42460598638954,0 -3.579413596001956,40.42376692727655,0 -3.579748329596756,40.42331201656938,0 -3.580295635127661,40.42252936929096,0 -3.580732073211603,40.4219012845232,0 -3.581162457431547,40.42127554561964,0 -3.581598806250754,40.42063895786561,0 -3.581706483545616,40.42046301133225,0 -3.581918684985189,40.42009722471617,0 -3.582180580158846,40.41963227956663,0 -3.582552865249397,40.41895505629422,0 -3.582649376527769,40.41877452813252,0 -3.582728695455923,40.41859331356065,0 -3.582789936371447,40.4184260991666,0 -3.582840149539995,40.4182697584254,0 -3.582877299117811,40.4181227556585,0 -3.582900576319159,40.41800827620757,0 -3.582922462033831,40.41784976019854,0 -3.582938462291898,40.4177121361717,0 -3.582947299098203,40.41756450313867,0 -3.582966280332369,40.41706909653908,0 -3.582983232103864,40.41657292714914,0 -3.58299211537823,40.41643070290007,0 -3.583006950524517,40.41627531249858,0 -3.583027992118649,40.41613611794527,0 -3.583051313930482,40.41602704725225,0 -3.583088683166774,40.41590554255144,0 -3.583130121670584,40.41578710922846,0 -3.583196473129719,40.41562682287769,0 -3.583326763100491,40.41537812584606,0 -3.583462348253824,40.41513656595716,0 -3.583614068321049,40.41488039911856,0 -3.583780631525235,40.41460407048265,0 -3.584002912953521,40.41425858845565,0 -3.584184762582373,40.41401374801804,0 -3.584448533076344,40.41369101331294,0 -3.58502855093289,40.41303666836441,0 -3.586225596895729,40.41167038776751,0 -3.587085242954837,40.41069294755467,0 -3.588000214577416,40.40963678367824,0 -3.58817969825455,40.40938682898297,0 -3.588306279451882,40.40917761381044,0 -3.588420396332718,40.40891938672362,0 -3.588619152485107,40.40843222304931,0 -3.589506242642895,40.40874210457089,0 -3.591300890850102,40.40932187361464,0 -3.592330769621683,40.4096264066162,0 -3.593485257313703,40.40995483070955,0 -3.594884865068918,40.41032185923931,0 -3.595858005857198,40.41055917187859,0 -3.598181750538624,40.41106249980788,0 -3.59960862226906,40.41133117869484,0 -3.601931465252921,40.41172708086111,0 -3.603422045834161,40.41193710477523,0 -3.605844612175324,40.41226186301092,0 -3.606688371179914,40.41238320631597,0 -3.607311251778911,40.41248423072137,0 -3.60793831048549,40.4126036326378,0 -3.608493146043954,40.41272341036773,0 -3.610289722546234,40.41316130675889,0 -3.610801474750517,40.41794494386145,0 -3.613910936630118,40.41693355124746,0 -3.617447727536882,40.41553862717696,0 -3.617730195436085,40.41542883292933,0 -3.617954187832103,40.41534358404085,0 -3.618036921759337,40.415303953265,0 -3.618158461646817,40.41524159228441,0 -3.618226546706397,40.41519834597363,0 -3.618399048631233,40.41510202010846,0 -3.618578925448706,40.41500033827639,0 -3.618751288044219,40.41487617370177,0 -3.619003582306009,40.41467689756373,0 -3.619493376650964,40.41424634879871,0 -3.619684637546985,40.4140368557501,0 -3.619754240010095,40.41395369021591,0 -3.61981229446468,40.41388355960915,0 -3.619893590383003,40.41377744826071,0 -3.619976396713372,40.41366898639588,0 -3.620049192599217,40.41356129888083,0 -3.620090843460065,40.4135019759942,0 -3.62012540414049,40.41345350290791,0 -3.62019814910657,40.41334032003507,0 -3.620361624623705,40.41308331689014,0 -3.62393283878471,40.4062122242878,0 -3.623950583502797,40.40617838501456,0 -3.625273181923296,40.40365613824356,0 -3.625447678462443,40.40331203208831,0 -3.62566424568024,40.40286600614275,0 -3.625917586125144,40.40227483169259,0 -3.626107589205058,40.40176502646029,0 -3.626245964537225,40.40131876773802,0 -3.626408754171134,40.40074960969051,0 -3.626606683317986,40.39988033929204,0 -3.6267920874168,40.39902710945252,0 -3.626885058353122,40.39860070148085,0 -3.627070392324062,40.39794614805873,0 -3.627291596535129,40.39730883858877,0 -3.627488664925898,40.39682596380536,0 -3.627713053070841,40.39633411233333,0 -3.627977456743162,40.39580270845941,0 -3.629791855365516,40.39256219097944,0 -3.62746429638661,40.39205700401676,0 -3.62511705163694,40.39154519985748,0 -3.623021366719542,40.39108489880385,0 -3.621888685420236,40.39083856624325,0 -3.619388660146505,40.39028816303431,0 -3.618567711888667,40.39010895184182,0 -3.61573507627193,40.38948887353482,0 -3.612088313411228,40.38870353776127,0 -3.611454493319255,40.3885670434324,0 -3.610889524543485,40.38841872051459,0 -3.610300306868209,40.38824072066175,0 -3.609873307022204,40.38809854386901,0 -3.60917520163978,40.38781336618306,0 -3.608658390841573,40.38758283800866,0 -3.608585572710612,40.38754604965794,0 -3.608109346408563,40.38730545484365,0 -3.607612978423107,40.38702127417743,0 -3.607054286120452,40.38666222305957,0 -3.606480669101399,40.38625052882942,0 -3.606355878413146,40.38634035099291,0 -3.606158866191592,40.38643537149957,0 -3.605985507631719,40.38649358889727,0 -3.60586875685191,40.38651253871838,0 -3.605760692873381,40.38649705601529,0 -3.605652197748118,40.38643343434737,0 -3.605556516265161,40.38624914131385,0 -3.605260342322837,40.38597428764622,0 -3.604136559514932,40.38662799548669,0 -3.603910905215708,40.38666376648865,0 -3.6037414927427,40.38666464841254,0 -3.603481641277702,40.38665735334901,0 -3.603028561457811,40.38653015954552,0 -3.602869766033089,40.38645323613243,0 -3.60233648477219,40.38619681558286,0 -3.601709740507891,40.38557817084887,0 -3.601366734888161,40.38512210621753,0 -3.601057625677389,40.38464856773122,0 -3.600861228911706,40.38415723714798,0 -3.600825230311921,40.38392417710091,0 -3.601127751829994,40.38340449381522,0 -3.601155334582074,40.38312759104214,0 -3.601041903032009,40.38287781529592,0 -3.600834448272169,40.38266654469024,0 -3.600551976205994,40.38252458312184,0 -3.600138282270517,40.38239771473516,0 -3.5995753856374,40.38235756380995,0 -3.599500207960051,40.38232930364922,0 -3.597808669408215,40.37965773044667,0 -3.598595261713995,40.37916824052598,0 -3.598758005062974,40.37906059656055,0 -3.598917205544174,40.37894071559273,0 -3.599011431790959,40.37885180923441,0 -3.599093026384352,40.37875859160226,0 -3.599175579629469,40.37864435874869,0 -3.599255626604116,40.37850562587527,0 -3.599326484636761,40.37836343871695,0 -3.599415230815194,40.37817301038704,0 -3.599518314631377,40.37792122753529,0 -3.599676997481802,40.37761400417134,0 -3.599975817318284,40.3772325183572,0 -3.600158709164957,40.37705672187589,0 -3.600319007891536,40.37693755398244,0 -3.600511529838738,40.37681315540848,0 -3.600701208843008,40.37671173556328,0 -3.600214660903556,40.37582066829535,0 -3.600011629664121,40.37552538527821,0 -3.599778142641942,40.37523091841359,0 -3.599516685505207,40.37495571525353,0 -3.599240692383583,40.37471871257728,0 -3.599023256612183,40.37455634123301,0 -3.598830616816124,40.37442790372879,0 -3.598667135781978,40.37432315764002,0 -3.598403002512744,40.37416783865496,0 -3.597418849707164,40.37367631885038,0 -3.595656752300934,40.37282974535074,0 -3.592251099587862,40.3711901064622,0 -3.590752962984268,40.37047224265283,0 -3.589391227799222,40.36984150519886,0 -3.587723385225621,40.36900596206862,0 -3.585939895853541,40.36806917365276,0 -3.585593405458144,40.36789599253067,0 -3.585250972143477,40.36775467322028,0 -3.584893213608372,40.36761192767064,0 -3.58432206659642,40.36745766545813,0 -3.583801821873631,40.3673624435194,0 -3.583320722936221,40.36731149548249,0 -3.582514081382847,40.36726811273967,0 -3.581595161477147,40.36724011092188,0 -3.580109999667862,40.36717639243102,0 -3.579652313589892,40.36714310205704,0 -3.579295279347316,40.36709448298349,0 -3.578926466316772,40.36702813139144,0 -3.578553575110263,40.36693807971896,0 -3.578269834603599,40.3668475820082,0 -3.577952398249167,40.36672397848094,0 -3.577678619701098,40.36661036879222,0 -3.577411695036139,40.36647955097853,0 -3.577016628726242,40.36625490734333,0 -3.576751642690804,40.36609018947589,0 -3.576228289943966,40.36573872486105,0 -3.574139705758168,40.36433604732029,0 -3.570420789422213,40.36183122896677,0 -3.570171439753965,40.36167827747427,0 -3.569805567132983,40.36149624861795,0 -3.569346528486558,40.36129688687358,0 -3.568825529152431,40.36110375608673,0 -3.568090693848977,40.36083161713454,0 -3.567410473697357,40.36060071529619,0 -3.566695598999206,40.36039666350334,0 -3.566124749550644,40.36026602800677,0 -3.565223566197763,40.36007599265716,0 -3.565004526063025,40.36024503979289,0 -3.564589561075466,40.36056462505138,0 -3.564175477407705,40.36088486578457,0 -3.563763944024884,40.36120704848373,0 -3.563355797125241,40.36153173938288,0 -3.562950814812548,40.36185873869313,0 -3.562550956394357,40.36218940631034,0 -3.562155701208589,40.36252330426957,0 -3.561766384624518,40.36286125677619,0 -3.561383121810018,40.36320323089742,0 -3.561006098982662,40.36354923930309,0 -3.560634633461865,40.36389876193037,0 -3.560270613436177,40.36425281492779,0 -3.559914898518466,40.36461179871446,0 -3.559564792565176,40.3649739777324,0 -3.559221561209058,40.36533999817541,0 -3.558884364744791,40.36570929207993,0 -3.558555249998508,40.36608282530482,0 -3.558232135470449,40.36645941244956,0 -3.557917285128121,40.3668400678845,0 -3.557609778027441,40.36722422493578,0 -3.557305553201775,40.36760990139536,0 -3.557012816287815,40.36800075782919,0 -3.556726502808548,40.36839438262687,0 -3.556447219766967,40.36879095850343,0 -3.556173893372034,40.36918995372727,0 -3.555907713027592,40.36959175812472,0 -3.555644545110131,40.36999473121733,0 -3.55538619598644,40.37039952201882,0 -3.555131515886393,40.37080567481139,0 -3.554879604397797,40.37121283627567,0 -3.554627061374636,40.37161976866182,0 -3.554375493568424,40.37202705616492,0 -3.554124637513449,40.37243460095294,0 -3.553871845573977,40.3728414391188,0 -3.55361593273142,40.37324714118083,0 -3.553357176412624,40.37365178687352,0 -3.553093807419408,40.37405467201569,0 -3.552822721080178,40.37445456094769,0 -3.552545337058523,40.37485192431789,0 -3.552261037451069,40.37524640466647,0 -3.551965978233884,40.375636248191,0 -3.551663122816755,40.37602257492561,0 -3.551352202845971,40.37640513473411,0 -3.551032993656092,40.37678368988043,0 -3.550704630194672,40.37715762368612,0 -3.550369580236802,40.37752808380678,0 -3.550025867838389,40.37789386965481,0 -3.549675876319431,40.37825616984374,0 -3.548209498633681,40.37967670219382,0 -3.548065589653452,40.37981885848942,0 -3.547695309599104,40.38016913596176,0 -3.547323284319367,40.38051836732569,0 -3.546950369520069,40.38086704311915,0 -3.546577956481227,40.38121603424817,0 -3.546204522493288,40.3815643884362,0 -3.545830857315863,40.38191259834938,0 -3.545458503801195,40.38226162969524,0 -3.545085570999936,40.38261030129219,0 -3.544712247143236,40.38295872666416,0 -3.544338436326418,40.38330684679845,0 -3.543966771966576,40.38365631148887,0 -3.543593422395239,40.38400472612067,0 -3.543220351994496,40.38435331840444,0 -3.542848131473019,40.3847024424256,0 -3.542475255861558,40.38505115749106,0 -3.542102371676663,40.38539986867764,0 -3.541729096452238,40.38574833633216,0 -3.541354561029894,40.38609601316075,0 -3.540977281552973,40.38644194932296,0 -3.540598885070003,40.38678717593913,0 -3.540210876062944,40.38712598936363,0 -3.539813391512944,40.38745843300615,0 -3.539408439174606,40.38778555777957,0 -3.538998163012156,40.38810879777697,0 -3.538576430451578,40.38842327242889,0 -3.538147729064058,40.3887322076183,0 -3.537711361834178,40.38903477496687,0 -3.537266965276139,40.38933045264705,0 -3.536816695827397,40.38962090445291,0 -3.536361861270851,40.38990715939966,0 -3.535902768484116,40.39018943042909,0 -3.535443385755634,40.39047142889573,0 -3.534983755816267,40.39075319423861,0 -3.53452591336992,40.39103664590385,0 -3.534076006219233,40.39132740874632,0 -3.5336339315214,40.39162514729169,0 -3.53286081298824,40.39169005746389,0 -3.532084602376794,40.39142397500883,0 -3.529151058520741,40.38938492466068,0 -3.526890645441939,40.38979467781238,0 -3.52434247486661,40.39084272588842,0 -3.522589475146369,40.39186515630473,0 -3.520406789527058,40.39210217687047,0 -3.520317393480177,40.39377746996592,0 -3.519618491745629,40.39773591586782,0 -3.519597864556362,40.3978527406519,0 -3.519497428430412,40.39784263503751,0 -3.519495124430782,40.39786743488809,0 -3.519492884639436,40.39790043545354,0 -3.519485710006335,40.39794051323235,0 -3.519474808812518,40.39798251498321,0 -3.519460268976212,40.39803788099342,0 -3.519444444625572,40.39808848604557,0 -3.519423699475487,40.39814769438799,0 -3.519399204556456,40.39820596550373,0 -3.519375956285275,40.39826423191516,0 -3.51933425208101,40.39835499783357,0 -3.519303661597617,40.39843141274547,0 -3.519263196566832,40.39852122080676,0 -3.519223926842165,40.39860434862782,0 -3.519184657021832,40.39868747643494,0 -3.519124582902124,40.3988221847537,0 -3.519054648607064,40.39897219334445,0 -3.51902031508642,40.3990486249764,0 -3.518923435151645,40.3992626362947,0 -3.518821572755994,40.39947762394672,0 -3.518765090978671,40.39959324634162,0 -3.518712366132619,40.39971075908406,0 -3.518669573259879,40.39982250736034,0 -3.518648797641645,40.39987790122392,0 -3.518613340876943,40.39997054696926,0 -3.518559543164851,40.40011094850915,0 -3.518507314973408,40.40029329394198,0 -3.518469728894935,40.40043362183457,0 -3.518424814728811,40.40059400623276,0 -3.518382371864365,40.40075151823454,0 -3.518340060434293,40.40092619199601,0 -3.518283018423448,40.4011314438422,0 -3.518233399188799,40.40132903346592,0 -3.518203572755865,40.40147837522754,0 -3.518179949588855,40.40161850798828,0 -3.518157779987618,40.40174888816552,0 -3.518149921786433,40.40184413351879,0 -3.518131476984004,40.4019591256415,0 -3.518125715447275,40.40204779665208,0 -3.518126420230614,40.40213972070664,0 -3.518129410524219,40.40224969238904,0 -3.518136973028485,40.40239575842054,0 -3.518139938177717,40.40250244638806,0 -3.518142827826242,40.40259928592771,0 -3.518152322335698,40.40271743665863,0 -3.518157448378752,40.40282575729787,0 -3.518173296074024,40.40293238662502,0 -3.518182653410025,40.40303248099402,0 -3.518202708451264,40.4031276021351,0 -3.518253278395468,40.4032816826866,0 -3.518300735579281,40.40340878946443,0 -3.518360415443795,40.4035253701335,0 -3.518427927773202,40.40365517706598,0 -3.518499567865889,40.40375663268707,0 -3.518606156418518,40.40393508465689,0 -3.518701681165572,40.40407090728714,0 -3.518780002921821,40.40420352229773,0 -3.518845454837005,40.40433783736356,0 -3.518902203856912,40.40445741650223,0 -3.518941560524013,40.40454916794697,0 -3.518987636070606,40.40467700314294,0 -3.5190294679489,40.40481142410776,0 -3.519062724020635,40.40494752501225,0 -3.519124878027907,40.40521153814853,0 -3.519154067186054,40.40537720445447,0 -3.519172494271649,40.40553963705257,0 -3.519210776924497,40.40577092629952,0 -3.519233801351551,40.40597273506702,0 -3.519260981531119,40.40615646820282,0 -3.519279812800495,40.4063714292567,0 -3.519285243758792,40.40651914523585,0 -3.519288286667433,40.40663568240358,0 -3.519299931024534,40.40675382329848,0 -3.519300889849827,40.4068785780193,0 -3.5193017855971,40.40699512482279,0 -3.519296328019372,40.40712319127467,0 -3.519292967181561,40.40724468246938,0 -3.519288290588627,40.4074745221902,0 -3.519258440099917,40.40778162894563,0 -3.519236470717179,40.40799677317017,0 -3.519207871398007,40.40818732166473,0 -3.51918966763958,40.40833350407362,0 -3.519171438566052,40.40847640186995,0 -3.519153070673915,40.40860124333385,0 -3.519147498019506,40.4087145362295,0 -3.519156554957458,40.4087752331476,0 -3.519167745397361,40.40883427992663,0 -3.519181021226903,40.40888510824382,0 -3.519202911402873,40.40893918169574,0 -3.519224713306345,40.40898176442651,0 -3.519270516121235,40.40907348673502,0 -3.519320410560125,40.40913892550381,0 -3.519389822270028,40.40922889936153,0 -3.519439730738627,40.4092959794724,0 -3.519517845520931,40.40940068818077,0 -3.519706615898695,40.40965264070035,0 -3.519830346171057,40.40982444935526,0 -3.519913011113768,40.40993033193492,0 -3.519778699673366,40.40998255616093,0 -3.520212420375215,40.41054161139058,0 -3.520303928612365,40.41069263633371,0 -3.520375367824261,40.41083536585319,0 -3.520585074030676,40.41141846564921,0 -3.520642288324691,40.41155731304395,0 -3.52070197747683,40.41168233740999,0 -3.520756947851265,40.41178123948855,0 -3.52078663522484,40.41183189817805,0 -3.520827289176272,40.411892276027,0 -3.520898042087723,40.41198787627663,0 -3.521106893528311,40.41228507689927,0 -3.521492888405671,40.41281825000017,0 -3.521692592939073,40.41310690419781,0 -3.521860144973977,40.41332664392487,0 -3.521965136502423,40.41346047401001,0 -3.522109825352395,40.41364783877789,0 -3.52224523095875,40.41381937216207,0 -3.522383130394743,40.41393454942523,0 -3.522438746428662,40.41399338969671,0 -3.522490272093487,40.41403829423641,0 -3.522564493664964,40.41409061877245,0 -3.52263770211403,40.41413918744323,0 -3.522835517302333,40.4142646780928,0 -3.523181192212136,40.4144827832062,0 -3.52360750753261,40.41475543974637,0 -3.523863681151656,40.41490677627426,0 -3.524019379175678,40.4150055914774,0 -3.524214223634794,40.41512808416706,0 -3.524374540276588,40.41524020149433,0 -3.524442818780647,40.41528728594733,0 -3.524496344291308,40.41533594180427,0 -3.524542003613505,40.4153853864836,0 -3.524576748402083,40.41542359587471,0 -3.524625465496488,40.41548656731382,0 -3.524688183027416,40.41557806195097,0 -3.524826957547779,40.41583095428059,0 -3.524899886845176,40.41596979747569,0 -3.524937847732442,40.41604184471807,0 -3.524980765827433,40.41611838389447,0 -3.525022558331672,40.41617687304363,0 -3.5250613410834,40.41622785235249,0 -3.525137710867509,40.41630273503046,0 -3.525184272422866,40.41634164281884,0 -3.525255452488922,40.41638194326763,0 -3.525298945804582,40.41640581886408,0 -3.52535429022718,40.41643490640914,0 -3.525393810616923,40.41645428646692,0 -3.525447186764863,40.41648338291132,0 -3.525517671841266,40.41651703494345,0 -3.525644045842249,40.4165783637413,0 -3.52583064119432,40.41668997935249,0 -3.526053340846002,40.41679584565887,0 -3.526353522065651,40.41694299163447,0 -3.526554051621462,40.41706076791247,0 -3.527020027641755,40.41730654523994,0 -3.527613154428441,40.41764744315707,0 -3.528040402701044,40.41792361134254,0 -3.528707625391095,40.41837185529359,0 -3.529290913778669,40.41877671347627,0 -3.529896147610376,40.4191906906991,0 -3.530416103426299,40.41955253480533,0 -3.53119034669289,40.42008422887699,0 -3.530226444462931,40.41471470032861,0 -3.530407598179332,40.41470746666522,0 -3.530507660930049,40.41469169392759,0 -3.530732381632633,40.414640213489,0 -3.530920480957954,40.41457809347436,0 -3.531133117227217,40.41448792774557,0 -3.531338724927796,40.41440410029097,0 -3.53149740718418,40.41434841638187,0 -3.531576183125298,40.41432372967634,0 -3.531654959050902,40.41429904832266,0 -3.531864335450067,40.41424493351256,0 -3.532038445451469,40.41420764743329,0 -3.532348073067991,40.41415712267882,0 -3.532550617096603,40.4141327734981,0 -3.532802698227031,40.41411359484604,0 -3.5329982993935,40.4141063878464,0 -3.533277644880041,40.41410690788092,0 -3.53340855626112,40.4141171158158,0 -3.533708159997164,40.41414546503232,0 -3.533991312092203,40.41418020032437,0 -3.534293414913276,40.41422655646866,0 -3.534583789037625,40.41428017512796,0 -3.534842349249628,40.41433483663212,0 -3.535167179138926,40.41441452350292,0 -3.535629526878868,40.41315093739419,0 -3.535630414168431,40.41315076030907,0 -3.53578156031102,40.41312057504159,0 -3.535931999970809,40.41306672505966,0 -3.536016409582978,40.41300957737641,0 -3.536124046519913,40.41290907737633,0 -3.536158997875822,40.41285756346621,0 -3.536209940463952,40.41274110990281,0 -3.536224561313004,40.41265275296642,0 -3.536212932937904,40.41251777767875,0 -3.53631915545167,40.41254240416509,0 -3.536471407554838,40.41256872962116,0 -3.53665187424267,40.41258591212546,0 -3.536804012000932,40.41259781951829,0 -3.53688060693685,40.41259566296197,0 -3.537193988970669,40.41257889821338,0 -3.537281118307757,40.4125676833522,0 -3.53742108443861,40.41253099738091,0 -3.537572670182081,40.41247353539734,0 -3.537778034076047,40.41235996850814,0 -3.537850467758646,40.41227945063689,0 -3.537876080908766,40.41223969146791,0 -3.537895565600481,40.41217023078986,0 -3.53786729374232,40.41187576398992,0 -3.537873949157938,40.41182348027376,0 -3.53790394644373,40.41174225885975,0 -3.537982129861833,40.41164369595743,0 -3.53829042356324,40.41142706079562,0 -3.53850486343742,40.41142325051172,0 -3.538700685980865,40.4114448619528,0 -3.539012517272608,40.41152990229237,0 -3.539085681866029,40.41154127391268,0 -3.539357284485627,40.41160667636257,0 -3.539514228283546,40.41163027049992,0 -3.539624884208203,40.41161354223777,0 -3.539665961368377,40.4115917286877,0 -3.539682189013611,40.41155741838021,0 -3.539712500682823,40.41151583505167,0 -3.539734504776224,40.41146708321902,0 -3.539761238670642,40.41142011112091,0 -3.53976922229861,40.41138674019538,0 -3.539736816122621,40.41116526770934,0 -3.53973159082496,40.41110132211149,0 -3.539727566290773,40.41089232985663,0 -3.539730489560091,40.41066798879564,0 -3.539768012143177,40.41049225425552,0 -3.539922047676561,40.41054733470635,0 -3.540002886337537,40.41057551332214,0 -3.540013877356483,40.41057942599208,0 -3.540152374889053,40.41061138748571,0 -3.540194055056387,40.41062101267752,0 -3.540264170161498,40.41063036174656,0 -3.540267598812148,40.41063081870323,0 -3.540275581733379,40.41063188771843,0 -3.540429661123664,40.41065243181311,0 -3.540482470563735,40.4106536264209,0 -3.540555437052754,40.410655352,0 -3.540609537738251,40.41065663150483,0 -3.540789461120335,40.41066578750301,0 -3.540933432853624,40.41067511322613,0 -3.540960219144815,40.41067913118862,0 -3.540998214935177,40.41068489941642,0 -3.541093794260745,40.41069931176538,0 -3.54127379204624,40.41071846765946,0 -3.5413191533698,40.41073149776793,0 -3.541382116292554,40.41074958062855,0 -3.541427826781768,40.41076279014217,0 -3.541486352382259,40.41078602440495,0 -3.541543223028869,40.41080864025709,0 -3.54165743802425,40.41085413993071,0 -3.541959012827972,40.41094019696413,0 -3.542068370876266,40.41096860351508,0 -3.542206669046507,40.4110044346857,0 -3.542285084464191,40.41102478695287,0 -3.542470438417229,40.4110495924907,0 -3.542695460396515,40.41111294345283,0 -3.54317927940634,40.41124796024869,0 -3.543289515077239,40.41125991901835,0 -3.543330977173581,40.41126445306156,0 -3.543451482868684,40.41130126905924,0 -3.543482909698644,40.41131085026341,0 -3.543516510927163,40.41131484731039,0 -3.543657029264883,40.41133156161752,0 -3.543687683484197,40.41133285893211,0 -3.54376655739152,40.41133627093708,0 -3.543836707504334,40.41133927436768,0 -3.543999526401954,40.41134706075707,0 -3.544017445176687,40.41134769717588,0 -3.544142056048868,40.41135197480848,0 -3.544218561627069,40.41135458683227,0 -3.54436378384881,40.41135723566288,0 -3.544401328757456,40.41135786700637,0 -3.544486801696195,40.41137487190262,0 -3.544544343061837,40.41138737040599,0 -3.54482814074996,40.41146052966268,0 -3.544855775717397,40.41146259045117,0 -3.544949564741535,40.4114389238979,0 -3.544949834094909,40.41143885596108,0 -3.544973077433781,40.41142687512419,0 -3.545123473069926,40.41147294407359,0 -3.549283625695875,40.41232401300831,0 -3.549594411913323,40.41214794082813,0 -3.5500977576625,40.41201221977267,0 -3.550488487151866,40.41194189732618,0 -3.551036302508264,40.41191226774446,0 -3.551247259381535,40.41191036485629,0 -3.551404097558599,40.41192042970825,0 -3.551797379747545,40.41187441521596,0 -3.552173085928086,40.41184109515358,0 -3.552452082760034,40.4118001260132,0 -3.55311264144142,40.41172130234806,0 -3.553402661355113,40.41168803050587,0 -3.554172433505851,40.41189192115445,0 -3.55464683878462,40.41196532904092,0 -3.555087668848085,40.41196862616267,0 -3.555505379390218,40.41202698723938,0 -3.555904647435232,40.41213588638676,0 -3.556472949120723,40.41230433434385,0 -3.556917266256356,40.41244454497359,0 -3.557194026021006,40.41256123604818,0 -3.557524269075076,40.41273172311029,0 -3.557840028532289,40.41286083638971,0 -3.558372625948794,40.4129862026977,0 -3.558715154213979,40.41307374338992,0 -3.559153021307091,40.41314550838738,0 -3.559594120285516,40.41318031791866,0 -3.560185108888305,40.41323962779404,0 -3.560475020185185,40.41323552368068,0 -3.560861800396297,40.41325797894849,0 -3.561259113334676,40.41327137270522,0 -3.56167784214467,40.41330898469714,0 -3.562046966721697,40.41333422539394,0 -3.562485807441488,40.41338074577651,0 -3.563036795510434,40.41344834383568,0 -3.563587238326224,40.41345017468839,0 -3.56369148728669,40.41351363280324,0 -3.564125383809338,40.41353224379333,0 -3.564544986812465,40.41353290477374,0 -3.564787606409684,40.41352533062598,0 -3.567961176762506,40.4130287463297,0 -3.568406002370196,40.41294557138244,0 -3.568650374650837,40.41285247977989,0 -3.568860765799892,40.41278297938081,0 -3.569154251343033,40.41264369962107,0 -3.569540615463325,40.41247693708152,0 -3.569832950084098,40.4123412649009,0 -3.570264088899255,40.41217337835437,0 -3.570570790656435,40.41206466070636,0 -3.570916438640996,40.41196205810508,0 -3.571085104502008,40.41197654329337,0 -3.571326824075575,40.41198886635724,0 -3.571673041083765,40.41195382683858,0 -3.572005320865897,40.41194317886961,0 -3.572310379010765,40.41191915106178,0 -3.572617642525958,40.41187709425385,0 -3.572900492851422,40.41176803089029,0 -3.577640345584544,40.41366255950832,0 -3.578187058452964,40.41484101568479,0 -3.578055733827299,40.41499005099928,0 -3.579531749393284,40.41733816404012,0 -3.579140645730844,40.41786006731812,0 -3.578791693786905,40.4183083027321,0 -3.578625098264797,40.41863382008009,0 -3.578428014339113,40.41901949194862,0 -3.578309768135956,40.41925161488272,0 -3.577648747771653,40.42024681479776,0 -3.577310866524417,40.42098634007522,0 -3.577171326705142,40.42121045994109,0 -3.576969727681094,40.42162137802291,0 -3.576841017703645,40.4219820236361,0 -3.576782081111082,40.4222862810012,0 -3.576716411898168,40.42260282694291,0 -3.576610107455745,40.42299254805871,0 -3.576447043197565,40.42349966995666,0 -3.576363776583099,40.42368837371238,0 -3.576278291525389,40.42389330478255,0 -3.576147247484968,40.42414711179366,0 -3.576012376453975,40.42436670325979,0 -3.575798397094247,40.42471011188981,0 -3.57525405487232,40.42557408564384,0 -3.577483004499463,40.42601309705487,0</coordinates>
        </LineString>
      </MultiGeometry>
    </Placemark>
    <Placemark id="ID_00019">
      <name>20</name>
      <snippet></snippet>
      <description><![CDATA[<html xmlns:fo="http://www.w3.org/1999/XSL/Format" xmlns:msxsl="urn:schemas-microsoft-com:xslt">
<head>
<META http-equiv="Content-Type" content="text/html">
<meta http-equiv="content-type" content="text/html; charset=UTF-8">
</head>
<body style="margin:0px 0px 0px 0px;overflow:auto;background:#FFFFFF;">
<table style="font-family:Arial,Verdana,Times;font-size:12px;text-align:left;width:100%;border-collapse:collapse;padding:3px 3px 3px 3px">
<tr style="text-align:center;font-weight:bold;background:#9CBCE2">
<td>20</td>
</tr>
<tr>
<td>
<table style="font-family:Arial,Verdana,Times;font-size:12px;text-align:left;width:100%;border-spacing:0px; padding:3px 3px 3px 3px">
<tr>
<td>FID</td>
<td>19</td>
</tr>
<tr bgcolor="#D4E4F3">
<td>COD_DIS</td>
<td>20</td>
</tr>
<tr>
<td>COD_DIS_TX</td>
<td>20</td>
</tr>
<tr bgcolor="#D4E4F3">
<td>NOMBRE</td>
<td>San Blas - Canillejas</td>
</tr>
<tr>
<td>DISTRI_MAY</td>
<td>SAN BLAS - CANILLEJAS</td>
</tr>
<tr bgcolor="#D4E4F3">
<td>DISTRI_MT</td>
<td>SAN BLAS - CANILLEJAS</td>
</tr>
<tr>
<td>Area</td>
<td>22289894,9679</td>
</tr>
</table>
</td>
</tr>
</table>
</body><script type="text/javascript">
				function changeImage(attElement, nameElement) {
				document.getElementById('imageAttachment').src = attElement;
				document.getElementById('imageName').innerHTML = nameElement;}
			</script></html>
]]></description>
      <styleUrl>#LineStyle00</styleUrl>
      <MultiGeometry>
        <LineString>
          <extrude>0</extrude>
          <tessellate>1</tessellate><altitudeMode>clampToGround</altitudeMode>
          <coordinates> -3.53134254138197,40.44708284631189,0 -3.531683719753632,40.44699554666312,0 -3.531692896164688,40.446993256701,0 -3.533090954677506,40.44664430857939,0 -3.533657480787073,40.44657287366493,0 -3.533954995932583,40.44655762950489,0 -3.534194503659504,40.44655859865567,0 -3.534421014546801,40.4465712490608,0 -3.53470807656897,40.44660596228463,0 -3.535023300476675,40.44666766167626,0 -3.535324689943185,40.44673942430951,0 -3.536453441406349,40.44705078746934,0 -3.537041351185289,40.44719221137816,0 -3.537618900997178,40.44730575244402,0 -3.539683389619779,40.44755670474589,0 -3.542721478984086,40.44789568154808,0 -3.547319059434272,40.44842596717882,0 -3.550934696410944,40.44882109846336,0 -3.553459781209192,40.44911475084756,0 -3.555616938568289,40.44933479610805,0 -3.557027989318387,40.44942831820888,0 -3.558307295814993,40.44949423234132,0 -3.561764267436749,40.44957162153221,0 -3.564999907786658,40.44964822535063,0 -3.565693054706363,40.44966462374968,0 -3.570567801302445,40.44975484161242,0 -3.573733424706524,40.44979692118829,0 -3.57513318586201,40.44982636818592,0 -3.577143441267162,40.44987242663559,0 -3.579887522233797,40.44993079560177,0 -3.581378410076085,40.44991531781446,0 -3.582283021497604,40.44990141419899,0 -3.583419578596585,40.44989905475043,0 -3.587448349670821,40.44994414960929,0 -3.593247197442613,40.45004867324017,0 -3.593250259474997,40.4500482070745,0 -3.593290012148912,40.45004944539905,0 -3.595590800670629,40.45011809331719,0 -3.597093364825644,40.45016288338606,0 -3.599596672746877,40.45016842683549,0 -3.601023326166469,40.45012409905603,0 -3.603391919620429,40.44988755404945,0 -3.604741831125218,40.44974204748083,0 -3.605456158346331,40.44968092984264,0 -3.605845365021183,40.44965979604141,0 -3.606365361258497,40.44965284253114,0 -3.607757285766222,40.44967028056723,0 -3.60907811018863,40.44968681252154,0 -3.614788703694439,40.44970926716611,0 -3.616673073146127,40.44969745251623,0 -3.619937995323831,40.44968354401009,0 -3.622311542189627,40.44967352289092,0 -3.626287735371498,40.44952570185158,0 -3.627665493322653,40.44948959848282,0 -3.628411788303553,40.44947005735611,0 -3.629442020981041,40.44943491431668,0 -3.630681033562821,40.44939267816056,0 -3.631961029853129,40.44925651093715,0 -3.633493209040451,40.44901574956195,0 -3.634388340173796,40.44887133693609,0 -3.635101098243571,40.44875328437822,0 -3.635733802412286,40.44866489025399,0 -3.636090413224064,40.4486210248761,0 -3.636654476477082,40.44857987639716,0 -3.637307435692998,40.44857628466893,0 -3.637993955931636,40.44861055359588,0 -3.639831902098118,40.4488714222672,0 -3.642754439255267,40.44933675324355,0 -3.643835266859273,40.44951676638708,0 -3.64507673584511,40.44971278478236,0 -3.646057323005872,40.44982569321076,0 -3.646693489512224,40.44980100445032,0 -3.647277619935633,40.44968633331023,0 -3.647825341654092,40.44953381101691,0 -3.64782792898911,40.44953307579625,0 -3.648116432955386,40.44945281265303,0 -3.647442394284624,40.44857036365006,0 -3.646473579875837,40.44768946664665,0 -3.644905075304724,40.4469109112277,0 -3.643122372281467,40.44607343338061,0 -3.640471570843807,40.4447858664253,0 -3.640224908889705,40.44462659837735,0 -3.640013184241696,40.44445830843512,0 -3.639718988023656,40.44421020325636,0 -3.63944785343818,40.44394413189047,0 -3.639165163718471,40.44367803367177,0 -3.638987789629387,40.44343820043703,0 -3.638358725158668,40.44259193690884,0 -3.637522712803101,40.44141806928615,0 -3.637315389574205,40.44112722816876,0 -3.636589989323805,40.44012589886432,0 -3.635467650211531,40.43857719218289,0 -3.63802938718397,40.43788679946502,0 -3.636571436204578,40.4358685984816,0 -3.635689945769911,40.43464811853797,0 -3.63517106290593,40.43395835051306,0 -3.634858071556496,40.43352258731676,0 -3.634443417625884,40.43294476632154,0 -3.633919587419002,40.43222745101269,0 -3.63383813651341,40.43211600353844,0 -3.633703614428472,40.43192727999436,0 -3.633072473311299,40.43104189780701,0 -3.632362947390854,40.43006802062857,0 -3.632106896312465,40.42971644388039,0 -3.632023537463972,40.42960203341526,0 -3.631645320009232,40.42908274256719,0 -3.631273967270529,40.42856584538186,0 -3.630701836387615,40.4277691376637,0 -3.630065942879406,40.4268838542829,0 -3.629521073994414,40.42617582108694,0 -3.629401851341574,40.42599439640733,0 -3.628408992859643,40.42448310911374,0 -3.627414746701757,40.42324938933001,0 -3.626599595948822,40.42211748618912,0 -3.626165044658833,40.42151424447625,0 -3.625402717981509,40.42045583056866,0 -3.624569001867184,40.41932293086324,0 -3.62445916509528,40.41915946824061,0 -3.624300025951787,40.41895419761624,0 -3.624172516246096,40.41876596422239,0 -3.624113080642378,40.41867358092133,0 -3.623848719844291,40.41822968516772,0 -3.622824721802494,40.41686914701187,0 -3.622319951637088,40.41614662709073,0 -3.622100661768686,40.41584618003323,0 -3.621886960348243,40.41552507261554,0 -3.621620132563101,40.41515596001357,0 -3.621360210597176,40.41478140511232,0 -3.620361624623705,40.41308331689014,0 -3.62019814910657,40.41334032003507,0 -3.62012540414049,40.41345350290791,0 -3.620090843460065,40.4135019759942,0 -3.620049192599217,40.41356129888083,0 -3.619976396713372,40.41366898639588,0 -3.619893590383003,40.41377744826071,0 -3.61981229446468,40.41388355960915,0 -3.619754240010095,40.41395369021591,0 -3.619684637546985,40.4140368557501,0 -3.619493376650964,40.41424634879871,0 -3.619003582306009,40.41467689756373,0 -3.618751288044219,40.41487617370177,0 -3.618578925448706,40.41500033827639,0 -3.618399048631233,40.41510202010846,0 -3.618226546706397,40.41519834597363,0 -3.618158461646817,40.41524159228441,0 -3.618036921759337,40.415303953265,0 -3.617954187832103,40.41534358404085,0 -3.617730195436085,40.41542883292933,0 -3.617447727536882,40.41553862717696,0 -3.613910936630118,40.41693355124746,0 -3.610801474750517,40.41794494386145,0 -3.610289722546234,40.41316130675889,0 -3.608493146043954,40.41272341036773,0 -3.60793831048549,40.4126036326378,0 -3.607311251778911,40.41248423072137,0 -3.606688371179914,40.41238320631597,0 -3.605844612175324,40.41226186301092,0 -3.603422045834161,40.41193710477523,0 -3.601931465252921,40.41172708086111,0 -3.59960862226906,40.41133117869484,0 -3.598181750538624,40.41106249980788,0 -3.595858005857198,40.41055917187859,0 -3.594884865068918,40.41032185923931,0 -3.593485257313703,40.40995483070955,0 -3.592330769621683,40.4096264066162,0 -3.591300890850102,40.40932187361464,0 -3.589506242642895,40.40874210457089,0 -3.588619152485107,40.40843222304931,0 -3.588420396332718,40.40891938672362,0 -3.588306279451882,40.40917761381044,0 -3.58817969825455,40.40938682898297,0 -3.588000214577416,40.40963678367824,0 -3.587085242954837,40.41069294755467,0 -3.586225596895729,40.41167038776751,0 -3.58502855093289,40.41303666836441,0 -3.584448533076344,40.41369101331294,0 -3.584184762582373,40.41401374801804,0 -3.584002912953521,40.41425858845565,0 -3.583780631525235,40.41460407048265,0 -3.583614068321049,40.41488039911856,0 -3.583462348253824,40.41513656595716,0 -3.583326763100491,40.41537812584606,0 -3.583196473129719,40.41562682287769,0 -3.583130121670584,40.41578710922846,0 -3.583088683166774,40.41590554255144,0 -3.583051313930482,40.41602704725225,0 -3.583027992118649,40.41613611794527,0 -3.583006950524517,40.41627531249858,0 -3.58299211537823,40.41643070290007,0 -3.582983232103864,40.41657292714914,0 -3.582966280332369,40.41706909653908,0 -3.582947299098203,40.41756450313867,0 -3.582938462291898,40.4177121361717,0 -3.582922462033831,40.41784976019854,0 -3.582900576319159,40.41800827620757,0 -3.582877299117811,40.4181227556585,0 -3.582840149539995,40.4182697584254,0 -3.582789936371447,40.4184260991666,0 -3.582728695455923,40.41859331356065,0 -3.582649376527769,40.41877452813252,0 -3.582552865249397,40.41895505629422,0 -3.582180580158846,40.41963227956663,0 -3.581918684985189,40.42009722471617,0 -3.581706483545616,40.42046301133225,0 -3.581598806250754,40.42063895786561,0 -3.581162457431547,40.42127554561964,0 -3.580732073211603,40.4219012845232,0 -3.580295635127661,40.42252936929096,0 -3.579748329596756,40.42331201656938,0 -3.579413596001956,40.42376692727655,0 -3.578682097347704,40.42460598638954,0 -3.578341455246709,40.42498717257973,0 -3.578112126013997,40.42525382300603,0 -3.577952530935444,40.42546782766595,0 -3.57781932054921,40.42568974713111,0 -3.5777188629055,40.42588688460545,0 -3.57765345053618,40.42604247906996,0 -3.577483004499463,40.42601309705487,0 -3.577292438469645,40.42655765117017,0 -3.577198060010052,40.42682568976801,0 -3.576932188335344,40.42758107445577,0 -3.576769924086647,40.42804494803993,0 -3.576525665525741,40.42870923231889,0 -3.576496794635772,40.4288212715164,0 -3.576326106429484,40.42968032372188,0 -3.576974859346539,40.42983529588524,0 -3.57710931150295,40.43023787022746,0 -3.577264951058841,40.43051637666886,0 -3.577858885428467,40.43131432450998,0 -3.579136833503383,40.43315624889706,0 -3.579124257504144,40.43362420693119,0 -3.575109172730305,40.43410165348305,0 -3.575180384469307,40.4346474900801,0 -3.575256648630019,40.43501918622259,0 -3.575354707557359,40.43531960232654,0 -3.575438250967276,40.43557684714447,0 -3.575536096450229,40.43585203788626,0 -3.575693428878929,40.4361899983576,0 -3.575945726519567,40.43674278734815,0 -3.573802108038961,40.43767209233958,0 -3.56854810574504,40.43621095518756,0 -3.567623794310909,40.43671717791899,0 -3.567170045874668,40.43702030089101,0 -3.566782650912355,40.4372221972287,0 -3.566322237937653,40.43743435813845,0 -3.566194073092626,40.43747642574051,0 -3.565793129418048,40.43760991543962,0 -3.565494285637966,40.43768614825322,0 -3.565227199260878,40.43775321687951,0 -3.56477097366411,40.43790318869721,0 -3.564123805423132,40.43806129516211,0 -3.563984492279798,40.43803945046886,0 -3.56342295196699,40.43800344068926,0 -3.562864741302652,40.43794218843296,0 -3.562285817206259,40.4379422939618,0 -3.561667986479661,40.43794258472519,0 -3.561071505458649,40.43795808575707,0 -3.560616998540653,40.43803235683659,0 -3.560279119367775,40.43809435098965,0 -3.559993242655765,40.43817140765024,0 -3.559505422476996,40.43835214251133,0 -3.559104132935641,40.43844597088057,0 -3.558745330419167,40.43868734092218,0 -3.558364625543466,40.43884683419046,0 -3.557481428132033,40.43926820297183,0 -3.556350159432829,40.43977814508214,0 -3.55529190772442,40.44027961725742,0 -3.554922976292838,40.44043904172442,0 -3.554112447043731,40.4408122897335,0 -3.55315511431109,40.44125830516342,0 -3.552299023835007,40.44154166707736,0 -3.551771984411323,40.44169012317925,0 -3.551018739396965,40.44186217431805,0 -3.550421876883077,40.44198032539861,0 -3.550056678970293,40.44202169804675,0 -3.549728649091262,40.44205447294668,0 -3.545210008405914,40.44261621688363,0 -3.541355028674923,40.44362654501708,0 -3.540828735391813,40.44463391603686,0 -3.537974538592254,40.44431173075153,0 -3.538409450058975,40.4450108042607,0 -3.535584997286571,40.44470793505799,0 -3.53499100504242,40.44495689462632,0 -3.535495732544631,40.446478451866,0 -3.535148955815473,40.44636356179402,0 -3.534838596932042,40.44633526378068,0 -3.534450220093069,40.44628300034042,0 -3.534054882881983,40.44624518131828,0 -3.533834420130161,40.44625160233607,0 -3.533621180809019,40.44627690767986,0 -3.533356137148802,40.44631236250589,0 -3.533157091443744,40.4463430069325,0 -3.532846412748103,40.44642371536997,0 -3.531284674459763,40.44681646983263,0 -3.531148445531815,40.4468729537157,0 -3.53134254138197,40.44708284631189,0</coordinates>
        </LineString>
      </MultiGeometry>
    </Placemark>
    <Placemark id="ID_00020">
      <name>21</name>
      <snippet></snippet>
      <description><![CDATA[<html xmlns:fo="http://www.w3.org/1999/XSL/Format" xmlns:msxsl="urn:schemas-microsoft-com:xslt">
<head>
<META http-equiv="Content-Type" content="text/html">
<meta http-equiv="content-type" content="text/html; charset=UTF-8">
</head>
<body style="margin:0px 0px 0px 0px;overflow:auto;background:#FFFFFF;">
<table style="font-family:Arial,Verdana,Times;font-size:12px;text-align:left;width:100%;border-collapse:collapse;padding:3px 3px 3px 3px">
<tr style="text-align:center;font-weight:bold;background:#9CBCE2">
<td>21</td>
</tr>
<tr>
<td>
<table style="font-family:Arial,Verdana,Times;font-size:12px;text-align:left;width:100%;border-spacing:0px; padding:3px 3px 3px 3px">
<tr>
<td>FID</td>
<td>20</td>
</tr>
<tr bgcolor="#D4E4F3">
<td>COD_DIS</td>
<td>21</td>
</tr>
<tr>
<td>COD_DIS_TX</td>
<td>21</td>
</tr>
<tr bgcolor="#D4E4F3">
<td>NOMBRE</td>
<td>Barajas</td>
</tr>
<tr>
<td>DISTRI_MAY</td>
<td>BARAJAS</td>
</tr>
<tr bgcolor="#D4E4F3">
<td>DISTRI_MT</td>
<td>BARAJAS</td>
</tr>
<tr>
<td>Area</td>
<td>41716342,8509</td>
</tr>
</table>
</td>
</tr>
</table>
</body><script type="text/javascript">
				function changeImage(attElement, nameElement) {
				document.getElementById('imageAttachment').src = attElement;
				document.getElementById('imageName').innerHTML = nameElement;}
			</script></html>
]]></description>
      <styleUrl>#LineStyle00</styleUrl>
      <MultiGeometry>
        <LineString>
          <extrude>0</extrude>
          <tessellate>1</tessellate><altitudeMode>clampToGround</altitudeMode>
          <coordinates> -3.531342542561158,40.44708284630646,0 -3.53154913749878,40.44730625321663,0 -3.531810865349216,40.44759784781324,0 -3.531966998857486,40.44780794549764,0 -3.532156884136707,40.44811067981247,0 -3.532320608123278,40.44838560624445,0 -3.532561109407577,40.44882594687718,0 -3.532792805524735,40.44919605704977,0 -3.532970094655416,40.44954569589937,0 -3.533080638830964,40.44980555008564,0 -3.533209298509863,40.45011937481986,0 -3.53332921444793,40.45037107827807,0 -3.533446396416496,40.45057504542022,0 -3.533545326253964,40.45070792439113,0 -3.533894016182778,40.45110722378433,0 -3.53417743689339,40.45145457041613,0 -3.534365663702267,40.45169424529749,0 -3.53444084860939,40.45180651245343,0 -3.534492412615758,40.45191438335993,0 -3.534538251737648,40.4520439023964,0 -3.534562728410499,40.45215640303712,0 -3.53456837239853,40.45227349527951,0 -3.534552852418378,40.45239879352032,0 -3.534519344488891,40.45248633519192,0 -3.534383995209716,40.45266984344941,0 -3.534226344540497,40.45286696816145,0 -3.534000991658199,40.45315269214625,0 -3.533556530627842,40.45361960697307,0 -3.533163541329928,40.45403403028829,0 -3.532953922949939,40.45422238297942,0 -3.532822628538123,40.45432298668562,0 -3.532659526566984,40.45442824133024,0 -3.532556180517429,40.45448367078815,0 -3.532397597106247,40.45456367895783,0 -3.532278898147065,40.45461647706917,0 -3.532156602999575,40.45466208438951,0 -3.532063685318361,40.45469404191746,0 -3.53195777962071,40.45472425823598,0 -3.531867092542304,40.45473998908555,0 -3.531778677667505,40.45474489947512,0 -3.53153570874928,40.45474240975123,0 -3.531338733437881,40.454739709014,0 -3.531230200247999,40.45473570062484,0 -3.531152286909527,40.4547261478243,0 -3.53106959956082,40.45470940967952,0 -3.531008155411559,40.45469437569864,0 -3.530913503556452,40.45465606982737,0 -3.530834199522427,40.45461949610608,0 -3.530533441546993,40.45446681701409,0 -3.530476635902314,40.45444185242676,0 -3.530400968299698,40.45441787436218,0 -3.530242621083269,40.45437805747623,0 -3.530119810476851,40.45435789817763,0 -3.530019476546098,40.45434664382259,0 -3.529895548086713,40.45433459844041,0 -3.529804712448244,40.45433141028799,0 -3.529434393048531,40.45433129886107,0 -3.529088937035905,40.45434368689491,0 -3.528773085032042,40.4543712538353,0 -3.528444315551825,40.4544060861917,0 -3.528238166594147,40.45443675462332,0 -3.528068570469971,40.45446635750961,0 -3.527916720379303,40.4545030854279,0 -3.527786103749608,40.45454061710361,0 -3.52762140646164,40.45459361864793,0 -3.527472041283252,40.45464655089735,0 -3.527333344944753,40.45470664241022,0 -3.527193490142874,40.45476943994756,0 -3.52709245544796,40.45481944946632,0 -3.526870573936176,40.45495018834841,0 -3.526783752808664,40.45500824093984,0 -3.526734523522388,40.45504720411054,0 -3.526685364515353,40.45509517507037,0 -3.52661758114491,40.4551747633684,0 -3.526547578413707,40.45527237889674,0 -3.526489399320619,40.455373545043,0 -3.526465068054051,40.45542951095111,0 -3.526451329691162,40.45548272680252,0 -3.526447174850318,40.45555481887171,0 -3.526456202494802,40.45565387799468,0 -3.526469729546398,40.45572498772776,0 -3.526490325655297,40.45579516525937,0 -3.526561319276498,40.45597592519457,0 -3.526634410546333,40.45612334211318,0 -3.526726437420062,40.45627878082552,0 -3.526919628177576,40.45655177934515,0 -3.527024416889488,40.45668013344711,0 -3.527167100418557,40.45682813449925,0 -3.527409371151519,40.45704234874375,0 -3.527561293922659,40.45716508186346,0 -3.52775244655853,40.45732727630127,0 -3.528150042949901,40.45764618892902,0 -3.528653314038619,40.45805470898481,0 -3.529027359513084,40.45837732985613,0 -3.529056265481314,40.45845377517866,0 -3.529173707924537,40.45884153018771,0 -3.529289832116287,40.45921127303676,0 -3.52940150043783,40.45961436863796,0 -3.529505197153958,40.46005353851181,0 -3.529562361262336,40.46042445107645,0 -3.52955421882272,40.46073980505649,0 -3.529511688838449,40.46103189309477,0 -3.529445753625664,40.46134751176466,0 -3.529336601478736,40.46171738242035,0 -3.529224736925864,40.46204221936952,0 -3.529069449056432,40.46254563263906,0 -3.528961832839792,40.46296144183653,0 -3.528831205949059,40.46330077772912,0 -3.528689559854655,40.4635888133576,0 -3.528524096939335,40.46384812794752,0 -3.528260472141354,40.46422500726822,0 -3.52803744363762,40.46451431306264,0 -3.527792136718628,40.46482083727444,0 -3.527663504430825,40.46496376610595,0 -3.527465630812943,40.4651520549597,0 -3.527148263161763,40.46544539126933,0 -3.526891748889563,40.46567718892143,0 -3.526615027426772,40.465889259132,0 -3.526458010581382,40.46602330600411,0 -3.526335066861467,40.46614008128558,0 -3.526117485612581,40.46637350171313,0 -3.525905935220075,40.46662401321267,0 -3.525625736378504,40.46699645638897,0 -3.52544086236756,40.46718918712125,0 -3.525295839162536,40.46734930490953,0 -3.525189502917588,40.46747861609538,0 -3.525123171520525,40.46759513282444,0 -3.525073389873331,40.46771607974138,0 -3.525030846728257,40.46785771538371,0 -3.524963864771645,40.468194055754,0 -3.524928564456506,40.46850863236643,0 -3.524911679854245,40.46876456585233,0 -3.524916164289968,40.46888616802925,0 -3.524928562051463,40.46896358921466,0 -3.524948094589984,40.46904818610335,0 -3.524971017406382,40.4691138477675,0 -3.525004563478914,40.46918036297652,0 -3.525053473378608,40.46925041288981,0 -3.525108223954449,40.46931322813856,0 -3.525205714401276,40.46941098520208,0 -3.525369527333611,40.46954267588147,0 -3.525589019022682,40.46970474468736,0 -3.525794175208019,40.46984345486022,0 -3.526020564870078,40.46998206893485,0 -3.526301371457828,40.47014025551242,0 -3.52663883513724,40.47030268687182,0 -3.526823484520697,40.47038292917958,0 -3.526951213176416,40.47042469197384,0 -3.527122577727722,40.47046535383225,0 -3.527351736993923,40.4705048526651,0 -3.527643457630458,40.47054947177292,0 -3.528145394603523,40.47062466401297,0 -3.528535229238608,40.47069496043112,0 -3.52884956060823,40.4707646983143,0 -3.529192275035477,40.47084331530246,0 -3.529591738740226,40.47093788838073,0 -3.530021965429509,40.47104402981952,0 -3.530438038152865,40.4711502364103,0 -3.530840154301586,40.47128173351534,0 -3.531172898385549,40.47129191746128,0 -3.531712194388524,40.47131647206577,0 -3.53243568945223,40.47136270100649,0 -3.532654067412754,40.47138061736137,0 -3.532878528696161,40.4714219277686,0 -3.533086568259482,40.47147502608581,0 -3.533254579583207,40.47153821771107,0 -3.533440405494036,40.47161664308285,0 -3.533548235551379,40.47167740840777,0 -3.533708303103951,40.47178027475482,0 -3.533870944438115,40.47191015780221,0 -3.533948339424033,40.47200079213261,0 -3.534011600526531,40.47209419531249,0 -3.534123876083787,40.47226935389341,0 -3.534181532222358,40.47239971978759,0 -3.534257503080501,40.47260838021827,0 -3.534307337881831,40.4727937362056,0 -3.534345169465293,40.47295302245249,0 -3.534358727424454,40.4731754830158,0 -3.534405879891826,40.47376715998636,0 -3.534419625236504,40.47431124274642,0 -3.534467643482055,40.47501192535641,0 -3.534485434767108,40.47561995316576,0 -3.534546606901399,40.47649174568678,0 -3.534576156805476,40.47694566511922,0 -3.534627428630558,40.47731209678192,0 -3.534634792775861,40.47734809869829,0 -3.534654703308364,40.47747863792426,0 -3.534722965479724,40.47775580187034,0 -3.534755931942442,40.47789619146056,0 -3.534787132388759,40.47811136295711,0 -3.534800349899506,40.47829058167341,0 -3.534792941247049,40.4783978229755,0 -3.534772433944088,40.47848981049418,0 -3.53475075398811,40.47858270343177,0 -3.534744124688982,40.47863949075928,0 -3.534743674039739,40.47873138547276,0 -3.534761011280793,40.47883490867508,0 -3.534772142478835,40.47889972282066,0 -3.534793912857679,40.47896719043436,0 -3.534894619102678,40.47916942944459,0 -3.53492584914309,40.47923955504746,0 -3.53493337813262,40.47929627685071,0 -3.534926684576531,40.47934495728722,0 -3.534900322485346,40.47944237640507,0 -3.534856689418167,40.47959392938937,0 -3.534842046074026,40.47968138436901,0 -3.534844863158404,40.47973902887717,0 -3.534882956310675,40.47993074590567,0 -3.535030593419199,40.4803976327797,0 -3.535108249542218,40.48066844747273,0 -3.535370394435746,40.48129156184555,0 -3.535577100522894,40.4817671850606,0 -3.535807326829004,40.48223278894057,0 -3.535862228184887,40.48231181529732,0 -3.536014659618763,40.48248948910638,0 -3.536828826793281,40.48353617430853,0 -3.537074891425111,40.48391431388141,0 -3.537208039835674,40.48418847268911,0 -3.537256138358717,40.48430176320831,0 -3.537282819149065,40.48439263081393,0 -3.537303922883854,40.48452406476405,0 -3.537308574706524,40.48466368327757,0 -3.537299140216321,40.48481237625697,0 -3.537241786122574,40.48516669588982,0 -3.537161943469626,40.48551211191563,0 -3.537110227389422,40.48568532471347,0 -3.537017773421618,40.48592899683197,0 -3.536935601402077,40.48613027889037,0 -3.536920699811651,40.48618530290189,0 -3.53690837448497,40.48626734188484,0 -3.536920760716158,40.48634115888501,0 -3.536932931595064,40.48638794904117,0 -3.536947470610062,40.48643562999248,0 -3.536985650266671,40.48648860649243,0 -3.537035663487299,40.48654603248335,0 -3.537135491452487,40.48663566017654,0 -3.53725782963378,40.48673689481701,0 -3.537396607515686,40.48682814390889,0 -3.537549552748574,40.48692022693599,0 -3.538177522980447,40.48724704391414,0 -3.538659596558309,40.48747723695965,0 -3.539391753527739,40.48784680564914,0 -3.539462836096034,40.48788251069058,0 -3.539870446221533,40.48809592913675,0 -3.540009029420646,40.48816194993202,0 -3.540146302984911,40.48821176142317,0 -3.540479875047424,40.48831471148929,0 -3.540770819488563,40.48839893940023,0 -3.540825267730501,40.48842030706701,0 -3.540878595135081,40.48844888713454,0 -3.540915468923287,40.48848565226453,0 -3.540948823528629,40.48852513564627,0 -3.54098943969145,40.48858710926954,0 -3.541018227835527,40.48864553285514,0 -3.541043583631545,40.48871748686585,0 -3.54105833470215,40.4887912923119,0 -3.541091188025294,40.48906231046911,0 -3.541119126545591,40.4893090264822,0 -3.54116441533261,40.48965926624521,0 -3.541217890369328,40.49014730493111,0 -3.54123405678826,40.4905445267481,0 -3.541220346803685,40.49104188804239,0 -3.541225055441565,40.49133465938363,0 -3.541244137328313,40.49150664228011,0 -3.541261414494873,40.49160115646726,0 -3.541308316321878,40.49171084715025,0 -3.541363462439173,40.49181869830058,0 -3.541467248249215,40.49195875384354,0 -3.54160936471669,40.49216980233195,0 -3.541672938138915,40.49229833266039,0 -3.541718964254003,40.49244586584065,0 -3.541754269286257,40.49258083579705,0 -3.541792346265175,40.49276714477135,0 -3.541799382614946,40.49290855350392,0 -3.541800938123511,40.49310223994703,0 -3.54177664966964,40.4933104609881,0 -3.54171952252708,40.49369090904162,0 -3.541702728084406,40.49380359986115,0 -3.541704674857657,40.4938990857944,0 -3.541723025839122,40.49398008228774,0 -3.541778174509024,40.49408793228078,0 -3.541862729426556,40.49418393271684,0 -3.54197441881614,40.49427890584687,0 -3.542109707634023,40.49437376907087,0 -3.542252085353296,40.49446949886914,0 -3.542477361017132,40.49460177886585,0 -3.54272044674304,40.49474748733147,0 -3.542990776911591,40.49490568073123,0 -3.543318286165149,40.49513027193894,0 -3.543651754746555,40.49536204134457,0 -3.543970964519745,40.49558126433993,0 -3.544050368885044,40.49562323449922,0 -3.544164096294856,40.49567765464524,0 -3.544328680827364,40.49574625129729,0 -3.544496668620217,40.4957977146475,0 -3.544646948788277,40.4958483603093,0 -3.54523240295679,40.49601047186794,0 -3.54554601900761,40.49612070840831,0 -3.54590722371965,40.49627846591352,0 -3.546500779770746,40.49656575913199,0 -3.546856082677278,40.49672264066324,0 -3.547230003486487,40.49684700337842,0 -3.547518596419796,40.49692672075079,0 -3.547926626398426,40.49703650436238,0 -3.549720147125048,40.49758566784578,0 -3.550237404998988,40.49777510519912,0 -3.550625837469774,40.49794082719959,0 -3.551093898490517,40.49817463808612,0 -3.551793759479758,40.49861274927665,0 -3.552001454889219,40.49875590434142,0 -3.552408299513609,40.49900711925381,0 -3.552758644127333,40.49927571818896,0 -3.552841820434418,40.49934469109157,0 -3.552945366916243,40.49945140408768,0 -3.553032356476766,40.49955369174324,0 -3.553168344770808,40.4997305200399,0 -3.553228177747135,40.4998311348343,0 -3.553278549011865,40.4999290931087,0 -3.553305035747973,40.49999292988322,0 -3.5533209471357,40.50006222446034,0 -3.553338370566532,40.5001720502913,0 -3.553378110302838,40.50055654508366,0 -3.553403792635808,40.50095371968872,0 -3.553435881450979,40.50112473704521,0 -3.553471220900929,40.50126060480189,0 -3.55351298690573,40.50146040533144,0 -3.553550836249828,40.50161427803877,0 -3.55358526266546,40.50178258235121,0 -3.553605506474963,40.50194825100334,0 -3.553597933045612,40.50203207144049,0 -3.553580792503907,40.50210062068458,0 -3.55355889550099,40.50216469003489,0 -3.553405533282347,40.50246001636874,0 -3.555212714093174,40.50315443819907,0 -3.554946538595765,40.5054588633655,0 -3.555128749804673,40.50856690367851,0 -3.554258967579333,40.51133628624503,0 -3.558383306676114,40.511256215202,0 -3.561667983221032,40.51068664818656,0 -3.56175452638292,40.51115685796284,0 -3.564995769369429,40.51205623151457,0 -3.567286712829664,40.51216368604383,0 -3.572048380176247,40.51240468764726,0 -3.575879628194495,40.51041382099204,0 -3.577950868897945,40.51037062228869,0 -3.582904248200601,40.50845697911191,0 -3.58471605777104,40.506720285813,0 -3.586830053507529,40.50537914908993,0 -3.589119979168282,40.50451536594305,0 -3.5932310354206,40.50153178024966,0 -3.593268104863665,40.50140651789432,0 -3.593560031025642,40.50144685100545,0 -3.593700625080345,40.50146414849179,0 -3.59373366867112,40.50146397962996,0 -3.593787930734104,40.50146099905401,0 -3.593818590227435,40.5014581388339,0 -3.593844521262727,40.5014544020093,0 -3.593888122439066,40.50144697169674,0 -3.593961147334631,40.50143038120076,0 -3.594062407823322,40.50140373567896,0 -3.59409888842774,40.50139183561682,0 -3.594114166506948,40.50138455172095,0 -3.594129420722874,40.50137456346096,0 -3.594141150452245,40.5013663951078,0 -3.594152848385437,40.50135462333962,0 -3.594184363220967,40.50131482195791,0 -3.594201858426225,40.50129130875121,0 -3.594220541692964,40.50126869032726,0 -3.594233427669009,40.50125781333635,0 -3.594246329547962,40.50124873895174,0 -3.594253378493793,40.50124509912774,0 -3.594265147934625,40.50124143502931,0 -3.594283990167338,40.50123683366418,0 -3.594304020471538,40.50123312708052,0 -3.594322886558877,40.50123122917028,0 -3.594502233568517,40.50122670491444,0 -3.594539973664097,40.50122380807797,0 -3.594594187768199,40.50121542200448,0 -3.594648385948653,40.50120523419886,0 -3.594702576156774,40.50119414551454,0 -3.59477206019593,40.50117757182682,0 -3.594789738166164,40.50117477815999,0 -3.594818045211439,40.50117283247859,0 -3.59483929536803,40.5011736230943,0 -3.594848744306634,40.50117447535227,0 -3.594864101816531,40.50117619808986,0 -3.594873558721667,40.50117795209999,0 -3.594890120230122,40.50118237131944,0 -3.594939836611587,40.50119923327765,0 -3.595010858915983,40.50122319267251,0 -3.59510317923507,40.50125334951179,0 -3.595188361958049,40.50127723497585,0 -3.595239210838489,40.50128868650714,0 -3.595316038392191,40.50130180417995,0 -3.595407027483006,40.50131484974087,0 -3.595481431118785,40.50132077263762,0 -3.595578249201512,40.50132568178101,0 -3.595660865936519,40.50132615776973,0 -3.595712775511259,40.50132408931001,0 -3.595737542198777,40.50132215985137,0 -3.595763473078039,40.50131842349808,0 -3.595797648879997,40.50131284194278,0 -3.595849478721414,40.50130176398905,0 -3.595901300581776,40.50128978605986,0 -3.596009592976132,40.50125769720749,0 -3.596188517207895,40.50120542511793,0 -3.596212071818706,40.5011998991344,0 -3.596240354884604,40.50119524874374,0 -3.596278078927443,40.50119054963399,0 -3.596318187149665,40.50118854179326,0 -3.596536485902834,40.50118471517668,0 -3.596707611653951,40.5011847344071,0 -3.596747751790075,40.50118632982961,0 -3.596929674322679,40.50120611265262,0 -3.596975739047869,40.50121038007607,0 -3.597031228788098,40.50121279700138,0 -3.597256640258541,40.50121253585528,0 -3.597305065244972,40.50121679004827,0 -3.597464540522916,40.50123398626505,0 -3.597554285843769,40.50123982941098,0 -3.597596778281289,40.50124051148106,0 -3.597715930751649,40.50123539169926,0 -3.597746613951945,40.50123523299748,0 -3.597795007003075,40.50123588447414,0 -3.597857585525466,40.50123916522755,0 -3.597902462197932,40.50124253663247,0 -3.598005236926887,40.50125371828271,0 -3.598099742815095,40.50126404084167,0 -3.598184806561839,40.50127441219803,0 -3.598293530024799,40.50129096816496,0 -3.598339634909491,40.50129973930753,0 -3.598378667057458,40.50130944704693,0 -3.598411798602478,40.50131918622846,0 -3.598469800839786,40.50133870644245,0 -3.598485198505375,40.50134493296154,0 -3.598507716956421,40.50135562707129,0 -3.598623904589301,40.50141538699096,0 -3.598638114151993,40.5014207187497,0 -3.598652307699834,40.50142424880126,0 -3.598668861501654,40.50142776662408,0 -3.598684211159972,40.50142858890094,0 -3.598721983209884,40.50142929411004,0 -3.598792774772834,40.50142712644053,0 -3.598860009929556,40.50142317536876,0 -3.598912079695554,40.50143912162455,0 -3.599012958232266,40.50150256496705,0 -3.599097210953532,40.50155438098567,0 -3.59922039322583,40.5016041942051,0 -3.599298538314005,40.50163261849686,0 -3.599318680702243,40.50164152388209,0 -3.599332913239827,40.50164955811825,0 -3.59935309571953,40.50166296685934,0 -3.599386339834677,40.50168531769422,0 -3.599394648860271,40.50169067996305,0 -3.599405318148789,40.50169602998916,0 -3.599419519812774,40.50170046079816,0 -3.599433705440475,40.50170308990036,0 -3.599445522796121,40.50170483129208,0 -3.599464420930194,40.50170653505196,0 -3.599479762632799,40.50170645546922,0 -3.599491555922607,40.50170549339781,0 -3.599509241846617,40.5017035998622,0 -3.599530460149871,40.50170078800524,0 -3.599551670422636,40.50169707439104,0 -3.599577585181918,40.5016915354776,0 -3.599610548626599,40.50168235550873,0 -3.599631734823825,40.50167593932236,0 -3.599651732864717,40.50166862840327,0 -3.599736365272435,40.50163035166978,0 -3.599817850397873,40.50163623682389,0 -3.600015934247149,40.50174782299872,0 -3.600034896631653,40.50175673438532,0 -3.600058587568089,40.50176652120948,0 -3.600088195235398,40.50177807999427,0 -3.600104757224989,40.50178249846243,0 -3.600123679481221,40.5017869046714,0 -3.600140225418158,40.50178952142964,0 -3.600166220451859,40.50179299090835,0 -3.600189831127712,40.50179376918136,0 -3.60020989337751,40.50179366498509,0 -3.600233479980659,40.50179174249373,0 -3.600261754966645,40.50178618936628,0 -3.60028648152915,40.5017797546707,0 -3.600380635085902,40.50175043785137,0 -3.60061251841128,40.50168166948249,0 -3.600637244893042,40.50167523381141,0 -3.600683181583864,40.50166508611535,0 -3.600723242892669,40.50165767072388,0 -3.600749181647206,40.50165483410542,0 -3.600786913651601,40.50165103437691,0 -3.600817605077673,40.50165177751245,0 -3.600854220062904,40.50165518982121,0 -3.600880215079467,40.50165865913949,0 -3.600902669700965,40.50166214596016,0 -3.600934589481663,40.50166828624028,0 -3.600966517315689,40.50167532826465,0 -3.601007918350483,40.50168592368936,0 -3.6010434026727,40.50169474898456,0 -3.601075330522266,40.50170179007781,0 -3.601104890083716,40.50170794348768,0 -3.601133261469888,40.50171320127554,0 -3.601160444695454,40.50171756524402,0 -3.601193520528147,40.50172099675648,0 -3.601218319353817,40.50172266863151,0 -3.601243118204772,40.50172434320378,0 -3.601266728866289,40.50172512125685,0 -3.601289143309577,40.50172410374098,0 -3.601308009323431,40.50172220469094,0 -3.601324498977781,40.50171851531395,0 -3.60134215267179,40.5017130180893,0 -3.601363314575076,40.50170389903001,0 -3.601391492900663,40.50168753720214,0 -3.601429023740574,40.50166121595893,0 -3.601475874889809,40.50162133278329,0 -3.601585810283592,40.50150905148638,0 -3.601615120286939,40.50148727564532,0 -3.601645643804309,40.50146910065905,0 -3.601664453386057,40.50146089468507,0 -3.601682106984395,40.50145539740894,0 -3.601708013412329,40.50144895626639,0 -3.601736304244409,40.50144520628583,0 -3.601774068273043,40.50144500964483,0 -3.601817773193212,40.50144928742505,0 -3.601885145053441,40.50146064908125,0 -3.601900959944331,40.50146466217725,0 -3.601921476828079,40.50039128944873,0 -3.601925386788699,40.49936154504794,0 -3.601916533730354,40.49870244000555,0 -3.601901882267069,40.49819893697489,0 -3.601887179694375,40.49781143606523,0 -3.601868282164755,40.49737390146203,0 -3.601843213666795,40.49687490207815,0 -3.601820111290517,40.49638590315075,0 -3.601797288054207,40.49592836738079,0 -3.601784418429016,40.49522178496144,0 -3.601776010911478,40.49495727909642,0 -3.601764875123893,40.49460691229675,0 -3.601773494163252,40.49399904242873,0 -3.601776895928248,40.49368081228641,0 -3.601776054163593,40.49352952931901,0 -3.601775149283157,40.49336655755908,0 -3.601785349978964,40.49287987048252,0 -3.601825230563814,40.4917522082921,0 -3.601837213069244,40.49132857539656,0 -3.601838715822167,40.49127779309092,0 -3.601850162447831,40.49089087445176,0 -3.601856843318373,40.49059050263602,0 -3.601862483267202,40.49038309786324,0 -3.601866085721076,40.49015711100512,0 -3.601865876849945,40.4899239944769,0 -3.601861556422336,40.48982131124119,0 -3.601866023356874,40.48973091911031,0 -3.60186260606561,40.48955788741154,0 -3.601860395760847,40.48931047865759,0 -3.60184959196906,40.48894011891353,0 -3.601814286704549,40.48792344690225,0 -3.601769696275081,40.48737306211614,0 -3.601739922996944,40.48666110903277,0 -3.601735559120354,40.48617248913364,0 -3.601721343024552,40.48545449456607,0 -3.601711525332224,40.48501785586672,0 -3.604463283134421,40.48501242463513,0 -3.611542546377777,40.48497657917785,0 -3.614888050528817,40.48495948806576,0 -3.615541016750815,40.48495614109142,0 -3.615542552593147,40.48495455003685,0 -3.616471806626012,40.48399145155604,0 -3.616612089298287,40.48386770922777,0 -3.616748756439882,40.4837582868515,0 -3.616888076336019,40.48363168807581,0 -3.61763846404504,40.48283977255426,0 -3.618200119526279,40.48226850394882,0 -3.625833206767527,40.48222524704432,0 -3.625653402595406,40.48157008770507,0 -3.625744136617327,40.47722186099014,0 -3.625747268493674,40.4770660338602,0 -3.62576131229789,40.47696489157033,0 -3.625882183254067,40.47657012156661,0 -3.625787000581178,40.4764894661088,0 -3.625716132327623,40.47642072574131,0 -3.625685650077081,40.47633150372558,0 -3.62571289979126,40.47624077818578,0 -3.625782464566409,40.47616889373587,0 -3.62590630353228,40.47608601988865,0 -3.625805518965671,40.47554019476512,0 -3.625804651473572,40.47544676197989,0 -3.625801969762011,40.47534115167481,0 -3.625797850986732,40.47525229503152,0 -3.625777148760683,40.47517422362952,0 -3.625718870852567,40.47508300705353,0 -3.625633265198808,40.47500719417275,0 -3.625490090153378,40.47491643789225,0 -3.625369494058956,40.47483700066645,0 -3.625343820969749,40.47473246067715,0 -3.625343458311855,40.47469337089041,0 -3.625318056397341,40.47464678957479,0 -3.625265178692852,40.47459940374419,0 -3.625225058254494,40.47458150462885,0 -3.625155745867413,40.47456245349179,0 -3.625111977171274,40.47453329032673,0 -3.624895322358463,40.47378886093005,0 -3.624831361775579,40.47362330639235,0 -3.624739476676476,40.47340832274371,0 -3.624699103217463,40.47336277535273,0 -3.624613589252526,40.47329649539376,0 -3.624581099079103,40.47324641528327,0 -3.624591260491365,40.47316412641597,0 -3.62457176215499,40.4730808050346,0 -3.624522755214206,40.4730131349361,0 -3.624448935084421,40.47296228710823,0 -3.624366016141679,40.47294009009083,0 -3.624272819772221,40.47289979362914,0 -3.624122923347854,40.47252962237545,0 -3.62398917225127,40.47219958523227,0 -3.623849511826071,40.47181697096345,0 -3.624068079690313,40.4715527179935,0 -3.624132902178564,40.47147478082937,0 -3.624211918123594,40.47137900937302,0 -3.624280859115828,40.47127375717213,0 -3.62436692114133,40.47113027472122,0 -3.624430637650976,40.4710002606336,0 -3.624496673284698,40.47085116556643,0 -3.624547904581214,40.47072121886588,0 -3.624586722850641,40.47059896712359,0 -3.624623946349271,40.47047877803233,0 -3.624649253495243,40.47034119662081,0 -3.624668221325926,40.47023240073044,0 -3.624674987197495,40.47015418060431,0 -3.624681435031678,40.47004163977059,0 -3.624685280848788,40.46991766978627,0 -3.624681793065915,40.4698109015486,0 -3.62467572335617,40.46969461305517,0 -3.624651873371371,40.46954600272177,0 -3.624628290867541,40.46942599536045,0 -3.624591975508734,40.46927936047375,0 -3.624550315622624,40.46915553366871,0 -3.624502241115307,40.4690262262034,0 -3.624419685118057,40.46870493162744,0 -3.627971314891707,40.46848211866141,0 -3.627686047665613,40.46813124566871,0 -3.623424423442519,40.46266890920719,0 -3.622751191238127,40.46184612599244,0 -3.622173908844244,40.46121520042706,0 -3.621513961564919,40.46058414702897,0 -3.620926647312233,40.46014170934161,0 -3.620251140499166,40.45974019140204,0 -3.617390576384774,40.45814861848451,0 -3.613896565770122,40.45615375352877,0 -3.612337457145989,40.45528677547918,0 -3.608976414394086,40.45421953003532,0 -3.607715021490764,40.45388353859511,0 -3.606627630910573,40.45349905453807,0 -3.606184310084883,40.45327497735561,0 -3.605707899103984,40.45297710693978,0 -3.605434578617412,40.45275889449965,0 -3.605413580708984,40.45277558646903,0 -3.605399837008617,40.45276838096645,0 -3.60525826195063,40.4526541393783,0 -3.605181230012525,40.45258899309576,0 -3.605078926619631,40.45248941505601,0 -3.604971880083975,40.45238271219181,0 -3.604885252617358,40.45229139518428,0 -3.604776486262395,40.45216682274053,0 -3.604677069426828,40.45204101029226,0 -3.604593349501019,40.45192584179281,0 -3.604530877605883,40.45183134321056,0 -3.604488316916572,40.45176522157889,0 -3.605301770170928,40.45123685540242,0 -3.606232628703267,40.45062416863225,0 -3.606861274010111,40.4502139083646,0 -3.606978842469269,40.45014257840094,0 -3.60702581682005,40.4501140055792,0 -3.607757285766222,40.44967028056723,0 -3.606365361258497,40.44965284253114,0 -3.605845365021183,40.44965979604141,0 -3.605456158346331,40.44968092984264,0 -3.604741831125218,40.44974204748083,0 -3.603391919620429,40.44988755404945,0 -3.601023326166469,40.45012409905603,0 -3.599596672746877,40.45016842683549,0 -3.597093364825644,40.45016288338606,0 -3.595590800670629,40.45011809331719,0 -3.593290012148912,40.45004944539905,0 -3.593250259474997,40.4500482070745,0 -3.593247197442613,40.45004867324017,0 -3.587448349670821,40.44994414960929,0 -3.583419578596585,40.44989905475043,0 -3.582283021497604,40.44990141419899,0 -3.581378410076085,40.44991531781446,0 -3.579887522233797,40.44993079560177,0 -3.577143441267162,40.44987242663559,0 -3.57513318586201,40.44982636818592,0 -3.573733424706524,40.44979692118829,0 -3.570567801302445,40.44975484161242,0 -3.565693054706363,40.44966462374968,0 -3.564999907786658,40.44964822535063,0 -3.561764267436749,40.44957162153221,0 -3.558307295814993,40.44949423234132,0 -3.557027989318387,40.44942831820888,0 -3.555616938568289,40.44933479610805,0 -3.553459781209192,40.44911475084756,0 -3.550934696410944,40.44882109846336,0 -3.547319059434272,40.44842596717882,0 -3.542721478984086,40.44789568154808,0 -3.539683389619779,40.44755670474589,0 -3.537618900997178,40.44730575244402,0 -3.537041351185289,40.44719221137816,0 -3.536453441406349,40.44705078746934,0 -3.535324689943185,40.44673942430951,0 -3.535023300476675,40.44666766167626,0 -3.53470807656897,40.44660596228463,0 -3.534421014546801,40.4465712490608,0 -3.534194503659504,40.44655859865567,0 -3.533954995932583,40.44655762950489,0 -3.533657480787073,40.44657287366493,0 -3.533090954677506,40.44664430857939,0 -3.531692896164688,40.446993256701,0 -3.531683719753632,40.44699554666312,0 -3.531342542561158,40.44708284630646,0</coordinates>
        </LineString>
      </MultiGeometry>
    </Placemark>
  </Folder>
  <Style id="LineStyle00">
    <LabelStyle>
      <color>00000000</color>
      <scale>0.000000</scale>
    </LabelStyle>
    <LineStyle>
      <color>ffe65c00</color>
      <width>1.500000</width>
    </LineStyle>
    <PolyStyle>
      <color>00000000</color>
      <outline>0</outline>
    </PolyStyle>
  </Style>
</Document>
</kml>